StudyHours,Attendance,Resources,Extracurricular,Motivation,Internet,Gender,Age,LearningStyle,OnlineCourses,Discussions,AssignmentCompletion,EduTech,StressLevel,FinalGrade
19,64,1,0,0,1,0,19,2,8,1,59,0,1,3
19,64,1,0,0,1,0,23,3,16,0,90,0,1,2
19,64,1,0,0,1,0,28,1,19,0,67,1,1,0
19,64,1,1,0,1,0,19,2,8,1,59,0,1,3
19,64,1,1,0,1,0,23,3,16,0,90,0,1,2
19,64,1,1,0,1,0,28,1,19,0,67,1,1,0
19,64,0,1,0,1,0,19,2,8,1,59,0,1,3
19,64,0,1,0,1,0,23,3,16,0,90,0,1,2
19,64,0,1,0,1,0,28,1,19,0,67,1,1,0
19,64,1,1,1,1,0,19,2,8,1,59,0,1,3
19,64,1,1,1,1,0,23,3,16,0,90,0,1,2
19,64,1,1,1,1,0,28,1,19,0,67,1,1,0
19,64,2,0,1,1,0,19,2,8,1,59,0,1,3
19,64,2,0,1,1,0,23,3,16,0,90,0,1,2
19,64,2,0,1,1,0,28,1,19,0,67,1,1,0
24,98,1,1,1,1,1,29,0,3,0,65,1,2,3
24,98,1,1,1,1,1,27,0,0,1,71,1,0,1
24,98,1,1,1,1,1,25,1,5,1,61,1,0,0
24,98,0,0,2,1,1,29,0,3,0,65,1,2,3
24,98,0,0,2,1,1,27,0,0,1,71,1,0,1
24,98,0,0,2,1,1,25,1,5,1,61,1,0,0
24,98,0,0,1,1,1,29,0,3,0,65,1,2,3
24,98,0,0,1,1,1,27,0,0,1,71,1,0,1
24,98,0,0,1,1,1,25,1,5,1,61,1,0,0
24,98,1,1,2,1,1,29,0,3,0,65,1,2,3
24,98,1,1,2,1,1,27,0,0,1,71,1,0,1
24,98,1,1,2,1,1,25,1,5,1,61,1,0,0
24,98,0,0,0,0,1,29,0,3,0,65,1,2,3
24,98,0,0,0,0,1,27,0,0,1,71,1,0,1
24,98,0,0,0,0,1,25,1,5,1,61,1,0,0
29,89,1,1,1,1,1,20,0,17,1,75,1,2,3
29,89,1,1,1,1,1,23,2,4,1,59,1,2,3
29,89,1,1,1,1,1,23,0,1,0,96,1,2,2
29,89,0,1,0,1,1,20,0,17,1,75,1,2,3
29,89,0,1,0,1,1,23,2,4,1,59,1,2,3
29,89,0,1,0,1,1,23,0,1,0,96,1,2,2
19,92,1,1,1,1,0,19,3,12,1,63,1,2,3
19,92,1,1,1,1,0,26,2,3,0,86,1,2,0
19,92,2,0,1,1,0,19,3,12,1,63,1,2,3
19,92,2,0,1,1,0,26,2,3,0,86,1,2,0
19,92,2,1,1,1,0,19,3,12,1,63,1,2,3
19,92,2,1,1,1,0,26,2,3,0,86,1,2,0
19,92,1,0,2,1,0,19,3,12,1,63,1,2,3
19,92,1,0,2,1,0,26,2,3,0,86,1,2,0
29,84,0,1,0,1,1,21,2,10,1,57,1,2,3
29,84,0,1,0,1,1,28,2,14,0,74,1,0,2
29,84,1,1,1,1,1,21,2,10,1,57,1,2,3
29,84,1,1,1,1,1,28,2,14,0,74,1,0,2
25,78,2,1,1,1,1,18,2,17,0,91,1,2,2
25,78,0,1,1,1,1,18,2,17,0,91,1,2,2
17,94,2,0,2,1,1,19,3,3,1,74,0,2,0
17,94,1,0,0,1,1,19,3,3,1,74,0,2,0
17,94,1,0,1,1,1,19,3,3,1,74,0,2,0
17,94,1,1,1,1,1,19,3,3,1,74,0,2,0
17,94,0,0,2,1,1,19,3,3,1,74,0,2,0
17,94,0,1,0,1,1,19,3,3,1,74,0,2,0
17,94,2,1,1,1,1,19,3,3,1,74,0,2,0
23,98,1,1,1,1,1,27,2,5,0,65,0,2,2
23,98,1,1,1,1,1,27,1,4,1,100,0,2,0
23,98,0,0,1,1,1,27,2,5,0,65,0,2,2
23,98,0,0,1,1,1,27,1,4,1,100,0,2,0
23,98,2,0,1,1,1,27,2,5,0,65,0,2,2
23,98,2,0,1,1,1,27,1,4,1,100,0,2,0
23,98,2,1,0,1,1,27,2,5,0,65,0,2,2
23,98,2,1,0,1,1,27,1,4,1,100,0,2,0
17,80,2,0,1,0,1,18,1,13,1,68,0,2,1
17,80,2,0,1,0,1,24,3,11,1,64,1,0,2
17,80,2,0,1,0,1,23,0,7,1,68,1,1,0
17,80,2,0,1,0,1,27,0,12,0,64,1,0,0
17,80,2,0,1,0,1,29,1,0,1,73,1,0,1
17,80,1,0,1,1,1,18,1,13,1,68,0,2,1
17,80,1,0,1,1,1,24,3,11,1,64,1,0,2
17,80,1,0,1,1,1,23,0,7,1,68,1,1,0
17,80,1,0,1,1,1,27,0,12,0,64,1,0,0
17,80,1,0,1,1,1,29,1,0,1,73,1,0,1
17,80,2,0,1,1,1,18,1,13,1,68,0,2,1
17,80,2,0,1,1,1,24,3,11,1,64,1,0,2
17,80,2,0,1,1,1,23,0,7,1,68,1,1,0
17,80,2,0,1,1,1,27,0,12,0,64,1,0,0
17,80,2,0,1,1,1,29,1,0,1,73,1,0,1
17,97,2,1,0,1,1,27,1,9,0,64,1,1,0
17,97,2,1,0,1,1,25,2,20,1,70,1,1,1
17,97,1,0,1,1,1,27,1,9,0,64,1,1,0
17,97,1,0,1,1,1,25,2,20,1,70,1,1,1
17,97,2,0,2,1,1,27,1,9,0,64,1,1,0
17,97,2,0,2,1,1,25,2,20,1,70,1,1,1
17,97,2,1,1,0,1,27,1,9,0,64,1,1,0
17,97,2,1,1,0,1,25,2,20,1,70,1,1,1
17,97,2,0,1,1,1,27,1,9,0,64,1,1,0
17,97,2,0,1,1,1,25,2,20,1,70,1,1,1
17,97,0,1,1,1,1,27,1,9,0,64,1,1,0
17,97,0,1,1,1,1,25,2,20,1,70,1,1,1
17,97,1,1,1,1,1,27,1,9,0,64,1,1,0
17,97,1,1,1,1,1,25,2,20,1,70,1,1,1
17,97,0,0,2,0,1,27,1,9,0,64,1,1,0
17,97,0,0,2,0,1,25,2,20,1,70,1,1,1
17,97,1,1,0,1,1,27,1,9,0,64,1,1,0
17,97,1,1,0,1,1,25,2,20,1,70,1,1,1
21,83,1,1,0,1,1,27,2,1,0,66,0,1,0
21,83,1,1,0,1,1,27,0,7,1,77,1,1,0
21,83,1,1,2,1,1,27,2,1,0,66,0,1,0
21,83,1,1,2,1,1,27,0,7,1,77,1,1,0
21,83,0,0,0,1,1,27,2,1,0,66,0,1,0
21,83,0,0,0,1,1,27,0,7,1,77,1,1,0
21,83,0,1,0,1,1,27,2,1,0,66,0,1,0
21,83,0,1,0,1,1,27,0,7,1,77,1,1,0
21,83,2,1,2,1,1,27,2,1,0,66,0,1,0
21,83,2,1,2,1,1,27,0,7,1,77,1,1,0
21,83,2,0,1,1,1,27,2,1,0,66,0,1,0
21,83,2,0,1,1,1,27,0,7,1,77,1,1,0
9,82,1,1,1,1,1,18,3,17,0,55,1,2,3
9,82,1,1,1,1,1,25,3,13,0,73,1,2,3
10,78,2,1,1,1,1,27,2,5,0,71,1,2,2
10,78,2,1,1,1,1,20,3,17,0,85,1,2,1
17,68,1,0,1,1,0,19,3,0,1,75,1,1,3
17,68,1,0,1,1,0,24,2,4,1,87,1,2,2
17,68,1,0,1,1,0,20,3,19,1,88,1,1,3
17,68,1,1,1,1,0,19,3,0,1,75,1,1,3
17,68,1,1,1,1,0,24,2,4,1,87,1,2,2
17,68,1,1,1,1,0,20,3,19,1,88,1,1,3
17,68,1,0,2,1,0,19,3,0,1,75,1,1,3
17,68,1,0,2,1,0,24,2,4,1,87,1,2,2
17,68,1,0,2,1,0,20,3,19,1,88,1,1,3
17,68,2,1,1,1,0,19,3,0,1,75,1,1,3
17,68,2,1,1,1,0,24,2,4,1,87,1,2,2
17,68,2,1,1,1,0,20,3,19,1,88,1,1,3
17,68,0,1,2,1,0,19,3,0,1,75,1,1,3
17,68,0,1,2,1,0,24,2,4,1,87,1,2,2
17,68,0,1,2,1,0,20,3,19,1,88,1,1,3
22,70,1,1,1,1,0,22,3,1,1,74,1,2,3
22,70,1,0,0,1,0,22,3,1,1,74,1,2,3
22,70,2,1,2,1,0,22,3,1,1,74,1,2,3
22,70,1,1,0,1,0,22,3,1,1,74,1,2,3
22,70,2,1,1,1,0,22,3,1,1,74,1,2,3
15,80,1,1,0,1,0,23,2,2,0,50,0,1,2
15,80,1,1,0,1,0,21,2,7,1,87,1,0,0
15,80,1,1,0,1,0,23,1,13,1,56,1,2,1
15,80,2,0,1,1,0,23,2,2,0,50,0,1,2
15,80,2,0,1,1,0,21,2,7,1,87,1,0,0
15,80,2,0,1,1,0,23,1,13,1,56,1,2,1
15,80,0,0,2,1,0,23,2,2,0,50,0,1,2
15,80,0,0,2,1,0,21,2,7,1,87,1,0,0
15,80,0,0,2,1,0,23,1,13,1,56,1,2,1
15,80,1,0,1,1,0,23,2,2,0,50,0,1,2
15,80,1,0,1,1,0,21,2,7,1,87,1,0,0
15,80,1,0,1,1,0,23,1,13,1,56,1,2,1
15,80,1,1,1,1,0,23,2,2,0,50,0,1,2
15,80,1,1,1,1,0,21,2,7,1,87,1,0,0
15,80,1,1,1,1,0,23,1,13,1,56,1,2,1
12,75,2,1,1,1,1,21,0,16,1,66,1,2,1
12,75,2,1,1,1,1,22,2,20,1,55,1,1,3
29,78,1,0,2,1,0,28,0,2,1,67,1,2,0
29,78,2,1,1,1,0,28,0,2,1,67,1,2,0
19,99,2,0,1,1,1,25,3,13,1,91,1,0,2
19,99,1,0,1,1,1,25,3,13,1,91,1,0,2
19,99,2,0,0,1,1,25,3,13,1,91,1,0,2
19,99,2,1,0,1,1,25,3,13,1,91,1,0,2
19,99,0,0,1,1,1,25,3,13,1,91,1,0,2
19,99,1,1,0,1,1,25,3,13,1,91,1,0,2
19,99,1,1,1,1,1,25,3,13,1,91,1,0,2
19,99,0,0,2,1,1,25,3,13,1,91,1,0,2
19,99,2,1,1,1,1,25,3,13,1,91,1,0,2
20,74,2,0,0,1,0,22,3,3,1,93,1,2,0
20,74,2,0,0,1,0,24,1,20,1,68,0,1,2
20,74,2,0,0,1,0,29,0,13,0,80,0,0,2
20,74,1,1,0,1,0,22,3,3,1,93,1,2,0
20,74,1,1,0,1,0,24,1,20,1,68,0,1,2
20,74,1,1,0,1,0,29,0,13,0,80,0,0,2
20,74,2,1,1,0,0,22,3,3,1,93,1,2,0
20,74,2,1,1,0,0,24,1,20,1,68,0,1,2
20,74,2,1,1,0,0,29,0,13,0,80,0,0,2
20,74,1,1,2,1,0,22,3,3,1,93,1,2,0
20,74,1,1,2,1,0,24,1,20,1,68,0,1,2
20,74,1,1,2,1,0,29,0,13,0,80,0,0,2
20,74,0,1,2,1,0,22,3,3,1,93,1,2,0
20,74,0,1,2,1,0,24,1,20,1,68,0,1,2
20,74,0,1,2,1,0,29,0,13,0,80,0,0,2
11,78,1,1,2,1,1,25,2,4,1,59,0,1,1
11,78,1,1,2,1,1,27,0,15,0,69,1,2,1
11,78,1,1,2,1,1,18,0,13,0,62,1,2,0
11,78,1,1,2,1,1,19,2,3,1,80,1,2,0
11,78,1,1,2,1,1,21,3,8,1,96,1,1,1
11,78,2,1,1,1,1,25,2,4,1,59,0,1,1
11,78,2,1,1,1,1,27,0,15,0,69,1,2,1
11,78,2,1,1,1,1,18,0,13,0,62,1,2,0
11,78,2,1,1,1,1,19,2,3,1,80,1,2,0
11,78,2,1,1,1,1,21,3,8,1,96,1,1,1
17,65,2,1,1,1,0,28,2,12,0,88,0,0,1
17,65,2,1,1,1,0,21,1,16,0,79,1,2,2
17,65,0,1,1,1,0,28,2,12,0,88,0,0,1
17,65,0,1,1,1,0,21,1,16,0,79,1,2,2
17,65,1,0,1,1,0,28,2,12,0,88,0,0,1
17,65,1,0,1,1,0,21,1,16,0,79,1,2,2
21,62,0,1,2,1,1,26,2,9,1,65,0,2,3
21,62,0,0,2,1,1,26,2,9,1,65,0,2,3
21,62,1,0,1,1,1,26,2,9,1,65,0,2,3
13,91,1,0,1,1,0,19,0,7,1,64,0,1,2
13,91,1,0,1,1,0,25,3,12,0,73,0,2,1
13,91,1,0,1,1,0,21,0,13,1,98,0,2,0
13,91,1,0,1,1,0,29,1,3,1,66,1,2,0
13,91,1,0,1,1,0,28,1,11,1,85,1,2,3
13,91,1,0,1,1,0,19,2,18,0,89,0,2,2
13,91,1,1,1,1,0,19,0,7,1,64,0,1,2
13,91,1,1,1,1,0,25,3,12,0,73,0,2,1
13,91,1,1,1,1,0,21,0,13,1,98,0,2,0
13,91,1,1,1,1,0,29,1,3,1,66,1,2,0
13,91,1,1,1,1,0,28,1,11,1,85,1,2,3
13,91,1,1,1,1,0,19,2,18,0,89,0,2,2
22,83,2,1,1,1,1,28,2,11,0,96,1,2,1
22,83,1,1,2,1,1,28,2,11,0,96,1,2,1
22,83,1,1,2,0,1,28,2,11,0,96,1,2,1
22,83,0,1,1,1,1,28,2,11,0,96,1,2,1
16,90,1,0,1,1,0,19,1,0,1,90,0,2,3
16,90,1,0,2,0,0,19,1,0,1,90,0,2,3
16,90,2,1,1,1,0,19,1,0,1,90,0,2,3
16,90,2,1,2,1,0,19,1,0,1,90,0,2,3
18,66,2,0,0,1,1,22,1,3,0,50,1,1,1
18,66,2,0,0,1,1,27,2,11,0,57,1,0,2
18,66,1,0,1,1,1,22,1,3,0,50,1,1,1
18,66,1,0,1,1,1,27,2,11,0,57,1,0,2
18,66,2,0,1,1,1,22,1,3,0,50,1,1,1
18,66,2,0,1,1,1,27,2,11,0,57,1,0,2
18,66,2,1,1,1,1,22,1,3,0,50,1,1,1
18,66,2,1,1,1,1,27,2,11,0,57,1,0,2
18,66,1,1,0,0,1,22,1,3,0,50,1,1,1
18,66,1,1,0,0,1,27,2,11,0,57,1,0,2
18,66,2,1,1,0,1,22,1,3,0,50,1,1,1
18,66,2,1,1,0,1,27,2,11,0,57,1,0,2
18,66,1,1,2,1,1,22,1,3,0,50,1,1,1
18,66,1,1,2,1,1,27,2,11,0,57,1,0,2
18,66,1,1,1,1,1,22,1,3,0,50,1,1,1
18,66,1,1,1,1,1,27,2,11,0,57,1,0,2
16,83,1,0,1,1,0,27,1,12,1,52,0,1,2
16,83,1,0,1,1,0,26,1,0,0,96,1,0,2
16,83,2,1,0,1,0,27,1,12,1,52,0,1,2
16,83,2,1,0,1,0,26,1,0,0,96,1,0,2
16,83,1,1,1,1,0,27,1,12,1,52,0,1,2
16,83,1,1,1,1,0,26,1,0,0,96,1,0,2
16,83,1,1,2,1,0,27,1,12,1,52,0,1,2
16,83,1,1,2,1,0,26,1,0,0,96,1,0,2
16,83,1,1,0,1,0,27,1,12,1,52,0,1,2
16,83,1,1,0,1,0,26,1,0,0,96,1,0,2
16,83,1,0,0,1,0,27,1,12,1,52,0,1,2
16,83,1,0,0,1,0,26,1,0,0,96,1,0,2
31,70,2,1,1,1,1,28,2,1,0,52,1,2,1
20,69,1,1,1,1,1,21,3,3,1,87,1,0,1
20,69,1,1,1,1,1,18,3,9,0,82,0,2,0
20,69,2,1,1,1,1,21,3,3,1,87,1,0,1
20,69,2,1,1,1,1,18,3,9,0,82,0,2,0
20,69,2,0,0,1,1,21,3,3,1,87,1,0,1
20,69,2,0,0,1,1,18,3,9,0,82,0,2,0
20,69,1,1,2,1,1,21,3,3,1,87,1,0,1
20,69,1,1,2,1,1,18,3,9,0,82,0,2,0
14,60,1,0,1,1,0,18,0,6,0,88,1,2,3
14,60,0,1,0,1,0,18,0,6,0,88,1,2,3
25,65,1,0,1,1,0,25,3,0,1,62,0,1,3
25,65,1,0,1,1,0,28,3,12,1,100,1,0,2
25,65,2,1,2,1,0,25,3,0,1,62,0,1,3
25,65,2,1,2,1,0,28,3,12,1,100,1,0,2
25,65,0,1,1,1,0,25,3,0,1,62,0,1,3
25,65,0,1,1,1,0,28,3,12,1,100,1,0,2
25,65,1,1,1,1,0,25,3,0,1,62,0,1,3
25,65,1,1,1,1,0,28,3,12,1,100,1,0,2
25,65,2,1,0,0,0,25,3,0,1,62,0,1,3
25,65,2,1,0,0,0,28,3,12,1,100,1,0,2
21,65,0,1,0,1,0,20,3,1,1,54,1,0,3
21,65,0,1,0,1,0,24,1,2,1,96,0,2,1
21,65,2,1,0,0,0,20,3,1,1,54,1,0,3
21,65,2,1,0,0,0,24,1,2,1,96,0,2,1
8,99,1,0,0,1,0,28,2,9,1,99,0,1,0
8,99,1,0,0,1,0,23,1,4,1,89,1,1,3
8,99,1,0,0,1,0,20,3,6,1,59,0,0,0
8,99,2,1,1,1,0,28,2,9,1,99,0,1,0
8,99,2,1,1,1,0,23,1,4,1,89,1,1,3
8,99,2,1,1,1,0,20,3,6,1,59,0,0,0
12,72,1,1,1,1,0,28,1,15,1,58,0,1,0
12,72,1,1,1,1,0,26,2,20,1,51,1,2,3
12,72,1,1,1,1,0,29,1,5,0,61,1,1,1
12,72,0,1,2,1,0,28,1,15,1,58,0,1,0
12,72,0,1,2,1,0,26,2,20,1,51,1,2,3
12,72,0,1,2,1,0,29,1,5,0,61,1,1,1
12,72,1,0,2,1,0,28,1,15,1,58,0,1,0
12,72,1,0,2,1,0,26,2,20,1,51,1,2,3
12,72,1,0,2,1,0,29,1,5,0,61,1,1,1
12,72,1,0,0,1,0,28,1,15,1,58,0,1,0
12,72,1,0,0,1,0,26,2,20,1,51,1,2,3
12,72,1,0,0,1,0,29,1,5,0,61,1,1,1
21,65,1,1,0,1,1,21,0,0,0,93,1,1,0
21,65,0,1,2,0,1,21,0,0,0,93,1,1,0
21,65,1,0,2,1,1,21,0,0,0,93,1,1,0
21,65,2,0,0,1,1,21,0,0,0,93,1,1,0
21,65,1,1,1,1,1,21,0,0,0,93,1,1,0
21,65,1,0,1,1,1,21,0,0,0,93,1,1,0
21,65,2,1,2,1,1,21,0,0,0,93,1,1,0
21,65,2,0,1,1,1,21,0,0,0,93,1,1,0
24,68,1,0,0,1,1,29,2,13,1,78,1,1,2
24,68,1,0,1,1,1,29,2,13,1,78,1,1,2
24,68,1,1,2,1,1,29,2,13,1,78,1,1,2
24,68,1,1,0,1,1,29,2,13,1,78,1,1,2
24,68,2,1,0,1,1,29,2,13,1,78,1,1,2
24,68,1,1,1,1,1,29,2,13,1,78,1,1,2
24,68,1,1,1,0,1,29,2,13,1,78,1,1,2
24,68,0,1,0,1,1,29,2,13,1,78,1,1,2
21,84,1,1,0,1,0,23,0,11,0,79,1,2,2
21,84,0,0,0,1,0,23,0,11,0,79,1,2,2
21,84,1,0,1,1,0,23,0,11,0,79,1,2,2
21,84,2,1,0,1,0,23,0,11,0,79,1,2,2
21,84,0,1,0,1,0,23,0,11,0,79,1,2,2
18,94,2,1,1,1,1,21,0,0,1,83,1,2,0
18,94,2,1,1,1,1,29,1,17,1,55,1,2,3
18,94,1,1,2,1,1,21,0,0,1,83,1,2,0
18,94,1,1,2,1,1,29,1,17,1,55,1,2,3
18,94,2,1,0,1,1,21,0,0,1,83,1,2,0
18,94,2,1,0,1,1,29,1,17,1,55,1,2,3
18,94,1,1,1,1,1,21,0,0,1,83,1,2,0
18,94,1,1,1,1,1,29,1,17,1,55,1,2,3
18,94,1,0,0,1,1,21,0,0,1,83,1,2,0
18,94,1,0,0,1,1,29,1,17,1,55,1,2,3
18,94,1,1,0,0,1,21,0,0,1,83,1,2,0
18,94,1,1,0,0,1,29,1,17,1,55,1,2,3
11,98,1,1,0,1,1,25,0,11,0,77,1,0,1
11,98,1,1,0,1,1,25,2,7,1,94,1,2,3
11,98,1,1,0,1,1,26,0,12,0,58,0,2,0
11,98,2,1,2,1,1,25,0,11,0,77,1,0,1
11,98,2,1,2,1,1,25,2,7,1,94,1,2,3
11,98,2,1,2,1,1,26,0,12,0,58,0,2,0
16,70,1,1,1,1,1,28,2,7,1,94,1,0,1
16,70,1,1,1,1,1,22,0,20,0,89,1,2,1
16,70,1,1,1,1,1,19,2,20,1,53,1,2,0
16,70,2,1,2,1,1,28,2,7,1,94,1,0,1
16,70,2,1,2,1,1,22,0,20,0,89,1,2,1
16,70,2,1,2,1,1,19,2,20,1,53,1,2,0
17,78,1,1,1,1,0,24,1,14,1,84,0,0,2
17,78,1,1,1,1,0,26,3,9,0,90,1,2,0
17,78,1,1,1,1,0,29,1,20,1,58,0,2,0
17,78,2,0,1,1,0,24,1,14,1,84,0,0,2
17,78,2,0,1,1,0,26,3,9,0,90,1,2,0
17,78,2,0,1,1,0,29,1,20,1,58,0,2,0
17,78,1,0,1,0,0,24,1,14,1,84,0,0,2
17,78,1,0,1,0,0,26,3,9,0,90,1,2,0
17,78,1,0,1,0,0,29,1,20,1,58,0,2,0
17,78,1,1,0,1,0,24,1,14,1,84,0,0,2
17,78,1,1,0,1,0,26,3,9,0,90,1,2,0
17,78,1,1,0,1,0,29,1,20,1,58,0,2,0
26,61,0,1,1,1,0,28,2,20,0,69,1,2,0
26,61,1,1,2,1,0,28,2,20,0,69,1,2,0
26,61,2,1,1,0,0,28,2,20,0,69,1,2,0
22,86,1,1,0,1,1,23,0,9,0,60,1,2,3
22,86,1,1,0,1,1,24,3,6,1,73,1,2,2
22,86,1,1,0,1,1,19,1,8,0,100,1,0,0
22,86,1,1,0,1,1,24,3,7,1,86,1,2,0
22,86,0,0,1,1,1,23,0,9,0,60,1,2,3
22,86,0,0,1,1,1,24,3,6,1,73,1,2,2
22,86,0,0,1,1,1,19,1,8,0,100,1,0,0
22,86,0,0,1,1,1,24,3,7,1,86,1,2,0
22,86,1,1,2,1,1,23,0,9,0,60,1,2,3
22,86,1,1,2,1,1,24,3,6,1,73,1,2,2
22,86,1,1,2,1,1,19,1,8,0,100,1,0,0
22,86,1,1,2,1,1,24,3,7,1,86,1,2,0
22,86,1,1,1,1,1,23,0,9,0,60,1,2,3
22,86,1,1,1,1,1,24,3,6,1,73,1,2,2
22,86,1,1,1,1,1,19,1,8,0,100,1,0,0
22,86,1,1,1,1,1,24,3,7,1,86,1,2,0
22,86,1,0,0,1,1,23,0,9,0,60,1,2,3
22,86,1,0,0,1,1,24,3,6,1,73,1,2,2
22,86,1,0,0,1,1,19,1,8,0,100,1,0,0
22,86,1,0,0,1,1,24,3,7,1,86,1,2,0
22,86,1,0,2,1,1,23,0,9,0,60,1,2,3
22,86,1,0,2,1,1,24,3,6,1,73,1,2,2
22,86,1,0,2,1,1,19,1,8,0,100,1,0,0
22,86,1,0,2,1,1,24,3,7,1,86,1,2,0
9,77,1,0,1,1,1,24,3,4,1,63,1,0,1
9,77,1,0,1,1,1,18,2,3,1,61,1,0,2
9,77,1,0,1,1,1,28,1,16,0,51,1,2,2
9,77,1,0,0,1,1,24,3,4,1,63,1,0,1
9,77,1,0,0,1,1,18,2,3,1,61,1,0,2
9,77,1,0,0,1,1,28,1,16,0,51,1,2,2
9,77,2,1,1,1,1,24,3,4,1,63,1,0,1
9,77,2,1,1,1,1,18,2,3,1,61,1,0,2
9,77,2,1,1,1,1,28,1,16,0,51,1,2,2
9,77,0,0,1,1,1,24,3,4,1,63,1,0,1
9,77,0,0,1,1,1,18,2,3,1,61,1,0,2
9,77,0,0,1,1,1,28,1,16,0,51,1,2,2
22,71,1,1,0,1,1,20,0,18,0,71,1,2,3
22,71,1,0,2,1,1,20,0,18,0,71,1,2,3
22,71,1,0,0,1,1,20,0,18,0,71,1,2,3
22,71,1,1,1,1,1,20,0,18,0,71,1,2,3
22,71,2,1,1,1,1,20,0,18,0,71,1,2,3
22,71,0,1,1,1,1,20,0,18,0,71,1,2,3
18,68,1,0,1,1,1,26,0,20,0,93,0,2,0
18,68,1,0,1,1,1,18,3,20,0,55,0,0,0
18,68,2,0,0,1,1,26,0,20,0,93,0,2,0
18,68,2,0,0,1,1,18,3,20,0,55,0,0,0
18,68,2,1,0,1,1,26,0,20,0,93,0,2,0
18,68,2,1,0,1,1,18,3,20,0,55,0,0,0
18,68,2,1,2,1,1,26,0,20,0,93,0,2,0
18,68,2,1,2,1,1,18,3,20,0,55,0,0,0
18,68,1,1,2,1,1,26,0,20,0,93,0,2,0
18,68,1,1,2,1,1,18,3,20,0,55,0,0,0
18,68,0,1,1,1,1,26,0,20,0,93,0,2,0
18,68,0,1,1,1,1,18,3,20,0,55,0,0,0
18,68,2,0,1,1,1,26,0,20,0,93,0,2,0
18,68,2,0,1,1,1,18,3,20,0,55,0,0,0
16,86,1,1,1,1,1,26,1,10,1,92,1,1,0
16,86,1,1,1,1,1,18,2,15,1,100,1,1,0
16,86,1,1,1,1,1,29,1,15,0,60,1,2,0
16,86,2,0,1,1,1,26,1,10,1,92,1,1,0
16,86,2,0,1,1,1,18,2,15,1,100,1,1,0
16,86,2,0,1,1,1,29,1,15,0,60,1,2,0
16,86,1,1,0,1,1,26,1,10,1,92,1,1,0
16,86,1,1,0,1,1,18,2,15,1,100,1,1,0
16,86,1,1,0,1,1,29,1,15,0,60,1,2,0
16,86,1,1,2,1,1,26,1,10,1,92,1,1,0
16,86,1,1,2,1,1,18,2,15,1,100,1,1,0
16,86,1,1,2,1,1,29,1,15,0,60,1,2,0
16,86,1,0,2,1,1,26,1,10,1,92,1,1,0
16,86,1,0,2,1,1,18,2,15,1,100,1,1,0
16,86,1,0,2,1,1,29,1,15,0,60,1,2,0
16,86,0,0,0,1,1,26,1,10,1,92,1,1,0
16,86,0,0,0,1,1,18,2,15,1,100,1,1,0
16,86,0,0,0,1,1,29,1,15,0,60,1,2,0
24,77,0,0,1,1,0,22,0,13,1,99,0,0,2
24,77,0,0,1,1,0,19,1,13,0,82,1,2,3
24,77,0,0,1,1,0,26,3,16,0,76,1,0,2
24,77,0,0,1,1,0,19,2,10,1,71,0,1,2
24,77,2,0,2,1,0,22,0,13,1,99,0,0,2
24,77,2,0,2,1,0,19,1,13,0,82,1,2,3
24,77,2,0,2,1,0,26,3,16,0,76,1,0,2
24,77,2,0,2,1,0,19,2,10,1,71,0,1,2
24,77,1,0,2,1,0,22,0,13,1,99,0,0,2
24,77,1,0,2,1,0,19,1,13,0,82,1,2,3
24,77,1,0,2,1,0,26,3,16,0,76,1,0,2
24,77,1,0,2,1,0,19,2,10,1,71,0,1,2
26,67,2,1,0,1,0,26,1,0,1,91,0,0,1
26,67,2,1,0,1,0,18,0,15,0,75,1,1,3
26,67,2,1,0,1,0,19,0,0,1,100,1,2,2
26,67,2,0,1,1,0,26,1,0,1,91,0,0,1
26,67,2,0,1,1,0,18,0,15,0,75,1,1,3
26,67,2,0,1,1,0,19,0,0,1,100,1,2,2
26,67,1,1,1,1,0,26,1,0,1,91,0,0,1
26,67,1,1,1,1,0,18,0,15,0,75,1,1,3
26,67,1,1,1,1,0,19,0,0,1,100,1,2,2
26,67,1,0,1,1,0,26,1,0,1,91,0,0,1
26,67,1,0,1,1,0,18,0,15,0,75,1,1,3
26,67,1,0,1,1,0,19,0,0,1,100,1,2,2
26,67,0,1,1,1,0,26,1,0,1,91,0,0,1
26,67,0,1,1,1,0,18,0,15,0,75,1,1,3
26,67,0,1,1,1,0,19,0,0,1,100,1,2,2
26,88,2,1,1,1,1,28,3,4,1,98,1,1,2
26,88,2,1,1,1,1,19,1,9,0,55,1,2,3
26,88,2,1,1,1,1,28,2,4,1,54,1,2,3
26,88,0,0,0,1,1,28,3,4,1,98,1,1,2
26,88,0,0,0,1,1,19,1,9,0,55,1,2,3
26,88,0,0,0,1,1,28,2,4,1,54,1,2,3
26,88,2,0,1,1,1,28,3,4,1,98,1,1,2
26,88,2,0,1,1,1,19,1,9,0,55,1,2,3
26,88,2,0,1,1,1,28,2,4,1,54,1,2,3
26,88,1,1,1,1,1,28,3,4,1,98,1,1,2
26,88,1,1,1,1,1,19,1,9,0,55,1,2,3
26,88,1,1,1,1,1,28,2,4,1,54,1,2,3
15,83,2,0,0,0,0,20,1,5,0,50,1,1,0
15,83,2,0,0,0,0,22,2,9,1,69,1,1,2
15,83,0,1,1,1,0,20,1,5,0,50,1,1,0
15,83,0,1,1,1,0,22,2,9,1,69,1,1,2
15,83,1,0,1,1,0,20,1,5,0,50,1,1,0
15,83,1,0,1,1,0,22,2,9,1,69,1,1,2
15,83,2,1,1,1,0,20,1,5,0,50,1,1,0
15,83,2,1,1,1,0,22,2,9,1,69,1,1,2
15,83,2,0,0,1,0,20,1,5,0,50,1,1,0
15,83,2,0,0,1,0,22,2,9,1,69,1,1,2
15,83,0,1,0,1,0,20,1,5,0,50,1,1,0
15,83,0,1,0,1,0,22,2,9,1,69,1,1,2
22,65,0,0,1,1,0,24,0,11,1,79,1,2,3
22,65,2,1,1,1,0,24,0,11,1,79,1,2,3
22,65,1,1,0,1,0,24,0,11,1,79,1,2,3
22,65,1,0,0,1,0,24,0,11,1,79,1,2,3
22,65,1,1,2,1,0,24,0,11,1,79,1,2,3
22,65,1,0,2,1,0,24,0,11,1,79,1,2,3
26,91,0,1,1,1,1,21,0,5,1,95,0,1,2
26,91,0,1,1,1,1,23,3,18,0,54,0,2,0
26,91,0,1,1,1,1,22,3,17,1,80,1,2,0
26,91,1,1,0,1,1,21,0,5,1,95,0,1,2
26,91,1,1,0,1,1,23,3,18,0,54,0,2,0
26,91,1,1,0,1,1,22,3,17,1,80,1,2,0
26,91,1,0,0,1,1,21,0,5,1,95,0,1,2
26,91,1,0,0,1,1,23,3,18,0,54,0,2,0
26,91,1,0,0,1,1,22,3,17,1,80,1,2,0
17,87,1,0,1,1,0,26,0,3,0,66,1,0,3
17,87,1,0,1,1,0,24,2,18,0,86,1,0,0
17,87,1,1,1,1,0,26,0,3,0,66,1,0,3
17,87,1,1,1,1,0,24,2,18,0,86,1,0,0
17,87,1,1,2,1,0,26,0,3,0,66,1,0,3
17,87,1,1,2,1,0,24,2,18,0,86,1,0,0
17,87,2,1,1,1,0,26,0,3,0,66,1,0,3
17,87,2,1,1,1,0,24,2,18,0,86,1,0,0
17,87,2,1,0,1,0,26,0,3,0,66,1,0,3
17,87,2,1,0,1,0,24,2,18,0,86,1,0,0
17,87,0,1,1,1,0,26,0,3,0,66,1,0,3
17,87,0,1,1,1,0,24,2,18,0,86,1,0,0
17,87,1,1,0,1,0,26,0,3,0,66,1,0,3
17,87,1,1,0,1,0,24,2,18,0,86,1,0,0
19,65,1,1,0,1,1,21,0,16,1,60,1,2,3
19,65,2,1,1,1,1,21,0,16,1,60,1,2,3
19,65,0,1,1,1,1,21,0,16,1,60,1,2,3
19,65,2,1,0,1,1,21,0,16,1,60,1,2,3
19,65,1,0,0,1,1,21,0,16,1,60,1,2,3
19,65,1,0,1,1,1,21,0,16,1,60,1,2,3
19,65,0,0,1,1,1,21,0,16,1,60,1,2,3
19,65,1,1,1,1,1,21,0,16,1,60,1,2,3
13,88,2,1,2,1,1,29,1,14,1,84,1,0,0
13,88,2,1,2,1,1,24,1,6,1,79,0,2,3
13,88,1,1,1,1,1,29,1,14,1,84,1,0,0
13,88,1,1,1,1,1,24,1,6,1,79,0,2,3
13,78,2,1,2,1,1,24,3,2,1,96,0,2,3
13,78,2,1,2,1,1,25,3,16,0,62,0,2,3
13,78,2,1,2,1,1,21,3,0,1,63,0,2,3
13,78,2,1,2,1,1,18,1,17,1,100,1,1,1
13,78,1,1,1,1,1,24,3,2,1,96,0,2,3
13,78,1,1,1,1,1,25,3,16,0,62,0,2,3
13,78,1,1,1,1,1,21,3,0,1,63,0,2,3
13,78,1,1,1,1,1,18,1,17,1,100,1,1,1
13,78,0,1,0,1,1,24,3,2,1,96,0,2,3
13,78,0,1,0,1,1,25,3,16,0,62,0,2,3
13,78,0,1,0,1,1,21,3,0,1,63,0,2,3
13,78,0,1,0,1,1,18,1,17,1,100,1,1,1
28,66,2,1,1,1,1,27,3,7,0,79,1,2,0
28,66,2,1,1,1,1,20,3,14,1,63,1,1,0
28,66,2,1,1,1,1,22,2,5,0,85,1,1,3
28,66,1,1,1,1,1,27,3,7,0,79,1,2,0
28,66,1,1,1,1,1,20,3,14,1,63,1,1,0
28,66,1,1,1,1,1,22,2,5,0,85,1,1,3
28,66,1,0,0,1,1,27,3,7,0,79,1,2,0
28,66,1,0,0,1,1,20,3,14,1,63,1,1,0
28,66,1,0,0,1,1,22,2,5,0,85,1,1,3
20,86,1,1,1,1,1,24,3,8,1,89,0,1,3
20,86,0,1,1,1,1,24,3,8,1,89,0,1,3
20,86,1,1,2,1,1,24,3,8,1,89,0,1,3
20,86,2,0,1,1,1,24,3,8,1,89,0,1,3
20,86,1,0,0,1,1,24,3,8,1,89,0,1,3
20,86,1,1,0,1,1,24,3,8,1,89,0,1,3
20,86,1,0,1,1,1,24,3,8,1,89,0,1,3
26,75,2,1,2,1,1,28,2,18,1,66,1,2,0
26,75,1,0,0,1,1,28,2,18,1,66,1,2,0
26,75,1,0,1,1,1,28,2,18,1,66,1,2,0
26,75,1,1,1,1,1,28,2,18,1,66,1,2,0
26,75,0,1,1,1,1,28,2,18,1,66,1,2,0
26,75,2,0,1,1,1,28,2,18,1,66,1,2,0
22,98,2,0,0,0,0,19,1,20,0,52,0,2,1
22,98,2,0,0,0,0,29,0,16,1,58,1,2,2
22,98,0,1,1,0,0,19,1,20,0,52,0,2,1
22,98,0,1,1,0,0,29,0,16,1,58,1,2,2
22,98,0,1,1,1,0,19,1,20,0,52,0,2,1
22,98,0,1,1,1,0,29,0,16,1,58,1,2,2
22,98,1,0,0,1,0,19,1,20,0,52,0,2,1
22,98,1,0,0,1,0,29,0,16,1,58,1,2,2
22,98,1,1,1,1,0,19,1,20,0,52,0,2,1
22,98,1,1,1,1,0,29,0,16,1,58,1,2,2
22,98,1,1,0,1,0,19,1,20,0,52,0,2,1
22,98,1,1,0,1,0,29,0,16,1,58,1,2,2
22,98,0,0,1,1,0,19,1,20,0,52,0,2,1
22,98,0,0,1,1,0,29,0,16,1,58,1,2,2
22,98,1,0,2,1,0,19,1,20,0,52,0,2,1
22,98,1,0,2,1,0,29,0,16,1,58,1,2,2
16,73,1,0,1,1,1,24,1,20,1,68,0,1,2
16,73,0,1,1,1,1,24,1,20,1,68,0,1,2
16,73,1,1,0,1,1,24,1,20,1,68,0,1,2
16,73,1,1,1,1,1,24,1,20,1,68,0,1,2
16,73,2,1,1,1,1,24,1,20,1,68,0,1,2
16,73,2,1,0,1,1,24,1,20,1,68,0,1,2
29,96,0,1,1,1,1,28,1,5,1,90,0,0,2
29,96,0,1,1,1,1,19,3,1,1,72,0,1,0
29,96,0,1,1,1,1,20,2,20,1,50,0,2,1
29,96,2,1,0,1,1,28,1,5,1,90,0,0,2
29,96,2,1,0,1,1,19,3,1,1,72,0,1,0
29,96,2,1,0,1,1,20,2,20,1,50,0,2,1
29,96,2,0,2,0,1,28,1,5,1,90,0,0,2
29,96,2,0,2,0,1,19,3,1,1,72,0,1,0
29,96,2,0,2,0,1,20,2,20,1,50,0,2,1
29,96,1,0,0,1,1,28,1,5,1,90,0,0,2
29,96,1,0,0,1,1,19,3,1,1,72,0,1,0
29,96,1,0,0,1,1,20,2,20,1,50,0,2,1
20,71,1,1,1,1,0,25,2,14,0,68,1,0,1
20,71,1,0,2,1,0,25,2,14,0,68,1,0,1
20,71,1,1,1,0,0,25,2,14,0,68,1,0,1
20,71,1,0,1,1,0,25,2,14,0,68,1,0,1
29,92,1,0,1,1,0,26,2,19,1,96,1,2,2
29,92,1,0,1,1,0,24,2,8,1,72,1,1,0
29,92,1,1,0,1,0,26,2,19,1,96,1,2,2
29,92,1,1,0,1,0,24,2,8,1,72,1,1,0
25,70,1,0,1,1,0,23,0,19,1,65,1,2,1
25,70,1,0,1,1,0,24,0,7,1,75,0,0,1
25,70,1,1,0,0,0,23,0,19,1,65,1,2,1
25,70,1,1,0,0,0,24,0,7,1,75,0,0,1
25,70,1,0,0,1,0,23,0,19,1,65,1,2,1
25,70,1,0,0,1,0,24,0,7,1,75,0,0,1
25,70,0,0,1,0,0,23,0,19,1,65,1,2,1
25,70,0,0,1,0,0,24,0,7,1,75,0,0,1
21,77,1,1,1,1,1,23,3,20,1,73,0,2,3
21,77,1,1,1,1,1,18,0,1,1,97,1,2,3
21,77,0,1,1,1,1,23,3,20,1,73,0,2,3
21,77,0,1,1,1,1,18,0,1,1,97,1,2,3
21,77,2,1,0,0,1,23,3,20,1,73,0,2,3
21,77,2,1,0,0,1,18,0,1,1,97,1,2,3
21,77,1,0,2,1,1,23,3,20,1,73,0,2,3
21,77,1,0,2,1,1,18,0,1,1,97,1,2,3
21,77,0,1,0,1,1,23,3,20,1,73,0,2,3
21,77,0,1,0,1,1,18,0,1,1,97,1,2,3
21,77,1,0,0,1,1,23,3,20,1,73,0,2,3
21,77,1,0,0,1,1,18,0,1,1,97,1,2,3
18,81,0,1,1,1,0,25,2,2,1,65,1,0,0
18,81,0,1,1,1,0,23,0,3,0,95,1,2,1
18,81,0,1,2,1,0,25,2,2,1,65,1,0,0
18,81,0,1,2,1,0,23,0,3,0,95,1,2,1
18,81,1,1,0,1,0,25,2,2,1,65,1,0,0
18,81,1,1,0,1,0,23,0,3,0,95,1,2,1
18,81,1,1,1,1,0,25,2,2,1,65,1,0,0
18,81,1,1,1,1,0,23,0,3,0,95,1,2,1
8,61,1,1,1,1,1,25,3,8,1,70,0,2,1
8,61,1,1,1,1,1,27,3,11,0,92,0,0,1
19,69,2,1,2,1,1,18,0,1,0,71,0,0,0
19,69,2,1,2,1,1,28,1,2,0,68,0,2,1
19,69,1,1,2,1,1,18,0,1,0,71,0,0,0
19,69,1,1,2,1,1,28,1,2,0,68,0,2,1
19,69,1,1,1,0,1,18,0,1,0,71,0,0,0
19,69,1,1,1,0,1,28,1,2,0,68,0,2,1
19,69,1,1,1,1,1,18,0,1,0,71,0,0,0
19,69,1,1,1,1,1,28,1,2,0,68,0,2,1
19,69,1,1,0,0,1,18,0,1,0,71,0,0,0
19,69,1,1,0,0,1,28,1,2,0,68,0,2,1
19,69,0,0,1,1,1,18,0,1,0,71,0,0,0
19,69,0,0,1,1,1,28,1,2,0,68,0,2,1
29,78,2,1,0,1,1,22,1,12,0,65,1,2,1
29,78,1,0,1,1,1,22,1,12,0,65,1,2,1
29,78,1,1,2,1,1,22,1,12,0,65,1,2,1
29,78,1,1,1,1,1,22,1,12,0,65,1,2,1
17,67,1,1,2,1,0,29,1,9,0,52,0,0,2
17,67,1,1,2,1,0,28,2,18,1,78,1,0,1
17,67,2,1,1,1,0,29,1,9,0,52,0,0,2
17,67,2,1,1,1,0,28,2,18,1,78,1,0,1
17,67,1,1,1,1,0,29,1,9,0,52,0,0,2
17,67,1,1,1,1,0,28,2,18,1,78,1,0,1
17,67,1,0,1,1,0,29,1,9,0,52,0,0,2
17,67,1,0,1,1,0,28,2,18,1,78,1,0,1
17,67,0,1,1,1,0,29,1,9,0,52,0,0,2
17,67,0,1,1,1,0,28,2,18,1,78,1,0,1
15,95,1,0,1,1,1,20,0,12,0,64,0,2,2
15,95,1,0,1,1,1,22,1,6,1,79,0,0,3
15,95,1,0,1,1,1,20,2,16,1,80,1,1,3
15,95,0,1,0,1,1,20,0,12,0,64,0,2,2
15,95,0,1,0,1,1,22,1,6,1,79,0,0,3
15,95,0,1,0,1,1,20,2,16,1,80,1,1,3
15,95,1,1,0,1,1,20,0,12,0,64,0,2,2
15,95,1,1,0,1,1,22,1,6,1,79,0,0,3
15,95,1,1,0,1,1,20,2,16,1,80,1,1,3
15,95,1,0,1,0,1,20,0,12,0,64,0,2,2
15,95,1,0,1,0,1,22,1,6,1,79,0,0,3
15,95,1,0,1,0,1,20,2,16,1,80,1,1,3
15,95,2,1,1,1,1,20,0,12,0,64,0,2,2
15,95,2,1,1,1,1,22,1,6,1,79,0,0,3
15,95,2,1,1,1,1,20,2,16,1,80,1,1,3
17,88,2,1,0,1,1,20,0,7,0,95,0,1,2
17,88,2,1,0,1,1,26,1,15,1,64,1,0,1
17,88,2,1,0,1,1,29,1,16,1,69,1,2,3
17,88,2,1,0,1,1,24,2,15,1,53,0,1,2
17,88,1,1,1,1,1,20,0,7,0,95,0,1,2
17,88,1,1,1,1,1,26,1,15,1,64,1,0,1
17,88,1,1,1,1,1,29,1,16,1,69,1,2,3
17,88,1,1,1,1,1,24,2,15,1,53,0,1,2
17,88,0,0,1,0,1,20,0,7,0,95,0,1,2
17,88,0,0,1,0,1,26,1,15,1,64,1,0,1
17,88,0,0,1,0,1,29,1,16,1,69,1,2,3
17,88,0,0,1,0,1,24,2,15,1,53,0,1,2
17,88,2,1,1,0,1,20,0,7,0,95,0,1,2
17,88,2,1,1,0,1,26,1,15,1,64,1,0,1
17,88,2,1,1,0,1,29,1,16,1,69,1,2,3
17,88,2,1,1,0,1,24,2,15,1,53,0,1,2
25,63,2,1,1,1,1,20,3,18,0,82,1,2,1
25,63,2,1,1,1,1,23,3,15,1,79,1,2,2
25,63,2,1,1,1,1,20,0,1,1,55,1,0,3
25,63,1,1,1,1,1,20,3,18,0,82,1,2,1
25,63,1,1,1,1,1,23,3,15,1,79,1,2,2
25,63,1,1,1,1,1,20,0,1,1,55,1,0,3
25,63,0,0,2,1,1,20,3,18,0,82,1,2,1
25,63,0,0,2,1,1,23,3,15,1,79,1,2,2
25,63,0,0,2,1,1,20,0,1,1,55,1,0,3
17,86,2,0,2,1,1,19,0,12,0,92,1,1,0
17,86,2,0,2,1,1,26,1,0,0,54,1,1,0
17,86,2,0,2,1,1,24,3,20,1,88,1,2,1
17,86,0,0,0,0,1,19,0,12,0,92,1,1,0
17,86,0,0,0,0,1,26,1,0,0,54,1,1,0
17,86,0,0,0,0,1,24,3,20,1,88,1,2,1
17,86,1,1,0,1,1,19,0,12,0,92,1,1,0
17,86,1,1,0,1,1,26,1,0,0,54,1,1,0
17,86,1,1,0,1,1,24,3,20,1,88,1,2,1
17,86,1,0,1,0,1,19,0,12,0,92,1,1,0
17,86,1,0,1,0,1,26,1,0,0,54,1,1,0
17,86,1,0,1,0,1,24,3,20,1,88,1,2,1
17,86,1,1,1,1,1,19,0,12,0,92,1,1,0
17,86,1,1,1,1,1,26,1,0,0,54,1,1,0
17,86,1,1,1,1,1,24,3,20,1,88,1,2,1
17,86,2,1,1,1,1,19,0,12,0,92,1,1,0
17,86,2,1,1,1,1,26,1,0,0,54,1,1,0
17,86,2,1,1,1,1,24,3,20,1,88,1,2,1
17,86,2,0,1,1,1,19,0,12,0,92,1,1,0
17,86,2,0,1,1,1,26,1,0,0,54,1,1,0
17,86,2,0,1,1,1,24,3,20,1,88,1,2,1
23,98,0,1,0,1,0,28,3,2,0,76,0,0,0
23,98,0,1,0,1,0,22,0,1,0,99,1,0,1
23,98,0,1,0,1,0,20,2,19,1,59,0,2,3
23,98,1,0,2,1,0,28,3,2,0,76,0,0,0
23,98,1,0,2,1,0,22,0,1,0,99,1,0,1
23,98,1,0,2,1,0,20,2,19,1,59,0,2,3
23,98,2,1,1,1,0,28,3,2,0,76,0,0,0
23,98,2,1,1,1,0,22,0,1,0,99,1,0,1
23,98,2,1,1,1,0,20,2,19,1,59,0,2,3
23,98,2,1,0,1,0,28,3,2,0,76,0,0,0
23,98,2,1,0,1,0,22,0,1,0,99,1,0,1
23,98,2,1,0,1,0,20,2,19,1,59,0,2,3
26,70,0,1,1,1,0,28,0,18,0,77,0,2,3
26,70,0,1,1,1,0,22,1,14,1,89,0,0,0
26,70,0,1,1,1,0,19,1,20,1,73,1,2,3
26,70,2,1,1,1,0,28,0,18,0,77,0,2,3
26,70,2,1,1,1,0,22,1,14,1,89,0,0,0
26,70,2,1,1,1,0,19,1,20,1,73,1,2,3
16,97,1,1,0,1,1,20,3,6,1,74,1,2,0
16,97,1,1,0,1,1,26,2,19,1,71,1,2,0
16,97,1,1,0,1,1,21,3,3,0,74,1,2,0
16,97,1,1,0,1,1,21,0,4,1,60,0,1,3
16,97,0,1,1,1,1,20,3,6,1,74,1,2,0
16,97,0,1,1,1,1,26,2,19,1,71,1,2,0
16,97,0,1,1,1,1,21,3,3,0,74,1,2,0
16,97,0,1,1,1,1,21,0,4,1,60,0,1,3
16,97,0,1,2,1,1,20,3,6,1,74,1,2,0
16,97,0,1,2,1,1,26,2,19,1,71,1,2,0
16,97,0,1,2,1,1,21,3,3,0,74,1,2,0
16,97,0,1,2,1,1,21,0,4,1,60,0,1,3
18,89,1,1,1,1,0,28,3,5,1,81,1,0,2
18,89,1,1,1,1,0,25,1,8,1,99,1,1,0
18,89,1,1,1,1,0,29,0,0,0,80,0,1,3
18,89,1,1,1,1,0,23,3,10,1,84,0,2,2
18,89,1,1,1,1,0,28,3,19,0,63,0,2,1
18,89,2,1,0,1,0,28,3,5,1,81,1,0,2
18,89,2,1,0,1,0,25,1,8,1,99,1,1,0
18,89,2,1,0,1,0,29,0,0,0,80,0,1,3
18,89,2,1,0,1,0,23,3,10,1,84,0,2,2
18,89,2,1,0,1,0,28,3,19,0,63,0,2,1
18,89,0,1,0,1,0,28,3,5,1,81,1,0,2
18,89,0,1,0,1,0,25,1,8,1,99,1,1,0
18,89,0,1,0,1,0,29,0,0,0,80,0,1,3
18,89,0,1,0,1,0,23,3,10,1,84,0,2,2
18,89,0,1,0,1,0,28,3,19,0,63,0,2,1
18,89,0,1,1,1,0,28,3,5,1,81,1,0,2
18,89,0,1,1,1,0,25,1,8,1,99,1,1,0
18,89,0,1,1,1,0,29,0,0,0,80,0,1,3
18,89,0,1,1,1,0,23,3,10,1,84,0,2,2
18,89,0,1,1,1,0,28,3,19,0,63,0,2,1
11,91,1,0,1,1,1,27,3,1,1,57,1,2,3
11,91,1,0,1,1,1,24,3,18,0,58,1,1,3
11,91,0,0,1,1,1,27,3,1,1,57,1,2,3
11,91,0,0,1,1,1,24,3,18,0,58,1,1,3
11,91,2,0,1,1,1,27,3,1,1,57,1,2,3
11,91,2,0,1,1,1,24,3,18,0,58,1,1,3
11,91,0,1,0,1,1,27,3,1,1,57,1,2,3
11,91,0,1,0,1,1,24,3,18,0,58,1,1,3
22,64,1,0,0,0,1,18,2,6,1,70,1,0,0
22,64,1,0,0,0,1,27,0,14,1,85,1,1,0
22,64,1,0,0,0,1,29,2,20,1,88,1,2,1
22,64,1,0,0,0,1,24,1,15,1,55,0,0,3
22,64,2,1,1,1,1,18,2,6,1,70,1,0,0
22,64,2,1,1,1,1,27,0,14,1,85,1,1,0
22,64,2,1,1,1,1,29,2,20,1,88,1,2,1
22,64,2,1,1,1,1,24,1,15,1,55,0,0,3
22,64,1,1,1,1,1,18,2,6,1,70,1,0,0
22,64,1,1,1,1,1,27,0,14,1,85,1,1,0
22,64,1,1,1,1,1,29,2,20,1,88,1,2,1
22,64,1,1,1,1,1,24,1,15,1,55,0,0,3
22,64,2,0,0,1,1,18,2,6,1,70,1,0,0
22,64,2,0,0,1,1,27,0,14,1,85,1,1,0
22,64,2,0,0,1,1,29,2,20,1,88,1,2,1
22,64,2,0,0,1,1,24,1,15,1,55,0,0,3
22,64,1,1,2,1,1,18,2,6,1,70,1,0,0
22,64,1,1,2,1,1,27,0,14,1,85,1,1,0
22,64,1,1,2,1,1,29,2,20,1,88,1,2,1
22,64,1,1,2,1,1,24,1,15,1,55,0,0,3
22,64,1,0,1,1,1,18,2,6,1,70,1,0,0
22,64,1,0,1,1,1,27,0,14,1,85,1,1,0
22,64,1,0,1,1,1,29,2,20,1,88,1,2,1
22,64,1,0,1,1,1,24,1,15,1,55,0,0,3
22,81,1,1,0,1,0,27,2,14,1,80,1,0,1
22,81,1,1,0,1,0,27,3,4,1,75,1,2,3
22,81,1,1,0,1,0,28,0,5,0,52,1,2,0
22,81,2,1,2,1,0,27,2,14,1,80,1,0,1
22,81,2,1,2,1,0,27,3,4,1,75,1,2,3
22,81,2,1,2,1,0,28,0,5,0,52,1,2,0
22,81,1,0,0,1,0,27,2,14,1,80,1,0,1
22,81,1,0,0,1,0,27,3,4,1,75,1,2,3
22,81,1,0,0,1,0,28,0,5,0,52,1,2,0
22,81,0,1,0,1,0,27,2,14,1,80,1,0,1
22,81,0,1,0,1,0,27,3,4,1,75,1,2,3
22,81,0,1,0,1,0,28,0,5,0,52,1,2,0
22,81,0,0,1,1,0,27,2,14,1,80,1,0,1
22,81,0,0,1,1,0,27,3,4,1,75,1,2,3
22,81,0,0,1,1,0,28,0,5,0,52,1,2,0
19,67,1,0,2,1,1,19,0,8,1,74,0,2,1
19,67,1,1,2,1,1,19,0,8,1,74,0,2,1
19,67,2,0,1,1,1,19,0,8,1,74,0,2,1
19,67,0,1,1,0,1,19,0,8,1,74,0,2,1
19,67,0,0,1,1,1,19,0,8,1,74,0,2,1
19,67,1,1,0,1,1,19,0,8,1,74,0,2,1
19,67,0,0,2,0,1,19,0,8,1,74,0,2,1
12,92,1,0,2,1,1,21,1,11,0,62,1,2,0
12,92,1,0,2,1,1,23,2,20,0,86,0,1,0
12,92,1,0,0,1,1,21,1,11,0,62,1,2,0
12,92,1,0,0,1,1,23,2,20,0,86,0,1,0
12,92,0,1,1,1,1,21,1,11,0,62,1,2,0
12,92,0,1,1,1,1,23,2,20,0,86,0,1,0
12,92,1,0,1,1,1,21,1,11,0,62,1,2,0
12,92,1,0,1,1,1,23,2,20,0,86,0,1,0
12,92,0,1,2,1,1,21,1,11,0,62,1,2,0
12,92,0,1,2,1,1,23,2,20,0,86,0,1,0
18,79,1,1,1,1,1,29,0,15,1,75,0,1,2
18,79,1,1,0,1,1,29,0,15,1,75,0,1,2
18,79,2,1,1,1,1,29,0,15,1,75,0,1,2
18,79,0,0,2,1,1,29,0,15,1,75,0,1,2
18,79,2,0,0,1,1,29,0,15,1,75,0,1,2
15,98,1,0,2,1,1,21,2,3,1,95,0,2,0
15,98,1,1,0,1,1,21,2,3,1,95,0,2,0
15,98,1,0,0,1,1,21,2,3,1,95,0,2,0
15,98,1,1,0,0,1,21,2,3,1,95,0,2,0
22,99,0,1,0,1,1,21,1,2,1,64,0,2,1
22,99,0,1,0,1,1,25,2,2,1,88,1,1,1
22,99,0,1,0,1,1,22,3,7,1,95,0,2,1
22,99,2,1,1,1,1,21,1,2,1,64,0,2,1
22,99,2,1,1,1,1,25,2,2,1,88,1,1,1
22,99,2,1,1,1,1,22,3,7,1,95,0,2,1
22,99,1,1,2,1,1,21,1,2,1,64,0,2,1
22,99,1,1,2,1,1,25,2,2,1,88,1,1,1
22,99,1,1,2,1,1,22,3,7,1,95,0,2,1
22,99,1,0,0,1,1,21,1,2,1,64,0,2,1
22,99,1,0,0,1,1,25,2,2,1,88,1,1,1
22,99,1,0,0,1,1,22,3,7,1,95,0,2,1
31,100,1,0,1,1,1,21,0,7,0,64,1,1,0
21,82,2,1,2,1,0,28,2,16,0,62,1,1,3
21,82,1,1,2,1,0,28,2,16,0,62,1,1,3
21,82,1,0,1,1,0,28,2,16,0,62,1,1,3
22,67,1,1,2,1,0,27,0,19,1,76,0,0,0
22,67,1,0,0,1,0,27,0,19,1,76,0,0,0
22,67,1,0,1,1,0,27,0,19,1,76,0,0,0
22,67,1,1,1,1,0,27,0,19,1,76,0,0,0
20,73,1,1,1,1,1,24,2,14,0,58,0,2,3
20,73,1,1,0,1,1,24,2,14,0,58,0,2,3
20,73,1,1,2,1,1,24,2,14,0,58,0,2,3
20,73,2,1,0,1,1,24,2,14,0,58,0,2,3
20,73,1,0,0,1,1,24,2,14,0,58,0,2,3
20,73,0,1,2,1,1,24,2,14,0,58,0,2,3
20,73,2,0,2,1,1,24,2,14,0,58,0,2,3
20,73,0,1,1,1,1,24,2,14,0,58,0,2,3
20,73,2,1,1,1,1,24,2,14,0,58,0,2,3
8,77,1,1,1,1,1,23,1,13,0,77,1,2,0
8,77,1,1,1,1,1,18,2,14,1,58,0,2,0
8,77,1,1,1,1,1,28,2,10,1,77,0,2,1
8,77,0,1,0,1,1,23,1,13,0,77,1,2,0
8,77,0,1,0,1,1,18,2,14,1,58,0,2,0
8,77,0,1,0,1,1,28,2,10,1,77,0,2,1
20,72,1,0,1,1,1,19,2,13,1,55,0,2,3
20,72,2,1,0,1,1,19,2,13,1,55,0,2,3
20,72,0,0,0,1,1,19,2,13,1,55,0,2,3
20,72,1,1,2,1,1,19,2,13,1,55,0,2,3
20,72,0,1,1,1,1,19,2,13,1,55,0,2,3
20,72,0,1,0,1,1,19,2,13,1,55,0,2,3
20,72,1,0,0,1,1,19,2,13,1,55,0,2,3
20,72,1,1,1,1,1,19,2,13,1,55,0,2,3
20,71,2,1,2,1,1,29,2,15,1,83,1,2,2
20,71,2,1,2,1,1,19,3,5,0,83,1,2,0
20,71,1,0,1,1,1,29,2,15,1,83,1,2,2
20,71,1,0,1,1,1,19,3,5,0,83,1,2,0
20,71,0,0,2,1,1,29,2,15,1,83,1,2,2
20,71,0,0,2,1,1,19,3,5,0,83,1,2,0
20,71,1,0,2,1,1,29,2,15,1,83,1,2,2
20,71,1,0,2,1,1,19,3,5,0,83,1,2,0
20,71,1,1,0,1,1,29,2,15,1,83,1,2,2
20,71,1,1,0,1,1,19,3,5,0,83,1,2,0
20,71,1,1,1,1,1,29,2,15,1,83,1,2,2
20,71,1,1,1,1,1,19,3,5,0,83,1,2,0
20,71,0,1,2,1,1,29,2,15,1,83,1,2,2
20,71,0,1,2,1,1,19,3,5,0,83,1,2,0
20,71,2,1,1,1,1,29,2,15,1,83,1,2,2
20,71,2,1,1,1,1,19,3,5,0,83,1,2,0
35,99,2,1,0,1,0,18,2,3,0,81,1,2,2
19,66,1,0,1,1,0,26,0,12,1,99,1,2,0
19,66,2,1,1,1,0,26,0,12,1,99,1,2,0
19,66,2,0,0,1,0,26,0,12,1,99,1,2,0
19,66,0,0,1,1,0,26,0,12,1,99,1,2,0
19,66,1,0,0,0,0,26,0,12,1,99,1,2,0
22,89,2,1,1,1,0,23,0,13,1,68,0,2,1
22,89,2,1,1,1,0,21,2,8,0,69,1,0,0
22,89,1,0,0,1,0,23,0,13,1,68,0,2,1
22,89,1,0,0,1,0,21,2,8,0,69,1,0,0
22,89,1,1,1,1,0,23,0,13,1,68,0,2,1
22,89,1,1,1,1,0,21,2,8,0,69,1,0,0
20,60,2,0,2,1,1,22,3,9,1,92,0,0,3
20,60,2,0,2,1,1,24,3,1,0,84,1,0,1
20,60,1,0,2,1,1,22,3,9,1,92,0,0,3
20,60,1,0,2,1,1,24,3,1,0,84,1,0,1
20,60,1,1,0,1,1,22,3,9,1,92,0,0,3
20,60,1,1,0,1,1,24,3,1,0,84,1,0,1
20,60,1,1,1,1,1,22,3,9,1,92,0,0,3
20,60,1,1,1,1,1,24,3,1,0,84,1,0,1
13,84,1,0,1,1,1,24,3,19,0,59,0,0,2
13,84,1,0,1,1,1,28,1,15,1,73,1,1,2
13,84,1,0,1,1,1,23,2,13,0,61,1,0,1
13,84,1,0,1,1,1,26,2,0,0,87,1,2,0
13,84,1,0,1,1,1,24,0,12,0,89,1,1,1
13,84,1,0,1,1,1,29,2,10,0,99,1,0,1
13,84,1,0,1,0,1,24,3,19,0,59,0,0,2
13,84,1,0,1,0,1,28,1,15,1,73,1,1,2
13,84,1,0,1,0,1,23,2,13,0,61,1,0,1
13,84,1,0,1,0,1,26,2,0,0,87,1,2,0
13,84,1,0,1,0,1,24,0,12,0,89,1,1,1
13,84,1,0,1,0,1,29,2,10,0,99,1,0,1
13,84,1,1,1,1,1,24,3,19,0,59,0,0,2
13,84,1,1,1,1,1,28,1,15,1,73,1,1,2
13,84,1,1,1,1,1,23,2,13,0,61,1,0,1
13,84,1,1,1,1,1,26,2,0,0,87,1,2,0
13,84,1,1,1,1,1,24,0,12,0,89,1,1,1
13,84,1,1,1,1,1,29,2,10,0,99,1,0,1
13,84,1,0,0,1,1,24,3,19,0,59,0,0,2
13,84,1,0,0,1,1,28,1,15,1,73,1,1,2
13,84,1,0,0,1,1,23,2,13,0,61,1,0,1
13,84,1,0,0,1,1,26,2,0,0,87,1,2,0
13,84,1,0,0,1,1,24,0,12,0,89,1,1,1
13,84,1,0,0,1,1,29,2,10,0,99,1,0,1
27,97,2,1,1,1,0,25,2,3,1,59,0,1,3
27,97,2,1,1,1,0,20,2,1,1,80,1,1,2
27,97,2,1,1,1,0,18,3,11,1,54,1,0,2
27,97,2,0,1,1,0,25,2,3,1,59,0,1,3
27,97,2,0,1,1,0,20,2,1,1,80,1,1,2
27,97,2,0,1,1,0,18,3,11,1,54,1,0,2
27,97,1,0,1,1,0,25,2,3,1,59,0,1,3
27,97,1,0,1,1,0,20,2,1,1,80,1,1,2
27,97,1,0,1,1,0,18,3,11,1,54,1,0,2
25,72,2,1,0,1,0,23,0,14,0,66,1,0,2
25,72,2,1,0,1,0,18,2,15,1,86,1,1,1
25,72,1,1,1,1,0,23,0,14,0,66,1,0,2
25,72,1,1,1,1,0,18,2,15,1,86,1,1,1
25,72,2,1,1,1,0,23,0,14,0,66,1,0,2
25,72,2,1,1,1,0,18,2,15,1,86,1,1,1
25,72,1,0,2,1,0,23,0,14,0,66,1,0,2
25,72,1,0,2,1,0,18,2,15,1,86,1,1,1
25,67,1,0,2,1,0,28,3,7,1,61,1,1,2
25,67,1,0,2,1,0,21,3,8,0,59,1,2,3
25,67,1,0,2,1,0,23,0,13,1,67,1,1,0
25,67,1,0,2,1,0,19,3,15,1,95,1,2,0
25,67,2,0,1,1,0,28,3,7,1,61,1,1,2
25,67,2,0,1,1,0,21,3,8,0,59,1,2,3
25,67,2,0,1,1,0,23,0,13,1,67,1,1,0
25,67,2,0,1,1,0,19,3,15,1,95,1,2,0
25,67,1,0,1,1,0,28,3,7,1,61,1,1,2
25,67,1,0,1,1,0,21,3,8,0,59,1,2,3
25,67,1,0,1,1,0,23,0,13,1,67,1,1,0
25,67,1,0,1,1,0,19,3,15,1,95,1,2,0
15,86,1,1,1,1,1,28,0,3,1,67,1,0,2
15,86,2,1,1,1,1,28,0,3,1,67,1,0,2
15,86,0,0,1,1,1,28,0,3,1,67,1,0,2
15,86,1,0,1,1,1,28,0,3,1,67,1,0,2
15,86,1,1,2,1,1,28,0,3,1,67,1,0,2
15,86,2,0,1,1,1,28,0,3,1,67,1,0,2
15,86,1,1,0,1,1,28,0,3,1,67,1,0,2
15,86,2,0,2,1,1,28,0,3,1,67,1,0,2
28,89,2,1,2,1,0,26,3,6,1,52,1,1,2
28,89,2,1,2,1,0,18,3,7,0,90,1,2,3
28,89,2,1,2,1,0,23,0,5,0,80,1,2,0
28,89,2,1,2,1,0,25,1,14,0,79,1,0,0
28,89,2,1,2,1,0,24,3,11,0,74,1,2,3
28,89,2,1,2,1,0,21,2,4,1,91,0,0,0
28,89,0,1,2,1,0,26,3,6,1,52,1,1,2
28,89,0,1,2,1,0,18,3,7,0,90,1,2,3
28,89,0,1,2,1,0,23,0,5,0,80,1,2,0
28,89,0,1,2,1,0,25,1,14,0,79,1,0,0
28,89,0,1,2,1,0,24,3,11,0,74,1,2,3
28,89,0,1,2,1,0,21,2,4,1,91,0,0,0
12,88,1,0,0,1,1,22,0,18,0,87,1,2,2
12,88,1,0,0,1,1,22,3,15,1,63,1,2,0
12,88,1,0,0,1,1,20,2,12,1,86,1,1,1
12,88,1,0,1,1,1,22,0,18,0,87,1,2,2
12,88,1,0,1,1,1,22,3,15,1,63,1,2,0
12,88,1,0,1,1,1,20,2,12,1,86,1,1,1
12,88,1,1,2,1,1,22,0,18,0,87,1,2,2
12,88,1,1,2,1,1,22,3,15,1,63,1,2,0
12,88,1,1,2,1,1,20,2,12,1,86,1,1,1
12,88,1,1,1,1,1,22,0,18,0,87,1,2,2
12,88,1,1,1,1,1,22,3,15,1,63,1,2,0
12,88,1,1,1,1,1,20,2,12,1,86,1,1,1
12,88,1,0,0,0,1,22,0,18,0,87,1,2,2
12,88,1,0,0,0,1,22,3,15,1,63,1,2,0
12,88,1,0,0,0,1,20,2,12,1,86,1,1,1
24,73,2,1,1,1,1,28,3,18,1,61,1,2,2
24,73,1,1,2,1,1,28,3,18,1,61,1,2,2
24,73,0,1,1,1,1,28,3,18,1,61,1,2,2
24,73,1,1,0,1,1,28,3,18,1,61,1,2,2
14,98,1,0,1,1,0,25,0,20,0,60,1,0,1
14,98,1,0,1,1,0,26,2,17,1,74,1,2,2
14,98,1,0,1,1,0,20,3,20,0,68,1,1,2
14,98,1,0,1,1,0,23,3,5,0,72,0,0,0
14,98,1,1,0,1,0,25,0,20,0,60,1,0,1
14,98,1,1,0,1,0,26,2,17,1,74,1,2,2
14,98,1,1,0,1,0,20,3,20,0,68,1,1,2
14,98,1,1,0,1,0,23,3,5,0,72,0,0,0
21,78,1,1,1,1,1,27,0,6,0,95,1,2,0
21,78,0,0,1,1,1,27,0,6,0,95,1,2,0
21,78,1,0,0,1,1,27,0,6,0,95,1,2,0
21,78,1,0,1,1,1,27,0,6,0,95,1,2,0
21,78,0,1,1,1,1,27,0,6,0,95,1,2,0
21,78,2,0,1,1,1,27,0,6,0,95,1,2,0
17,94,1,1,0,1,0,19,0,6,0,73,1,2,2
17,94,1,1,0,1,0,26,0,5,0,63,1,0,0
17,94,1,1,0,1,0,29,1,9,1,57,1,1,3
17,94,1,1,1,1,0,19,0,6,0,73,1,2,2
17,94,1,1,1,1,0,26,0,5,0,63,1,0,0
17,94,1,1,1,1,0,29,1,9,1,57,1,1,3
20,77,1,0,0,1,0,19,0,20,1,76,1,1,2
20,77,1,0,0,1,0,29,0,14,1,53,1,2,2
20,77,0,1,1,0,0,19,0,20,1,76,1,1,2
20,77,0,1,1,0,0,29,0,14,1,53,1,2,2
20,77,0,0,0,1,0,19,0,20,1,76,1,1,2
20,77,0,0,0,1,0,29,0,14,1,53,1,2,2
14,66,0,0,1,1,1,21,1,13,1,62,0,2,1
14,66,0,0,1,1,1,28,0,0,1,74,0,2,1
14,66,1,1,0,1,1,21,1,13,1,62,0,2,1
14,66,1,1,0,1,1,28,0,0,1,74,0,2,1
14,66,1,1,1,1,1,21,1,13,1,62,0,2,1
14,66,1,1,1,1,1,28,0,0,1,74,0,2,1
23,77,1,1,1,1,1,27,0,9,0,59,1,2,3
23,77,1,1,1,1,1,19,1,0,1,92,0,2,2
23,77,2,1,1,1,1,27,0,9,0,59,1,2,3
23,77,2,1,1,1,1,19,1,0,1,92,0,2,2
23,77,1,0,0,1,1,27,0,9,0,59,1,2,3
23,77,1,0,0,1,1,19,1,0,1,92,0,2,2
23,77,2,0,0,1,1,27,0,9,0,59,1,2,3
23,77,2,0,0,1,1,19,1,0,1,92,0,2,2
23,77,0,0,1,1,1,27,0,9,0,59,1,2,3
23,77,0,0,1,1,1,19,1,0,1,92,0,2,2
14,81,1,0,1,1,0,23,0,18,0,91,1,2,3
14,81,2,1,0,0,0,23,0,18,0,91,1,2,3
14,81,1,0,0,1,0,23,0,18,0,91,1,2,3
14,81,1,0,1,0,0,23,0,18,0,91,1,2,3
14,81,2,0,1,1,0,23,0,18,0,91,1,2,3
29,61,2,1,0,1,0,29,1,11,1,93,1,1,0
29,61,2,1,0,1,0,21,0,3,1,96,0,2,1
29,61,2,1,0,1,0,28,3,15,1,88,0,0,1
15,78,2,0,0,1,1,22,2,14,0,89,1,2,0
15,78,2,0,1,0,1,22,2,14,0,89,1,2,0
15,78,2,1,2,1,1,22,2,14,0,89,1,2,0
15,78,2,1,0,1,1,22,2,14,0,89,1,2,0
15,78,1,1,1,1,1,22,2,14,0,89,1,2,0
15,78,1,1,2,1,1,22,2,14,0,89,1,2,0
15,78,1,0,1,1,1,22,2,14,0,89,1,2,0
15,78,0,1,0,1,1,22,2,14,0,89,1,2,0
15,78,2,0,2,1,1,22,2,14,0,89,1,2,0
15,78,2,0,1,1,1,22,2,14,0,89,1,2,0
18,91,1,1,1,1,0,26,3,4,0,92,1,2,1
18,91,1,1,1,1,0,27,0,10,0,69,1,2,0
18,91,1,1,1,1,0,22,0,16,0,93,1,0,1
18,91,1,1,1,1,0,20,1,17,1,58,1,0,1
18,91,1,0,1,1,0,26,3,4,0,92,1,2,1
18,91,1,0,1,1,0,27,0,10,0,69,1,2,0
18,91,1,0,1,1,0,22,0,16,0,93,1,0,1
18,91,1,0,1,1,0,20,1,17,1,58,1,0,1
25,87,0,0,2,1,1,26,3,6,0,62,0,1,1
25,87,0,0,2,1,1,21,2,19,1,62,0,0,3
25,87,0,0,2,1,1,19,1,5,1,94,1,2,1
25,87,0,1,0,1,1,26,3,6,0,62,0,1,1
25,87,0,1,0,1,1,21,2,19,1,62,0,0,3
25,87,0,1,0,1,1,19,1,5,1,94,1,2,1
25,87,2,0,0,1,1,26,3,6,0,62,0,1,1
25,87,2,0,0,1,1,21,2,19,1,62,0,0,3
25,87,2,0,0,1,1,19,1,5,1,94,1,2,1
25,87,1,0,1,1,1,26,3,6,0,62,0,1,1
25,87,1,0,1,1,1,21,2,19,1,62,0,0,3
25,87,1,0,1,1,1,19,1,5,1,94,1,2,1
25,87,0,0,0,1,1,26,3,6,0,62,0,1,1
25,87,0,0,0,1,1,21,2,19,1,62,0,0,3
25,87,0,0,0,1,1,19,1,5,1,94,1,2,1
25,87,1,1,1,1,1,26,3,6,0,62,0,1,1
25,87,1,1,1,1,1,21,2,19,1,62,0,0,3
25,87,1,1,1,1,1,19,1,5,1,94,1,2,1
25,87,1,1,1,0,1,26,3,6,0,62,0,1,1
25,87,1,1,1,0,1,21,2,19,1,62,0,0,3
25,87,1,1,1,0,1,19,1,5,1,94,1,2,1
25,87,2,1,0,1,1,26,3,6,0,62,0,1,1
25,87,2,1,0,1,1,21,2,19,1,62,0,0,3
25,87,2,1,0,1,1,19,1,5,1,94,1,2,1
25,87,1,0,2,1,1,26,3,6,0,62,0,1,1
25,87,1,0,2,1,1,21,2,19,1,62,0,0,3
25,87,1,0,2,1,1,19,1,5,1,94,1,2,1
13,85,1,0,1,1,1,18,3,0,0,97,1,1,3
13,85,1,0,1,1,1,27,0,18,1,79,0,2,2
13,85,1,0,1,1,1,22,2,19,1,98,1,2,3
13,85,1,0,1,1,1,28,1,2,1,81,1,2,2
13,85,1,0,1,1,1,20,3,6,1,72,1,2,0
13,85,1,0,0,1,1,18,3,0,0,97,1,1,3
13,85,1,0,0,1,1,27,0,18,1,79,0,2,2
13,85,1,0,0,1,1,22,2,19,1,98,1,2,3
13,85,1,0,0,1,1,28,1,2,1,81,1,2,2
13,85,1,0,0,1,1,20,3,6,1,72,1,2,0
13,85,2,1,2,1,1,18,3,0,0,97,1,1,3
13,85,2,1,2,1,1,27,0,18,1,79,0,2,2
13,85,2,1,2,1,1,22,2,19,1,98,1,2,3
13,85,2,1,2,1,1,28,1,2,1,81,1,2,2
13,85,2,1,2,1,1,20,3,6,1,72,1,2,0
21,96,1,0,2,1,1,21,1,15,1,81,0,0,2
21,96,1,0,2,1,1,21,2,18,1,55,0,1,2
21,96,2,1,1,1,1,21,1,15,1,81,0,0,2
21,96,2,1,1,1,1,21,2,18,1,55,0,1,2
21,96,2,1,0,1,1,21,1,15,1,81,0,0,2
21,96,2,1,0,1,1,21,2,18,1,55,0,1,2
21,96,0,0,0,1,1,21,1,15,1,81,0,0,2
21,96,0,0,0,1,1,21,2,18,1,55,0,1,2
21,96,1,1,1,1,1,21,1,15,1,81,0,0,2
21,96,1,1,1,1,1,21,2,18,1,55,0,1,2
21,96,1,1,0,1,1,21,1,15,1,81,0,0,2
21,96,1,1,0,1,1,21,2,18,1,55,0,1,2
28,61,2,0,2,1,1,20,3,6,0,51,1,1,0
28,61,1,0,2,1,1,20,3,6,0,51,1,1,0
10,82,0,0,1,1,0,23,3,9,0,71,1,1,2
10,82,0,0,1,1,0,26,2,0,1,65,1,0,0
21,91,1,0,1,1,0,20,1,8,1,95,1,1,3
21,91,1,0,1,1,0,26,1,4,1,86,1,2,0
21,91,1,0,1,1,0,19,2,4,1,93,1,1,0
21,91,2,0,1,1,0,20,1,8,1,95,1,1,3
21,91,2,0,1,1,0,26,1,4,1,86,1,2,0
21,91,2,0,1,1,0,19,2,4,1,93,1,1,0
21,91,1,1,2,1,0,20,1,8,1,95,1,1,3
21,91,1,1,2,1,0,26,1,4,1,86,1,2,0
21,91,1,1,2,1,0,19,2,4,1,93,1,1,0
21,91,2,1,1,1,0,20,1,8,1,95,1,1,3
21,91,2,1,1,1,0,26,1,4,1,86,1,2,0
21,91,2,1,1,1,0,19,2,4,1,93,1,1,0
21,91,1,0,0,1,0,20,1,8,1,95,1,1,3
21,91,1,0,0,1,0,26,1,4,1,86,1,2,0
21,91,1,0,0,1,0,19,2,4,1,93,1,1,0
21,91,2,1,0,1,0,20,1,8,1,95,1,1,3
21,91,2,1,0,1,0,26,1,4,1,86,1,2,0
21,91,2,1,0,1,0,19,2,4,1,93,1,1,0
22,82,1,0,1,1,0,26,0,14,1,93,0,0,1
22,82,1,0,1,1,0,21,2,14,0,97,0,2,0
22,82,1,1,0,1,0,26,0,14,1,93,0,0,1
22,82,1,1,0,1,0,21,2,14,0,97,0,2,0
22,82,1,1,2,1,0,26,0,14,1,93,0,0,1
22,82,1,1,2,1,0,21,2,14,0,97,0,2,0
22,82,1,0,0,1,0,26,0,14,1,93,0,0,1
22,82,1,0,0,1,0,21,2,14,0,97,0,2,0
22,82,2,0,1,0,0,26,0,14,1,93,0,0,1
22,82,2,0,1,0,0,21,2,14,0,97,0,2,0
25,73,2,0,2,0,0,25,0,1,0,82,0,2,3
25,73,2,0,2,0,0,27,0,4,0,81,1,2,2
25,73,2,0,2,0,0,19,3,0,0,57,1,0,3
25,73,0,0,1,1,0,25,0,1,0,82,0,2,3
25,73,0,0,1,1,0,27,0,4,0,81,1,2,2
25,73,0,0,1,1,0,19,3,0,0,57,1,0,3
25,73,1,1,0,1,0,25,0,1,0,82,0,2,3
25,73,1,1,0,1,0,27,0,4,0,81,1,2,2
25,73,1,1,0,1,0,19,3,0,0,57,1,0,3
25,73,1,1,1,1,0,25,0,1,0,82,0,2,3
25,73,1,1,1,1,0,27,0,4,0,81,1,2,2
25,73,1,1,1,1,0,19,3,0,0,57,1,0,3
25,73,2,1,1,1,0,25,0,1,0,82,0,2,3
25,73,2,1,1,1,0,27,0,4,0,81,1,2,2
25,73,2,1,1,1,0,19,3,0,0,57,1,0,3
25,73,1,0,2,1,0,25,0,1,0,82,0,2,3
25,73,1,0,2,1,0,27,0,4,0,81,1,2,2
25,73,1,0,2,1,0,19,3,0,0,57,1,0,3
23,79,2,1,0,1,0,29,1,0,1,98,1,2,2
23,79,2,1,0,1,0,18,3,19,1,57,1,1,3
23,79,2,1,0,1,0,21,2,7,1,98,1,2,0
23,79,2,1,0,1,0,23,1,17,1,51,1,1,3
23,79,1,0,1,1,0,29,1,0,1,98,1,2,2
23,79,1,0,1,1,0,18,3,19,1,57,1,1,3
23,79,1,0,1,1,0,21,2,7,1,98,1,2,0
23,79,1,0,1,1,0,23,1,17,1,51,1,1,3
23,79,1,1,1,1,0,29,1,0,1,98,1,2,2
23,79,1,1,1,1,0,18,3,19,1,57,1,1,3
23,79,1,1,1,1,0,21,2,7,1,98,1,2,0
23,79,1,1,1,1,0,23,1,17,1,51,1,1,3
23,79,0,1,0,1,0,29,1,0,1,98,1,2,2
23,79,0,1,0,1,0,18,3,19,1,57,1,1,3
23,79,0,1,0,1,0,21,2,7,1,98,1,2,0
23,79,0,1,0,1,0,23,1,17,1,51,1,1,3
22,95,2,1,1,1,0,26,3,6,1,67,1,2,3
22,95,2,1,1,1,0,21,0,10,1,64,1,1,3
22,95,2,1,1,1,0,22,1,7,0,56,1,2,1
22,95,2,1,1,1,0,24,2,6,1,98,0,0,0
22,95,2,1,1,1,0,21,1,10,1,98,0,2,2
22,95,0,1,1,0,0,26,3,6,1,67,1,2,3
22,95,0,1,1,0,0,21,0,10,1,64,1,1,3
22,95,0,1,1,0,0,22,1,7,0,56,1,2,1
22,95,0,1,1,0,0,24,2,6,1,98,0,0,0
22,95,0,1,1,0,0,21,1,10,1,98,0,2,2
22,95,0,0,1,1,0,26,3,6,1,67,1,2,3
22,95,0,0,1,1,0,21,0,10,1,64,1,1,3
22,95,0,0,1,1,0,22,1,7,0,56,1,2,1
22,95,0,0,1,1,0,24,2,6,1,98,0,0,0
22,95,0,0,1,1,0,21,1,10,1,98,0,2,2
22,83,2,1,1,1,0,22,0,18,0,73,1,0,3
22,83,2,1,1,1,0,20,3,20,1,71,1,2,2
22,83,2,1,1,1,0,20,2,2,0,66,1,2,0
22,83,1,1,0,0,0,22,0,18,0,73,1,0,3
22,83,1,1,0,0,0,20,3,20,1,71,1,2,2
22,83,1,1,0,0,0,20,2,2,0,66,1,2,0
22,83,2,0,1,0,0,22,0,18,0,73,1,0,3
22,83,2,0,1,0,0,20,3,20,1,71,1,2,2
22,83,2,0,1,0,0,20,2,2,0,66,1,2,0
22,83,2,1,1,0,0,22,0,18,0,73,1,0,3
22,83,2,1,1,0,0,20,3,20,1,71,1,2,2
22,83,2,1,1,0,0,20,2,2,0,66,1,2,0
22,83,0,1,1,1,0,22,0,18,0,73,1,0,3
22,83,0,1,1,1,0,20,3,20,1,71,1,2,2
22,83,0,1,1,1,0,20,2,2,0,66,1,2,0
22,83,1,0,0,1,0,22,0,18,0,73,1,0,3
22,83,1,0,0,1,0,20,3,20,1,71,1,2,2
22,83,1,0,0,1,0,20,2,2,0,66,1,2,0
22,87,2,0,0,1,0,29,3,6,0,100,1,2,2
22,87,2,0,0,1,0,27,2,15,1,53,1,2,3
22,87,2,0,0,1,0,27,3,1,1,83,0,1,1
22,87,2,0,0,1,0,22,2,18,1,89,1,1,0
22,87,2,0,0,1,0,26,3,6,1,52,0,2,3
22,87,2,1,1,1,0,29,3,6,0,100,1,2,2
22,87,2,1,1,1,0,27,2,15,1,53,1,2,3
22,87,2,1,1,1,0,27,3,1,1,83,0,1,1
22,87,2,1,1,1,0,22,2,18,1,89,1,1,0
22,87,2,1,1,1,0,26,3,6,1,52,0,2,3
22,87,2,1,1,0,0,29,3,6,0,100,1,2,2
22,87,2,1,1,0,0,27,2,15,1,53,1,2,3
22,87,2,1,1,0,0,27,3,1,1,83,0,1,1
22,87,2,1,1,0,0,22,2,18,1,89,1,1,0
22,87,2,1,1,0,0,26,3,6,1,52,0,2,3
16,92,2,1,0,1,1,29,1,16,1,67,1,2,2
16,92,2,1,0,1,1,24,1,3,1,74,1,2,2
16,92,2,1,0,1,1,25,1,10,0,84,0,2,2
16,92,1,1,2,1,1,29,1,16,1,67,1,2,2
16,92,1,1,2,1,1,24,1,3,1,74,1,2,2
16,92,1,1,2,1,1,25,1,10,0,84,0,2,2
16,92,2,1,1,1,1,29,1,16,1,67,1,2,2
16,92,2,1,1,1,1,24,1,3,1,74,1,2,2
16,92,2,1,1,1,1,25,1,10,0,84,0,2,2
16,92,1,1,2,0,1,29,1,16,1,67,1,2,2
16,92,1,1,2,0,1,24,1,3,1,74,1,2,2
16,92,1,1,2,0,1,25,1,10,0,84,0,2,2
21,86,1,1,1,1,0,28,3,3,0,85,1,2,2
21,86,0,0,1,1,0,28,3,3,0,85,1,2,2
22,76,1,1,1,1,0,19,3,0,1,50,1,2,3
22,76,0,0,1,1,0,19,3,0,1,50,1,2,3
22,76,0,0,0,1,0,19,3,0,1,50,1,2,3
22,76,2,0,0,1,0,19,3,0,1,50,1,2,3
16,81,1,1,1,1,0,26,0,9,1,50,0,1,3
16,81,2,1,1,1,0,26,0,9,1,50,0,1,3
23,75,2,0,0,1,1,28,0,6,0,73,0,2,0
23,75,2,0,0,1,1,28,1,0,1,65,1,1,0
23,75,1,0,2,1,1,28,0,6,0,73,0,2,0
23,75,1,0,2,1,1,28,1,0,1,65,1,1,0
23,75,0,1,1,1,1,28,0,6,0,73,0,2,0
23,75,0,1,1,1,1,28,1,0,1,65,1,1,0
13,76,2,0,0,1,0,22,0,6,1,85,1,0,1
13,76,2,0,0,1,0,23,1,10,1,89,1,2,2
13,76,2,0,0,1,0,26,0,16,0,62,1,0,0
24,64,1,1,2,1,1,28,3,5,0,81,1,0,2
24,64,1,1,2,1,1,26,3,17,1,60,1,2,2
24,64,1,1,2,1,1,27,1,6,0,89,1,2,3
24,64,2,1,2,1,1,28,3,5,0,81,1,0,2
24,64,2,1,2,1,1,26,3,17,1,60,1,2,2
24,64,2,1,2,1,1,27,1,6,0,89,1,2,3
24,64,1,1,0,1,1,28,3,5,0,81,1,0,2
24,64,1,1,0,1,1,26,3,17,1,60,1,2,2
24,64,1,1,0,1,1,27,1,6,0,89,1,2,3
24,64,0,0,1,1,1,28,3,5,0,81,1,0,2
24,64,0,0,1,1,1,26,3,17,1,60,1,2,2
24,64,0,0,1,1,1,27,1,6,0,89,1,2,3
14,97,1,1,1,1,0,19,1,0,1,75,1,2,1
14,97,1,1,1,1,0,20,3,6,1,77,1,2,2
14,97,1,1,1,1,0,20,0,2,1,94,1,0,0
14,97,1,1,1,1,0,29,3,3,1,93,1,1,3
14,97,0,0,2,1,0,19,1,0,1,75,1,2,1
14,97,0,0,2,1,0,20,3,6,1,77,1,2,2
14,97,0,0,2,1,0,20,0,2,1,94,1,0,0
14,97,0,0,2,1,0,29,3,3,1,93,1,1,3
14,97,2,0,1,0,0,19,1,0,1,75,1,2,1
14,97,2,0,1,0,0,20,3,6,1,77,1,2,2
14,97,2,0,1,0,0,20,0,2,1,94,1,0,0
14,97,2,0,1,0,0,29,3,3,1,93,1,1,3
14,97,1,1,2,1,0,19,1,0,1,75,1,2,1
14,97,1,1,2,1,0,20,3,6,1,77,1,2,2
14,97,1,1,2,1,0,20,0,2,1,94,1,0,0
14,97,1,1,2,1,0,29,3,3,1,93,1,1,3
25,64,2,0,0,1,1,20,3,4,0,100,1,2,0
25,64,2,0,0,1,1,22,1,7,1,57,1,0,3
25,64,0,1,1,1,1,20,3,4,0,100,1,2,0
25,64,0,1,1,1,1,22,1,7,1,57,1,0,3
25,64,1,1,0,1,1,20,3,4,0,100,1,2,0
25,64,1,1,0,1,1,22,1,7,1,57,1,0,3
27,86,1,0,0,1,1,21,3,15,1,71,1,1,2
27,86,1,0,0,1,1,29,3,11,1,51,1,1,2
27,86,1,1,0,1,1,21,3,15,1,71,1,1,2
27,86,1,1,0,1,1,29,3,11,1,51,1,1,2
27,86,1,1,1,1,1,21,3,15,1,71,1,1,2
27,86,1,1,1,1,1,29,3,11,1,51,1,1,2
27,86,1,0,1,1,1,21,3,15,1,71,1,1,2
27,86,1,0,1,1,1,29,3,11,1,51,1,1,2
27,86,2,0,1,1,1,21,3,15,1,71,1,1,2
27,86,2,0,1,1,1,29,3,11,1,51,1,1,2
15,77,1,1,0,1,1,19,2,2,0,90,0,2,1
15,77,1,1,0,1,1,28,0,10,1,51,1,2,1
15,77,1,1,2,1,1,19,2,2,0,90,0,2,1
15,77,1,1,2,1,1,28,0,10,1,51,1,2,1
15,77,1,1,1,1,1,19,2,2,0,90,0,2,1
15,77,1,1,1,1,1,28,0,10,1,51,1,2,1
15,77,1,1,0,0,1,19,2,2,0,90,0,2,1
15,77,1,1,0,0,1,28,0,10,1,51,1,2,1
15,77,2,1,1,1,1,19,2,2,0,90,0,2,1
15,77,2,1,1,1,1,28,0,10,1,51,1,2,1
26,76,2,1,1,1,1,28,3,12,1,77,1,2,3
26,76,2,1,1,1,1,19,3,20,1,98,0,1,3
26,76,2,1,1,1,1,29,2,17,1,70,1,2,0
26,76,1,1,1,1,1,28,3,12,1,77,1,2,3
26,76,1,1,1,1,1,19,3,20,1,98,0,1,3
26,76,1,1,1,1,1,29,2,17,1,70,1,2,0
26,76,1,1,2,1,1,28,3,12,1,77,1,2,3
26,76,1,1,2,1,1,19,3,20,1,98,0,1,3
26,76,1,1,2,1,1,29,2,17,1,70,1,2,0
26,76,1,0,0,1,1,28,3,12,1,77,1,2,3
26,76,1,0,0,1,1,19,3,20,1,98,0,1,3
26,76,1,0,0,1,1,29,2,17,1,70,1,2,0
26,76,0,1,0,1,1,28,3,12,1,77,1,2,3
26,76,0,1,0,1,1,19,3,20,1,98,0,1,3
26,76,0,1,0,1,1,29,2,17,1,70,1,2,0
26,76,0,0,2,1,1,28,3,12,1,77,1,2,3
26,76,0,0,2,1,1,19,3,20,1,98,0,1,3
26,76,0,0,2,1,1,29,2,17,1,70,1,2,0
22,87,0,1,1,0,1,18,3,16,1,100,1,2,1
22,87,1,0,0,1,1,18,3,16,1,100,1,2,1
31,84,1,1,1,1,1,26,2,3,0,60,1,1,2
31,84,1,1,1,1,1,22,0,10,1,91,1,2,1
31,84,1,0,2,1,1,26,2,3,0,60,1,1,2
31,84,1,0,2,1,1,22,0,10,1,91,1,2,1
31,84,2,0,0,1,1,26,2,3,0,60,1,1,2
31,84,2,0,0,1,1,22,0,10,1,91,1,2,1
31,84,1,0,1,0,1,26,2,3,0,60,1,1,2
31,84,1,0,1,0,1,22,0,10,1,91,1,2,1
19,91,0,0,1,1,1,24,0,20,0,53,1,0,2
19,91,0,0,1,1,1,27,1,11,1,65,1,1,3
19,91,0,1,1,1,1,24,0,20,0,53,1,0,2
19,91,0,1,1,1,1,27,1,11,1,65,1,1,3
19,91,2,1,2,1,1,24,0,20,0,53,1,0,2
19,91,2,1,2,1,1,27,1,11,1,65,1,1,3
19,91,1,0,2,1,1,24,0,20,0,53,1,0,2
19,91,1,0,2,1,1,27,1,11,1,65,1,1,3
19,91,0,0,2,1,1,24,0,20,0,53,1,0,2
19,91,0,0,2,1,1,27,1,11,1,65,1,1,3
15,93,1,0,1,1,1,19,2,13,0,62,1,1,0
15,93,1,0,1,1,1,22,3,10,1,50,1,1,2
15,93,1,1,0,1,1,19,2,13,0,62,1,1,0
15,93,1,1,0,1,1,22,3,10,1,50,1,1,2
15,67,1,1,2,1,1,18,1,6,1,61,1,2,0
15,67,1,1,2,1,1,20,1,17,0,77,1,1,0
15,67,1,0,1,1,1,18,1,6,1,61,1,2,0
15,67,1,0,1,1,1,20,1,17,0,77,1,1,0
15,67,1,1,0,1,1,18,1,6,1,61,1,2,0
15,67,1,1,0,1,1,20,1,17,0,77,1,1,0
15,67,1,1,1,1,1,18,1,6,1,61,1,2,0
15,67,1,1,1,1,1,20,1,17,0,77,1,1,0
15,67,2,1,0,1,1,18,1,6,1,61,1,2,0
15,67,2,1,0,1,1,20,1,17,0,77,1,1,0
15,67,2,1,2,1,1,18,1,6,1,61,1,2,0
15,67,2,1,2,1,1,20,1,17,0,77,1,1,0
15,67,0,1,1,1,1,18,1,6,1,61,1,2,0
15,67,0,1,1,1,1,20,1,17,0,77,1,1,0
15,96,1,0,2,0,1,18,0,9,0,98,0,2,1
15,96,1,0,1,1,1,18,0,9,0,98,0,2,1
15,96,2,1,2,1,1,18,0,9,0,98,0,2,1
15,96,1,1,1,1,1,18,0,9,0,98,0,2,1
15,96,0,0,2,1,1,18,0,9,0,98,0,2,1
15,96,2,0,1,1,1,18,0,9,0,98,0,2,1
20,86,0,0,1,1,0,27,3,3,1,50,1,2,1
20,86,0,0,1,1,0,24,1,1,1,73,1,2,0
20,86,0,0,1,1,0,23,3,18,1,75,1,1,1
20,86,0,0,0,1,0,27,3,3,1,50,1,2,1
20,86,0,0,0,1,0,24,1,1,1,73,1,2,0
20,86,0,0,0,1,0,23,3,18,1,75,1,1,1
22,95,2,0,0,1,1,29,1,3,1,66,0,1,0
22,95,1,0,1,1,1,29,1,3,1,66,0,1,0
22,95,2,1,2,1,1,29,1,3,1,66,0,1,0
22,79,1,0,1,1,1,26,2,5,0,100,1,2,0
22,79,1,1,2,1,1,26,2,5,0,100,1,2,0
22,79,2,1,1,1,1,26,2,5,0,100,1,2,0
22,79,1,1,0,1,1,26,2,5,0,100,1,2,0
22,79,1,1,1,1,1,26,2,5,0,100,1,2,0
22,79,0,1,0,1,1,26,2,5,0,100,1,2,0
22,79,1,0,0,1,1,26,2,5,0,100,1,2,0
22,79,0,0,1,1,1,26,2,5,0,100,1,2,0
25,82,1,0,1,0,0,18,2,14,0,79,0,0,1
25,82,1,0,1,0,0,18,2,0,0,88,1,2,3
25,82,1,0,2,1,0,18,2,14,0,79,0,0,1
25,82,1,0,2,1,0,18,2,0,0,88,1,2,3
25,82,1,1,2,1,0,18,2,14,0,79,0,0,1
25,82,1,1,2,1,0,18,2,0,0,88,1,2,3
25,82,1,0,1,1,0,18,2,14,0,79,0,0,1
25,82,1,0,1,1,0,18,2,0,0,88,1,2,3
20,97,1,1,0,1,1,23,0,7,0,85,1,0,1
20,97,1,1,0,1,1,18,2,3,1,74,0,2,0
20,97,1,1,0,1,1,23,2,8,0,74,1,1,2
20,97,2,0,1,1,1,23,0,7,0,85,1,0,1
20,97,2,0,1,1,1,18,2,3,1,74,0,2,0
20,97,2,0,1,1,1,23,2,8,0,74,1,1,2
20,97,2,0,0,1,1,23,0,7,0,85,1,0,1
20,97,2,0,0,1,1,18,2,3,1,74,0,2,0
20,97,2,0,0,1,1,23,2,8,0,74,1,1,2
20,97,1,1,2,1,1,23,0,7,0,85,1,0,1
20,97,1,1,2,1,1,18,2,3,1,74,0,2,0
20,97,1,1,2,1,1,23,2,8,0,74,1,1,2
20,97,2,1,1,1,1,23,0,7,0,85,1,0,1
20,97,2,1,1,1,1,18,2,3,1,74,0,2,0
20,97,2,1,1,1,1,23,2,8,0,74,1,1,2
20,97,0,1,0,1,1,23,0,7,0,85,1,0,1
20,97,0,1,0,1,1,18,2,3,1,74,0,2,0
20,97,0,1,0,1,1,23,2,8,0,74,1,1,2
20,97,1,0,1,1,1,23,0,7,0,85,1,0,1
20,97,1,0,1,1,1,18,2,3,1,74,0,2,0
20,97,1,0,1,1,1,23,2,8,0,74,1,1,2
29,96,1,1,0,0,0,28,0,17,1,62,1,2,2
29,96,0,0,1,1,0,28,0,17,1,62,1,2,2
29,96,2,1,1,1,0,28,0,17,1,62,1,2,2
18,78,1,0,2,1,0,29,3,8,1,50,0,2,2
18,78,0,0,1,1,0,29,3,8,1,50,0,2,2
18,78,1,1,2,0,0,29,3,8,1,50,0,2,2
18,78,1,1,0,0,0,29,3,8,1,50,0,2,2
18,78,0,1,1,1,0,29,3,8,1,50,0,2,2
18,78,2,1,1,1,0,29,3,8,1,50,0,2,2
18,78,1,1,1,1,0,29,3,8,1,50,0,2,2
36,71,1,1,1,1,1,27,1,17,0,94,1,2,2
36,71,1,1,1,1,1,28,1,1,1,63,1,2,2
24,76,2,0,0,1,1,29,1,17,1,76,0,1,2
24,76,2,0,0,1,1,27,3,4,1,90,1,2,0
24,76,2,0,0,1,1,26,2,3,0,99,1,2,3
24,76,2,0,0,1,1,19,3,16,1,53,1,2,0
24,76,1,1,1,1,1,29,1,17,1,76,0,1,2
24,76,1,1,1,1,1,27,3,4,1,90,1,2,0
24,76,1,1,1,1,1,26,2,3,0,99,1,2,3
24,76,1,1,1,1,1,19,3,16,1,53,1,2,0
24,76,0,1,1,1,1,29,1,17,1,76,0,1,2
24,76,0,1,1,1,1,27,3,4,1,90,1,2,0
24,76,0,1,1,1,1,26,2,3,0,99,1,2,3
24,76,0,1,1,1,1,19,3,16,1,53,1,2,0
24,76,0,1,0,1,1,29,1,17,1,76,0,1,2
24,76,0,1,0,1,1,27,3,4,1,90,1,2,0
24,76,0,1,0,1,1,26,2,3,0,99,1,2,3
24,76,0,1,0,1,1,19,3,16,1,53,1,2,0
24,76,1,0,2,1,1,29,1,17,1,76,0,1,2
24,76,1,0,2,1,1,27,3,4,1,90,1,2,0
24,76,1,0,2,1,1,26,2,3,0,99,1,2,3
24,76,1,0,2,1,1,19,3,16,1,53,1,2,0
24,76,1,0,0,1,1,29,1,17,1,76,0,1,2
24,76,1,0,0,1,1,27,3,4,1,90,1,2,0
24,76,1,0,0,1,1,26,2,3,0,99,1,2,3
24,76,1,0,0,1,1,19,3,16,1,53,1,2,0
15,76,2,0,1,1,1,28,2,18,1,61,1,2,3
15,76,2,0,1,1,1,24,2,20,1,58,0,0,0
14,71,1,1,0,1,1,19,1,2,0,89,0,0,2
14,71,1,1,0,1,1,19,0,18,1,60,0,0,3
14,71,1,1,0,1,1,26,3,20,1,75,1,2,0
23,71,0,1,0,1,1,26,3,2,1,69,0,2,3
23,71,1,1,1,0,1,26,3,2,1,69,0,2,3
23,71,0,1,1,1,1,26,3,2,1,69,0,2,3
23,71,1,1,0,1,1,26,3,2,1,69,0,2,3
19,94,1,1,1,1,1,20,1,6,1,69,1,2,2
19,94,1,1,1,1,1,18,0,20,1,68,1,2,3
19,94,1,1,1,1,1,23,3,5,0,58,1,2,2
19,94,1,1,1,1,1,23,2,3,1,83,1,2,0
19,94,1,0,1,1,1,20,1,6,1,69,1,2,2
19,94,1,0,1,1,1,18,0,20,1,68,1,2,3
19,94,1,0,1,1,1,23,3,5,0,58,1,2,2
19,94,1,0,1,1,1,23,2,3,1,83,1,2,0
19,94,0,1,2,1,1,20,1,6,1,69,1,2,2
19,94,0,1,2,1,1,18,0,20,1,68,1,2,3
19,94,0,1,2,1,1,23,3,5,0,58,1,2,2
19,94,0,1,2,1,1,23,2,3,1,83,1,2,0
19,94,2,1,1,1,1,20,1,6,1,69,1,2,2
19,94,2,1,1,1,1,18,0,20,1,68,1,2,3
19,94,2,1,1,1,1,23,3,5,0,58,1,2,2
19,94,2,1,1,1,1,23,2,3,1,83,1,2,0
19,94,2,0,1,1,1,20,1,6,1,69,1,2,2
19,94,2,0,1,1,1,18,0,20,1,68,1,2,3
19,94,2,0,1,1,1,23,3,5,0,58,1,2,2
19,94,2,0,1,1,1,23,2,3,1,83,1,2,0
24,63,0,1,1,1,0,26,3,8,1,81,1,2,2
24,63,0,1,1,1,0,27,2,19,1,95,1,2,0
24,63,0,1,1,1,0,29,1,4,1,58,1,2,0
24,63,0,1,0,1,0,26,3,8,1,81,1,2,2
24,63,0,1,0,1,0,27,2,19,1,95,1,2,0
24,63,0,1,0,1,0,29,1,4,1,58,1,2,0
24,63,1,0,0,1,0,26,3,8,1,81,1,2,2
24,63,1,0,0,1,0,27,2,19,1,95,1,2,0
24,63,1,0,0,1,0,29,1,4,1,58,1,2,0
24,63,0,0,0,0,0,26,3,8,1,81,1,2,2
24,63,0,0,0,0,0,27,2,19,1,95,1,2,0
24,63,0,0,0,0,0,29,1,4,1,58,1,2,0
24,63,1,1,2,1,0,26,3,8,1,81,1,2,2
24,63,1,1,2,1,0,27,2,19,1,95,1,2,0
24,63,1,1,2,1,0,29,1,4,1,58,1,2,0
24,63,1,0,1,0,0,26,3,8,1,81,1,2,2
24,63,1,0,1,0,0,27,2,19,1,95,1,2,0
24,63,1,0,1,0,0,29,1,4,1,58,1,2,0
23,87,2,1,2,1,1,26,1,4,0,67,1,1,0
23,87,2,0,1,1,1,26,1,4,0,67,1,1,0
23,87,1,1,1,1,1,26,1,4,0,67,1,1,0
23,87,1,0,2,1,1,26,1,4,0,67,1,1,0
23,87,0,0,1,1,1,26,1,4,0,67,1,1,0
23,87,2,1,1,1,1,26,1,4,0,67,1,1,0
20,67,1,1,1,1,1,29,1,5,1,85,1,0,2
20,67,1,1,1,1,1,24,0,9,0,83,0,2,0
20,67,1,1,1,1,1,26,1,5,1,59,1,2,2
20,67,0,0,1,1,1,29,1,5,1,85,1,0,2
20,67,0,0,1,1,1,24,0,9,0,83,0,2,0
20,67,0,0,1,1,1,26,1,5,1,59,1,2,2
20,67,0,1,1,1,1,29,1,5,1,85,1,0,2
20,67,0,1,1,1,1,24,0,9,0,83,0,2,0
20,67,0,1,1,1,1,26,1,5,1,59,1,2,2
20,67,2,0,2,1,1,29,1,5,1,85,1,0,2
20,67,2,0,2,1,1,24,0,9,0,83,0,2,0
20,67,2,0,2,1,1,26,1,5,1,59,1,2,2
20,67,1,0,0,0,1,29,1,5,1,85,1,0,2
20,67,1,0,0,0,1,24,0,9,0,83,0,2,0
20,67,1,0,0,0,1,26,1,5,1,59,1,2,2
15,74,2,1,0,1,0,29,1,0,1,88,1,1,2
15,74,2,1,0,1,0,19,0,13,1,67,1,2,3
15,74,0,0,0,1,0,29,1,0,1,88,1,1,2
15,74,0,0,0,1,0,19,0,13,1,67,1,2,3
11,62,2,1,1,1,1,23,3,20,0,72,1,2,3
11,62,2,1,1,1,1,20,1,15,0,69,1,1,0
11,62,2,1,1,1,1,22,0,10,0,82,1,2,3
11,62,2,1,1,1,1,24,2,19,1,69,1,1,1
11,62,2,1,1,1,1,24,2,20,1,79,1,2,1
11,62,2,1,1,1,1,23,2,5,0,76,1,2,0
11,62,1,1,2,1,1,23,3,20,0,72,1,2,3
11,62,1,1,2,1,1,20,1,15,0,69,1,1,0
11,62,1,1,2,1,1,22,0,10,0,82,1,2,3
11,62,1,1,2,1,1,24,2,19,1,69,1,1,1
11,62,1,1,2,1,1,24,2,20,1,79,1,2,1
11,62,1,1,2,1,1,23,2,5,0,76,1,2,0
17,71,1,1,1,1,1,23,0,10,1,68,0,0,2
17,71,1,1,0,1,1,23,0,10,1,68,0,0,2
17,71,0,1,0,1,1,23,0,10,1,68,0,0,2
25,91,1,0,0,1,1,28,1,8,1,62,1,2,2
25,91,1,0,0,1,1,26,1,16,0,54,1,2,2
25,91,1,0,0,1,1,27,3,10,1,71,0,0,3
25,91,1,0,0,1,1,20,0,17,1,73,1,2,3
25,91,1,0,2,1,1,28,1,8,1,62,1,2,2
25,91,1,0,2,1,1,26,1,16,0,54,1,2,2
25,91,1,0,2,1,1,27,3,10,1,71,0,0,3
25,91,1,0,2,1,1,20,0,17,1,73,1,2,3
25,91,1,0,1,1,1,28,1,8,1,62,1,2,2
25,91,1,0,1,1,1,26,1,16,0,54,1,2,2
25,91,1,0,1,1,1,27,3,10,1,71,0,0,3
25,91,1,0,1,1,1,20,0,17,1,73,1,2,3
25,91,2,0,1,1,1,28,1,8,1,62,1,2,2
25,91,2,0,1,1,1,26,1,16,0,54,1,2,2
25,91,2,0,1,1,1,27,3,10,1,71,0,0,3
25,91,2,0,1,1,1,20,0,17,1,73,1,2,3
21,95,1,0,2,1,1,26,2,2,1,72,1,2,0
21,95,1,0,2,1,1,22,1,20,1,58,0,2,2
21,95,1,0,2,1,1,24,3,11,1,88,1,2,0
21,95,1,0,2,1,1,20,1,15,0,99,1,1,1
21,95,1,0,2,1,1,18,3,10,1,88,1,1,1
21,95,0,0,0,1,1,26,2,2,1,72,1,2,0
21,95,0,0,0,1,1,22,1,20,1,58,0,2,2
21,95,0,0,0,1,1,24,3,11,1,88,1,2,0
21,95,0,0,0,1,1,20,1,15,0,99,1,1,1
21,95,0,0,0,1,1,18,3,10,1,88,1,1,1
21,95,1,0,1,1,1,26,2,2,1,72,1,2,0
21,95,1,0,1,1,1,22,1,20,1,58,0,2,2
21,95,1,0,1,1,1,24,3,11,1,88,1,2,0
21,95,1,0,1,1,1,20,1,15,0,99,1,1,1
21,95,1,0,1,1,1,18,3,10,1,88,1,1,1
21,95,1,1,2,1,1,26,2,2,1,72,1,2,0
21,95,1,1,2,1,1,22,1,20,1,58,0,2,2
21,95,1,1,2,1,1,24,3,11,1,88,1,2,0
21,95,1,1,2,1,1,20,1,15,0,99,1,1,1
21,95,1,1,2,1,1,18,3,10,1,88,1,1,1
21,95,2,0,1,1,1,26,2,2,1,72,1,2,0
21,95,2,0,1,1,1,22,1,20,1,58,0,2,2
21,95,2,0,1,1,1,24,3,11,1,88,1,2,0
21,95,2,0,1,1,1,20,1,15,0,99,1,1,1
21,95,2,0,1,1,1,18,3,10,1,88,1,1,1
21,95,2,1,0,0,1,26,2,2,1,72,1,2,0
21,95,2,1,0,0,1,22,1,20,1,58,0,2,2
21,95,2,1,0,0,1,24,3,11,1,88,1,2,0
21,95,2,1,0,0,1,20,1,15,0,99,1,1,1
21,95,2,1,0,0,1,18,3,10,1,88,1,1,1
21,95,2,1,1,0,1,26,2,2,1,72,1,2,0
21,95,2,1,1,0,1,22,1,20,1,58,0,2,2
21,95,2,1,1,0,1,24,3,11,1,88,1,2,0
21,95,2,1,1,0,1,20,1,15,0,99,1,1,1
21,95,2,1,1,0,1,18,3,10,1,88,1,1,1
21,95,1,1,1,1,1,26,2,2,1,72,1,2,0
21,95,1,1,1,1,1,22,1,20,1,58,0,2,2
21,95,1,1,1,1,1,24,3,11,1,88,1,2,0
21,95,1,1,1,1,1,20,1,15,0,99,1,1,1
21,95,1,1,1,1,1,18,3,10,1,88,1,1,1
13,69,0,1,0,1,0,23,1,16,1,56,0,1,2
13,69,0,1,0,1,0,18,0,7,0,74,0,2,1
13,69,0,1,0,1,0,23,3,12,1,96,1,1,2
13,69,0,1,0,1,0,28,0,12,1,58,0,2,3
13,69,1,1,0,1,0,23,1,16,1,56,0,1,2
13,69,1,1,0,1,0,18,0,7,0,74,0,2,1
13,69,1,1,0,1,0,23,3,12,1,96,1,1,2
13,69,1,1,0,1,0,28,0,12,1,58,0,2,3
13,69,0,1,2,0,0,23,1,16,1,56,0,1,2
13,69,0,1,2,0,0,18,0,7,0,74,0,2,1
13,69,0,1,2,0,0,23,3,12,1,96,1,1,2
13,69,0,1,2,0,0,28,0,12,1,58,0,2,3
21,79,2,1,0,1,1,19,3,9,1,59,0,2,1
21,79,2,1,0,1,1,23,1,10,1,85,1,2,2
21,79,2,1,0,1,1,26,1,1,1,75,1,2,1
21,79,1,0,0,1,1,19,3,9,1,59,0,2,1
21,79,1,0,0,1,1,23,1,10,1,85,1,2,2
21,79,1,0,0,1,1,26,1,1,1,75,1,2,1
21,79,0,1,1,1,1,19,3,9,1,59,0,2,1
21,79,0,1,1,1,1,23,1,10,1,85,1,2,2
21,79,0,1,1,1,1,26,1,1,1,75,1,2,1
21,79,1,1,0,1,1,19,3,9,1,59,0,2,1
21,79,1,1,0,1,1,23,1,10,1,85,1,2,2
21,79,1,1,0,1,1,26,1,1,1,75,1,2,1
21,79,1,1,2,1,1,19,3,9,1,59,0,2,1
21,79,1,1,2,1,1,23,1,10,1,85,1,2,2
21,79,1,1,2,1,1,26,1,1,1,75,1,2,1
21,79,2,1,1,1,1,19,3,9,1,59,0,2,1
21,79,2,1,1,1,1,23,1,10,1,85,1,2,2
21,79,2,1,1,1,1,26,1,1,1,75,1,2,1
21,79,0,1,0,1,1,19,3,9,1,59,0,2,1
21,79,0,1,0,1,1,23,1,10,1,85,1,2,2
21,79,0,1,0,1,1,26,1,1,1,75,1,2,1
21,79,1,1,1,1,1,19,3,9,1,59,0,2,1
21,79,1,1,1,1,1,23,1,10,1,85,1,2,2
21,79,1,1,1,1,1,26,1,1,1,75,1,2,1
21,79,0,1,2,1,1,19,3,9,1,59,0,2,1
21,79,0,1,2,1,1,23,1,10,1,85,1,2,2
21,79,0,1,2,1,1,26,1,1,1,75,1,2,1
21,91,2,1,1,1,1,26,0,10,0,83,0,2,0
21,91,1,1,2,1,1,26,0,10,0,83,0,2,0
20,81,1,1,2,0,1,19,0,2,1,73,0,0,2
20,81,1,1,2,0,1,22,2,12,1,83,1,2,1
20,81,1,1,0,1,1,19,0,2,1,73,0,0,2
20,81,1,1,0,1,1,22,2,12,1,83,1,2,1
20,81,1,1,1,1,1,19,0,2,1,73,0,0,2
20,81,1,1,1,1,1,22,2,12,1,83,1,2,1
20,81,2,1,0,0,1,19,0,2,1,73,0,0,2
20,81,2,1,0,0,1,22,2,12,1,83,1,2,1
20,81,2,1,1,1,1,19,0,2,1,73,0,0,2
20,81,2,1,1,1,1,22,2,12,1,83,1,2,1
20,81,1,0,1,1,1,19,0,2,1,73,0,0,2
20,81,1,0,1,1,1,22,2,12,1,83,1,2,1
13,87,0,1,1,1,0,28,3,11,0,88,1,0,2
13,87,1,0,0,1,0,28,3,11,0,88,1,0,2
13,87,0,1,2,1,0,28,3,11,0,88,1,0,2
22,94,1,1,2,1,0,28,3,13,1,83,0,2,2
22,94,1,1,2,1,0,23,3,11,1,98,1,0,0
22,94,1,1,1,1,0,28,3,13,1,83,0,2,2
22,94,1,1,1,1,0,23,3,11,1,98,1,0,0
22,94,0,0,2,1,0,28,3,13,1,83,0,2,2
22,94,0,0,2,1,0,23,3,11,1,98,1,0,0
23,60,1,1,1,1,1,27,2,12,1,92,0,1,2
23,60,1,1,1,1,1,19,2,16,0,93,1,2,2
23,60,1,1,1,1,1,29,3,15,0,63,1,1,2
12,90,0,1,1,0,1,24,1,7,0,88,0,2,0
12,90,0,1,1,0,1,18,1,0,0,62,0,2,1
12,90,0,1,1,0,1,20,0,5,1,67,1,1,1
12,90,2,0,0,1,1,24,1,7,0,88,0,2,0
12,90,2,0,0,1,1,18,1,0,0,62,0,2,1
12,90,2,0,0,1,1,20,0,5,1,67,1,1,1
12,90,2,1,0,0,1,24,1,7,0,88,0,2,0
12,90,2,1,0,0,1,18,1,0,0,62,0,2,1
12,90,2,1,0,0,1,20,0,5,1,67,1,1,1
12,90,2,1,1,1,1,24,1,7,0,88,0,2,0
12,90,2,1,1,1,1,18,1,0,0,62,0,2,1
12,90,2,1,1,1,1,20,0,5,1,67,1,1,1
12,90,0,1,0,1,1,24,1,7,0,88,0,2,0
12,90,0,1,0,1,1,18,1,0,0,62,0,2,1
12,90,0,1,0,1,1,20,0,5,1,67,1,1,1
12,90,0,1,1,1,1,24,1,7,0,88,0,2,0
12,90,0,1,1,1,1,18,1,0,0,62,0,2,1
12,90,0,1,1,1,1,20,0,5,1,67,1,1,1
14,82,1,0,1,1,1,19,3,1,1,60,1,2,3
14,82,1,0,1,1,1,27,2,4,1,70,1,2,1
14,82,1,0,1,1,1,20,0,3,0,63,1,1,3
14,82,1,0,0,1,1,19,3,1,1,60,1,2,3
14,82,1,0,0,1,1,27,2,4,1,70,1,2,1
14,82,1,0,0,1,1,20,0,3,0,63,1,1,3
14,82,1,1,1,1,1,19,3,1,1,60,1,2,3
14,82,1,1,1,1,1,27,2,4,1,70,1,2,1
14,82,1,1,1,1,1,20,0,3,0,63,1,1,3
14,82,0,1,2,1,1,19,3,1,1,60,1,2,3
14,82,0,1,2,1,1,27,2,4,1,70,1,2,1
14,82,0,1,2,1,1,20,0,3,0,63,1,1,3
14,82,2,0,0,1,1,19,3,1,1,60,1,2,3
14,82,2,0,0,1,1,27,2,4,1,70,1,2,1
14,82,2,0,0,1,1,20,0,3,0,63,1,1,3
23,81,1,1,1,1,1,20,1,3,1,59,1,2,2
23,81,1,1,1,1,1,19,2,5,1,90,1,2,3
23,81,1,1,1,1,1,27,0,6,1,79,1,2,2
23,81,0,0,1,1,1,20,1,3,1,59,1,2,2
23,81,0,0,1,1,1,19,2,5,1,90,1,2,3
23,81,0,0,1,1,1,27,0,6,1,79,1,2,2
23,81,1,0,0,1,1,20,1,3,1,59,1,2,2
23,81,1,0,0,1,1,19,2,5,1,90,1,2,3
23,81,1,0,0,1,1,27,0,6,1,79,1,2,2
23,81,1,0,1,1,1,20,1,3,1,59,1,2,2
23,81,1,0,1,1,1,19,2,5,1,90,1,2,3
23,81,1,0,1,1,1,27,0,6,1,79,1,2,2
23,81,1,0,2,1,1,20,1,3,1,59,1,2,2
23,81,1,0,2,1,1,19,2,5,1,90,1,2,3
23,81,1,0,2,1,1,27,0,6,1,79,1,2,2
23,81,2,0,0,1,1,20,1,3,1,59,1,2,2
23,81,2,0,0,1,1,19,2,5,1,90,1,2,3
23,81,2,0,0,1,1,27,0,6,1,79,1,2,2
23,74,2,1,0,1,1,22,2,4,1,61,1,2,1
23,74,2,1,0,1,1,28,2,14,1,72,0,2,2
23,74,2,1,0,1,1,26,3,1,1,65,1,2,2
23,74,0,0,0,1,1,22,2,4,1,61,1,2,1
23,74,0,0,0,1,1,28,2,14,1,72,0,2,2
23,74,0,0,0,1,1,26,3,1,1,65,1,2,2
23,74,1,0,1,1,1,22,2,4,1,61,1,2,1
23,74,1,0,1,1,1,28,2,14,1,72,0,2,2
23,74,1,0,1,1,1,26,3,1,1,65,1,2,2
23,74,2,1,1,1,1,22,2,4,1,61,1,2,1
23,74,2,1,1,1,1,28,2,14,1,72,0,2,2
23,74,2,1,1,1,1,26,3,1,1,65,1,2,2
23,74,2,1,0,0,1,22,2,4,1,61,1,2,1
23,74,2,1,0,0,1,28,2,14,1,72,0,2,2
23,74,2,1,0,0,1,26,3,1,1,65,1,2,2
23,74,1,1,1,0,1,22,2,4,1,61,1,2,1
23,74,1,1,1,0,1,28,2,14,1,72,0,2,2
23,74,1,1,1,0,1,26,3,1,1,65,1,2,2
43,86,1,1,1,1,0,27,3,2,1,56,0,0,2
23,77,2,1,0,1,0,23,3,10,0,55,0,2,2
23,77,2,1,0,1,0,22,3,0,0,90,0,2,1
23,77,2,1,0,1,0,29,0,16,0,52,1,1,0
23,77,2,1,0,1,0,22,2,19,1,59,1,1,3
23,77,2,1,1,1,0,23,3,10,0,55,0,2,2
23,77,2,1,1,1,0,22,3,0,0,90,0,2,1
23,77,2,1,1,1,0,29,0,16,0,52,1,1,0
23,77,2,1,1,1,0,22,2,19,1,59,1,1,3
23,77,1,1,1,1,0,23,3,10,0,55,0,2,2
23,77,1,1,1,1,0,22,3,0,0,90,0,2,1
23,77,1,1,1,1,0,29,0,16,0,52,1,1,0
23,77,1,1,1,1,0,22,2,19,1,59,1,1,3
27,89,2,1,1,1,1,27,3,19,0,51,1,2,2
27,89,2,1,1,1,1,18,0,17,1,77,0,0,1
27,89,2,1,1,1,1,25,2,20,1,98,1,0,0
27,89,1,0,1,1,1,27,3,19,0,51,1,2,2
27,89,1,0,1,1,1,18,0,17,1,77,0,0,1
27,89,1,0,1,1,1,25,2,20,1,98,1,0,0
26,94,2,0,2,1,1,29,2,13,1,100,0,2,0
26,94,2,0,2,1,1,21,1,20,0,72,0,2,1
26,94,1,1,0,1,1,29,2,13,1,100,0,2,0
26,94,1,1,0,1,1,21,1,20,0,72,0,2,1
26,94,0,1,0,1,1,29,2,13,1,100,0,2,0
26,94,0,1,0,1,1,21,1,20,0,72,0,2,1
24,66,0,0,0,1,0,22,2,3,0,56,0,0,1
18,78,1,1,1,0,1,24,2,15,1,76,0,2,1
18,78,1,1,0,1,1,24,2,15,1,76,0,2,1
18,78,2,1,0,1,1,24,2,15,1,76,0,2,1
18,78,2,1,2,1,1,24,2,15,1,76,0,2,1
18,78,1,0,1,1,1,24,2,15,1,76,0,2,1
18,78,2,0,2,1,1,24,2,15,1,76,0,2,1
18,78,0,1,2,1,1,24,2,15,1,76,0,2,1
18,78,1,0,0,0,1,24,2,15,1,76,0,2,1
25,76,1,1,2,1,0,22,2,20,1,98,0,1,2
25,76,1,1,2,1,0,22,2,20,1,56,0,2,1
25,76,2,1,1,1,0,22,2,20,1,98,0,1,2
25,76,2,1,1,1,0,22,2,20,1,56,0,2,1
25,76,2,0,2,1,0,22,2,20,1,98,0,1,2
25,76,2,0,2,1,0,22,2,20,1,56,0,2,1
25,76,0,1,1,1,0,22,2,20,1,98,0,1,2
25,76,0,1,1,1,0,22,2,20,1,56,0,2,1
15,87,2,1,1,1,1,29,0,6,0,59,1,1,2
15,87,2,1,1,1,1,18,2,10,0,95,1,2,0
15,87,2,1,1,1,1,24,2,11,1,52,1,2,0
15,87,1,0,1,1,1,29,0,6,0,59,1,1,2
15,87,1,0,1,1,1,18,2,10,0,95,1,2,0
15,87,1,0,1,1,1,24,2,11,1,52,1,2,0
15,87,0,1,2,1,1,29,0,6,0,59,1,1,2
15,87,0,1,2,1,1,18,2,10,0,95,1,2,0
15,87,0,1,2,1,1,24,2,11,1,52,1,2,0
15,87,1,1,1,1,1,29,0,6,0,59,1,1,2
15,87,1,1,1,1,1,18,2,10,0,95,1,2,0
15,87,1,1,1,1,1,24,2,11,1,52,1,2,0
19,70,0,0,2,1,1,26,3,8,1,56,1,2,1
19,70,0,0,2,1,1,23,0,6,0,53,1,0,0
19,70,1,0,0,0,1,26,3,8,1,56,1,2,1
19,70,1,0,0,0,1,23,0,6,0,53,1,0,0
19,70,0,1,0,1,1,26,3,8,1,56,1,2,1
19,70,0,1,0,1,1,23,0,6,0,53,1,0,0
19,70,1,1,0,1,1,26,3,8,1,56,1,2,1
19,70,1,1,0,1,1,23,0,6,0,53,1,0,0
19,70,0,0,1,1,1,26,3,8,1,56,1,2,1
19,70,0,0,1,1,1,23,0,6,0,53,1,0,0
19,70,1,0,1,1,1,26,3,8,1,56,1,2,1
19,70,1,0,1,1,1,23,0,6,0,53,1,0,0
19,70,2,1,1,1,1,26,3,8,1,56,1,2,1
19,70,2,1,1,1,1,23,0,6,0,53,1,0,0
20,95,1,1,0,0,0,26,1,1,1,71,1,0,2
20,95,0,1,0,0,0,26,1,1,1,71,1,0,2
20,95,1,1,0,1,0,26,1,1,1,71,1,0,2
20,95,1,0,1,1,0,26,1,1,1,71,1,0,2
20,95,1,1,1,1,0,26,1,1,1,71,1,0,2
20,95,1,0,2,1,0,26,1,1,1,71,1,0,2
20,95,0,0,2,1,0,26,1,1,1,71,1,0,2
10,64,2,0,2,1,0,19,3,17,0,61,0,2,2
10,64,2,0,2,1,0,19,1,9,1,62,1,0,2
10,64,2,0,2,1,0,23,2,13,1,67,0,1,2
10,64,2,0,2,1,0,23,0,1,1,62,0,2,3
10,64,0,0,0,1,0,19,3,17,0,61,0,2,2
10,64,0,0,0,1,0,19,1,9,1,62,1,0,2
10,64,0,0,0,1,0,23,2,13,1,67,0,1,2
10,64,0,0,0,1,0,23,0,1,1,62,0,2,3
17,69,1,1,1,1,0,29,1,2,0,78,1,2,0
17,69,1,0,1,1,0,29,1,2,0,78,1,2,0
27,98,2,1,0,1,0,28,3,4,0,73,1,1,3
27,98,2,1,0,1,0,19,3,1,0,90,1,1,1
27,98,1,1,0,0,0,28,3,4,0,73,1,1,3
27,98,1,1,0,0,0,19,3,1,0,90,1,1,1
27,98,2,0,1,1,0,28,3,4,0,73,1,1,3
27,98,2,0,1,1,0,19,3,1,0,90,1,1,1
20,98,0,0,0,1,0,27,3,7,1,88,0,2,1
20,98,1,1,2,0,0,27,3,7,1,88,0,2,1
20,98,0,1,0,1,0,27,3,7,1,88,0,2,1
20,98,1,1,0,0,0,27,3,7,1,88,0,2,1
20,98,2,1,1,0,0,27,3,7,1,88,0,2,1
20,98,1,0,1,1,0,27,3,7,1,88,0,2,1
20,98,2,0,1,1,0,27,3,7,1,88,0,2,1
20,98,2,1,1,1,0,27,3,7,1,88,0,2,1
14,64,1,1,1,1,1,21,2,12,0,53,1,2,2
14,64,2,0,0,1,1,21,2,12,0,53,1,2,2
16,61,1,0,0,1,1,25,3,7,1,77,1,1,2
16,61,1,0,0,1,1,25,1,15,0,84,1,2,3
16,61,1,0,0,1,1,25,0,18,0,91,0,0,1
16,61,0,0,2,1,1,25,3,7,1,77,1,1,2
16,61,0,0,2,1,1,25,1,15,0,84,1,2,3
16,61,0,0,2,1,1,25,0,18,0,91,0,0,1
16,61,0,1,1,1,1,25,3,7,1,77,1,1,2
16,61,0,1,1,1,1,25,1,15,0,84,1,2,3
16,61,0,1,1,1,1,25,0,18,0,91,0,0,1
16,61,2,0,1,1,1,25,3,7,1,77,1,1,2
16,61,2,0,1,1,1,25,1,15,0,84,1,2,3
16,61,2,0,1,1,1,25,0,18,0,91,0,0,1
16,61,2,1,1,1,1,25,3,7,1,77,1,1,2
16,61,2,1,1,1,1,25,1,15,0,84,1,2,3
16,61,2,1,1,1,1,25,0,18,0,91,0,0,1
16,61,2,0,2,1,1,25,3,7,1,77,1,1,2
16,61,2,0,2,1,1,25,1,15,0,84,1,2,3
16,61,2,0,2,1,1,25,0,18,0,91,0,0,1
16,61,1,1,0,1,1,25,3,7,1,77,1,1,2
16,61,1,1,0,1,1,25,1,15,0,84,1,2,3
16,61,1,1,0,1,1,25,0,18,0,91,0,0,1
16,61,2,1,2,1,1,25,3,7,1,77,1,1,2
16,61,2,1,2,1,1,25,1,15,0,84,1,2,3
16,61,2,1,2,1,1,25,0,18,0,91,0,0,1
24,66,0,1,2,1,1,19,1,11,1,69,1,1,2
24,66,0,1,2,1,1,21,3,10,1,69,1,2,2
24,66,2,0,1,1,1,19,1,11,1,69,1,1,2
24,66,2,0,1,1,1,21,3,10,1,69,1,2,2
24,66,1,1,0,1,1,19,1,11,1,69,1,1,2
24,66,1,1,0,1,1,21,3,10,1,69,1,2,2
24,66,1,0,1,0,1,19,1,11,1,69,1,1,2
24,66,1,0,1,0,1,21,3,10,1,69,1,2,2
16,100,0,1,2,1,1,18,3,15,0,80,1,2,1
16,100,0,1,2,1,1,20,2,15,0,78,0,0,1
16,100,2,1,1,1,1,18,3,15,0,80,1,2,1
16,100,2,1,1,1,1,20,2,15,0,78,0,0,1
16,100,2,1,2,1,1,18,3,15,0,80,1,2,1
16,100,2,1,2,1,1,20,2,15,0,78,0,0,1
21,67,1,0,0,1,0,27,0,0,0,73,1,0,0
21,67,1,0,0,1,0,26,1,5,1,99,1,2,2
21,67,1,0,0,1,0,19,3,6,0,72,0,2,0
21,67,2,0,1,1,0,27,0,0,0,73,1,0,0
21,67,2,0,1,1,0,26,1,5,1,99,1,2,2
21,67,2,0,1,1,0,19,3,6,0,72,0,2,0
21,67,1,1,1,1,0,27,0,0,0,73,1,0,0
21,67,1,1,1,1,0,26,1,5,1,99,1,2,2
21,67,1,1,1,1,0,19,3,6,0,72,0,2,0
21,67,0,0,1,1,0,27,0,0,0,73,1,0,0
21,67,0,0,1,1,0,26,1,5,1,99,1,2,2
21,67,0,0,1,1,0,19,3,6,0,72,0,2,0
21,67,2,1,2,1,0,27,0,0,0,73,1,0,0
21,67,2,1,2,1,0,26,1,5,1,99,1,2,2
21,67,2,1,2,1,0,19,3,6,0,72,0,2,0
21,67,2,0,0,1,0,27,0,0,0,73,1,0,0
21,67,2,0,0,1,0,26,1,5,1,99,1,2,2
21,67,2,0,0,1,0,19,3,6,0,72,0,2,0
16,94,2,1,1,1,1,21,2,19,0,81,1,0,0
16,94,2,1,1,1,1,28,0,14,0,91,0,2,0
16,94,2,1,1,1,1,21,2,3,1,50,1,2,3
16,94,2,1,1,1,1,25,2,20,1,51,1,0,0
16,94,2,1,2,1,1,21,2,19,0,81,1,0,0
16,94,2,1,2,1,1,28,0,14,0,91,0,2,0
16,94,2,1,2,1,1,21,2,3,1,50,1,2,3
16,94,2,1,2,1,1,25,2,20,1,51,1,0,0
16,94,1,1,1,1,1,21,2,19,0,81,1,0,0
16,94,1,1,1,1,1,28,0,14,0,91,0,2,0
16,94,1,1,1,1,1,21,2,3,1,50,1,2,3
16,94,1,1,1,1,1,25,2,20,1,51,1,0,0
33,61,1,0,2,1,0,26,1,20,1,55,1,0,2
33,61,1,0,1,1,0,26,1,20,1,55,1,0,2
24,84,0,0,0,1,0,29,2,2,1,93,1,2,2
24,84,0,0,0,1,0,21,0,15,1,56,0,1,2
24,84,0,0,0,1,0,29,0,1,0,94,0,2,2
24,84,0,0,0,1,0,27,3,5,1,84,1,1,1
24,84,2,1,2,1,0,29,2,2,1,93,1,2,2
24,84,2,1,2,1,0,21,0,15,1,56,0,1,2
24,84,2,1,2,1,0,29,0,1,0,94,0,2,2
24,84,2,1,2,1,0,27,3,5,1,84,1,1,1
24,84,1,1,1,1,0,29,2,2,1,93,1,2,2
24,84,1,1,1,1,0,21,0,15,1,56,0,1,2
24,84,1,1,1,1,0,29,0,1,0,94,0,2,2
24,84,1,1,1,1,0,27,3,5,1,84,1,1,1
8,71,0,0,1,1,1,24,2,13,0,80,1,1,3
8,71,0,0,1,1,1,23,3,1,1,86,0,2,2
8,71,0,0,1,1,1,28,2,10,1,83,1,2,0
8,71,0,0,1,1,1,26,0,2,1,54,1,1,3
8,71,0,0,1,1,1,24,2,8,1,63,1,2,1
8,71,1,0,2,1,1,24,2,13,0,80,1,1,3
8,71,1,0,2,1,1,23,3,1,1,86,0,2,2
8,71,1,0,2,1,1,28,2,10,1,83,1,2,0
8,71,1,0,2,1,1,26,0,2,1,54,1,1,3
8,71,1,0,2,1,1,24,2,8,1,63,1,2,1
21,94,1,0,0,1,1,21,1,18,0,61,0,1,3
21,94,1,0,0,1,1,23,3,19,0,59,1,2,3
21,94,1,1,0,1,1,21,1,18,0,61,0,1,3
21,94,1,1,0,1,1,23,3,19,0,59,1,2,3
21,94,0,1,0,1,1,21,1,18,0,61,0,1,3
21,94,0,1,0,1,1,23,3,19,0,59,1,2,3
21,94,1,0,0,0,1,21,1,18,0,61,0,1,3
21,94,1,0,0,0,1,23,3,19,0,59,1,2,3
21,94,1,0,1,1,1,21,1,18,0,61,0,1,3
21,94,1,0,1,1,1,23,3,19,0,59,1,2,3
21,94,0,0,1,1,1,21,1,18,0,61,0,1,3
21,94,0,0,1,1,1,23,3,19,0,59,1,2,3
21,94,2,0,1,1,1,21,1,18,0,61,0,1,3
21,94,2,0,1,1,1,23,3,19,0,59,1,2,3
21,94,2,0,0,1,1,21,1,18,0,61,0,1,3
21,94,2,0,0,1,1,23,3,19,0,59,1,2,3
16,71,1,1,1,1,1,28,0,16,0,62,1,2,2
16,71,1,1,1,1,1,20,2,1,1,77,0,0,2
16,71,1,1,1,1,1,22,1,7,0,64,1,2,1
16,71,1,1,1,1,1,28,2,7,1,99,1,2,1
16,71,2,1,0,1,1,28,0,16,0,62,1,2,2
16,71,2,1,0,1,1,20,2,1,1,77,0,0,2
16,71,2,1,0,1,1,22,1,7,0,64,1,2,1
16,71,2,1,0,1,1,28,2,7,1,99,1,2,1
16,71,0,1,2,1,1,28,0,16,0,62,1,2,2
16,71,0,1,2,1,1,20,2,1,1,77,0,0,2
16,71,0,1,2,1,1,22,1,7,0,64,1,2,1
16,71,0,1,2,1,1,28,2,7,1,99,1,2,1
16,71,0,1,0,1,1,28,0,16,0,62,1,2,2
16,71,0,1,0,1,1,20,2,1,1,77,0,0,2
16,71,0,1,0,1,1,22,1,7,0,64,1,2,1
16,71,0,1,0,1,1,28,2,7,1,99,1,2,1
18,92,1,1,1,1,1,24,2,7,1,51,1,0,2
18,92,1,1,1,1,1,24,1,15,1,68,0,2,3
18,92,1,1,0,1,1,24,2,7,1,51,1,0,2
18,92,1,1,0,1,1,24,1,15,1,68,0,2,3
18,92,1,0,1,1,1,24,2,7,1,51,1,0,2
18,92,1,0,1,1,1,24,1,15,1,68,0,2,3
17,92,0,1,1,1,0,28,0,9,0,74,0,1,2
17,92,1,1,2,1,0,28,0,9,0,74,0,1,2
17,92,1,1,2,0,0,28,0,9,0,74,0,1,2
17,92,1,0,1,1,0,28,0,9,0,74,0,1,2
17,92,2,0,1,1,0,28,0,9,0,74,0,1,2
17,92,2,1,1,1,0,28,0,9,0,74,0,1,2
16,78,2,0,1,1,1,28,2,0,0,75,0,1,2
16,78,2,0,1,1,1,23,2,0,1,94,0,1,2
16,78,1,1,1,1,1,28,2,0,0,75,0,1,2
16,78,1,1,1,1,1,23,2,0,1,94,0,1,2
16,78,0,0,1,1,1,28,2,0,0,75,0,1,2
16,78,0,0,1,1,1,23,2,0,1,94,0,1,2
16,78,0,1,2,1,1,28,2,0,0,75,0,1,2
16,78,0,1,2,1,1,23,2,0,1,94,0,1,2
12,93,1,1,0,1,1,21,2,4,1,76,1,1,3
12,93,2,1,0,1,1,21,2,4,1,76,1,1,3
26,77,1,0,0,1,0,29,3,4,0,60,1,2,2
26,77,1,0,0,1,0,22,0,20,1,88,1,1,2
26,77,1,0,0,1,0,21,3,18,1,86,0,2,2
26,77,1,1,1,1,0,29,3,4,0,60,1,2,2
26,77,1,1,1,1,0,22,0,20,1,88,1,1,2
26,77,1,1,1,1,0,21,3,18,1,86,0,2,2
26,77,1,1,0,1,0,29,3,4,0,60,1,2,2
26,77,1,1,0,1,0,22,0,20,1,88,1,1,2
26,77,1,1,0,1,0,21,3,18,1,86,0,2,2
26,77,0,1,0,1,0,29,3,4,0,60,1,2,2
26,77,0,1,0,1,0,22,0,20,1,88,1,1,2
26,77,0,1,0,1,0,21,3,18,1,86,0,2,2
26,77,0,0,2,0,0,29,3,4,0,60,1,2,2
26,77,0,0,2,0,0,22,0,20,1,88,1,1,2
26,77,0,0,2,0,0,21,3,18,1,86,0,2,2
26,77,1,1,2,1,0,29,3,4,0,60,1,2,2
26,77,1,1,2,1,0,22,0,20,1,88,1,1,2
26,77,1,1,2,1,0,21,3,18,1,86,0,2,2
26,71,1,1,0,0,1,29,2,17,0,72,0,1,2
26,71,1,1,0,0,1,29,0,1,1,69,0,2,0
26,71,0,0,0,1,1,29,2,17,0,72,0,1,2
26,71,0,0,0,1,1,29,0,1,1,69,0,2,0
26,71,0,1,0,1,1,29,2,17,0,72,0,1,2
26,71,0,1,0,1,1,29,0,1,1,69,0,2,0
26,71,1,1,0,1,1,29,2,17,0,72,0,1,2
26,71,1,1,0,1,1,29,0,1,1,69,0,2,0
26,71,0,1,1,1,1,29,2,17,0,72,0,1,2
26,71,0,1,1,1,1,29,0,1,1,69,0,2,0
26,71,2,0,1,0,1,29,2,17,0,72,0,1,2
26,71,2,0,1,0,1,29,0,1,1,69,0,2,0
26,71,1,1,1,1,1,29,2,17,0,72,0,1,2
26,71,1,1,1,1,1,29,0,1,1,69,0,2,0
11,81,1,1,2,1,1,22,2,0,1,82,1,1,1
11,81,1,1,2,1,1,26,0,13,1,76,1,2,1
11,81,2,1,1,1,1,22,2,0,1,82,1,1,1
11,81,2,1,1,1,1,26,0,13,1,76,1,2,1
17,78,2,1,1,0,1,25,1,14,1,54,1,2,2
17,78,1,0,0,1,1,25,1,14,1,54,1,2,2
17,78,1,1,0,1,1,25,1,14,1,54,1,2,2
17,78,0,1,2,1,1,25,1,14,1,54,1,2,2
17,78,1,1,1,1,1,25,1,14,1,54,1,2,2
28,78,1,0,2,1,0,26,2,17,1,79,1,0,0
28,78,1,0,2,1,0,19,0,3,1,52,1,2,3
28,78,2,1,1,1,0,26,2,17,1,79,1,0,0
28,78,2,1,1,1,0,19,0,3,1,52,1,2,3
28,78,0,1,0,0,0,26,2,17,1,79,1,0,0
28,78,0,1,0,0,0,19,0,3,1,52,1,2,3
28,78,2,0,0,1,0,26,2,17,1,79,1,0,0
28,78,2,0,0,1,0,19,0,3,1,52,1,2,3
16,64,0,1,1,1,0,21,0,14,1,86,1,2,2
16,64,0,1,1,1,0,29,2,19,1,61,0,0,3
16,64,0,1,1,1,0,18,2,0,0,71,0,1,2
16,64,0,1,1,1,0,24,1,3,1,60,1,1,2
16,64,1,1,0,1,0,21,0,14,1,86,1,2,2
16,64,1,1,0,1,0,29,2,19,1,61,0,0,3
16,64,1,1,0,1,0,18,2,0,0,71,0,1,2
16,64,1,1,0,1,0,24,1,3,1,60,1,1,2
16,64,1,1,1,1,0,21,0,14,1,86,1,2,2
16,64,1,1,1,1,0,29,2,19,1,61,0,0,3
16,64,1,1,1,1,0,18,2,0,0,71,0,1,2
16,64,1,1,1,1,0,24,1,3,1,60,1,1,2
25,69,1,1,0,0,0,26,0,12,1,82,0,1,2
25,69,1,1,0,0,0,29,0,0,0,64,1,2,2
25,69,1,1,1,1,0,26,0,12,1,82,0,1,2
25,69,1,1,1,1,0,29,0,0,0,64,1,2,2
25,69,2,1,1,1,0,26,0,12,1,82,0,1,2
25,69,2,1,1,1,0,29,0,0,0,64,1,2,2
25,69,1,1,2,1,0,26,0,12,1,82,0,1,2
25,69,1,1,2,1,0,29,0,0,0,64,1,2,2
25,69,1,0,1,1,0,26,0,12,1,82,0,1,2
25,69,1,0,1,1,0,29,0,0,0,64,1,2,2
14,68,1,0,1,1,1,22,3,0,0,68,0,0,0
14,68,1,1,1,1,1,22,3,0,0,68,0,0,0
14,68,2,0,1,1,1,22,3,0,0,68,0,0,0
14,68,0,1,2,1,1,22,3,0,0,68,0,0,0
14,68,2,0,0,1,1,22,3,0,0,68,0,0,0
14,68,2,0,2,1,1,22,3,0,0,68,0,0,0
14,83,0,1,1,1,0,19,2,8,1,95,1,2,2
14,83,0,1,1,1,0,22,0,5,1,54,1,1,2
14,83,0,1,1,1,0,24,3,19,0,57,1,1,0
14,83,0,1,1,1,0,23,1,2,1,73,1,2,2
14,83,1,1,1,1,0,19,2,8,1,95,1,2,2
14,83,1,1,1,1,0,22,0,5,1,54,1,1,2
14,83,1,1,1,1,0,24,3,19,0,57,1,1,0
14,83,1,1,1,1,0,23,1,2,1,73,1,2,2
14,83,1,1,0,1,0,19,2,8,1,95,1,2,2
14,83,1,1,0,1,0,22,0,5,1,54,1,1,2
14,83,1,1,0,1,0,24,3,19,0,57,1,1,0
14,83,1,1,0,1,0,23,1,2,1,73,1,2,2
14,83,1,0,1,1,0,19,2,8,1,95,1,2,2
14,83,1,0,1,1,0,22,0,5,1,54,1,1,2
14,83,1,0,1,1,0,24,3,19,0,57,1,1,0
14,83,1,0,1,1,0,23,1,2,1,73,1,2,2
18,75,2,1,1,1,0,28,0,20,1,52,0,1,2
18,75,1,1,1,1,0,28,0,20,1,52,0,1,2
18,75,1,1,0,1,0,28,0,20,1,52,0,1,2
18,75,0,1,2,1,0,28,0,20,1,52,0,1,2
18,75,0,0,1,1,0,28,0,20,1,52,0,1,2
30,81,0,1,1,1,1,23,3,7,1,76,1,1,1
30,81,0,1,1,1,1,19,0,20,1,65,1,2,2
30,81,2,0,0,1,1,23,3,7,1,76,1,1,1
30,81,2,0,0,1,1,19,0,20,1,65,1,2,2
30,81,2,0,1,1,1,23,3,7,1,76,1,1,1
30,81,2,0,1,1,1,19,0,20,1,65,1,2,2
11,68,1,0,1,1,0,21,2,15,0,73,1,2,3
11,68,1,0,1,1,0,21,2,4,0,76,1,1,3
11,68,1,0,0,1,0,21,2,15,0,73,1,2,3
11,68,1,0,0,1,0,21,2,4,0,76,1,1,3
11,68,2,1,1,1,0,21,2,15,0,73,1,2,3
11,68,2,1,1,1,0,21,2,4,0,76,1,1,3
11,68,2,1,0,1,0,21,2,15,0,73,1,2,3
11,68,2,1,0,1,0,21,2,4,0,76,1,1,3
17,66,2,0,1,1,1,22,2,18,0,70,1,2,3
17,66,2,0,1,1,1,23,0,6,1,83,1,1,3
17,66,2,0,1,1,1,21,3,14,1,90,1,1,3
17,66,2,0,1,1,1,28,2,0,1,65,0,2,3
17,66,2,0,0,1,1,22,2,18,0,70,1,2,3
17,66,2,0,0,1,1,23,0,6,1,83,1,1,3
17,66,2,0,0,1,1,21,3,14,1,90,1,1,3
17,66,2,0,0,1,1,28,2,0,1,65,0,2,3
17,66,1,1,1,1,1,22,2,18,0,70,1,2,3
17,66,1,1,1,1,1,23,0,6,1,83,1,1,3
17,66,1,1,1,1,1,21,3,14,1,90,1,1,3
17,66,1,1,1,1,1,28,2,0,1,65,0,2,3
29,77,2,1,1,1,0,20,0,15,1,87,0,2,3
29,77,2,1,1,1,0,29,2,17,1,100,1,1,1
29,77,1,0,1,1,0,20,0,15,1,87,0,2,3
29,77,1,0,1,1,0,29,2,17,1,100,1,1,1
29,77,0,1,2,1,0,20,0,15,1,87,0,2,3
29,77,0,1,2,1,0,29,2,17,1,100,1,1,1
11,76,1,1,1,1,1,27,0,14,1,89,0,2,2
11,76,1,1,1,1,1,25,2,19,1,99,1,2,1
11,76,1,1,1,1,1,25,1,3,1,89,1,1,0
11,76,1,1,1,0,1,27,0,14,1,89,0,2,2
11,76,1,1,1,0,1,25,2,19,1,99,1,2,1
11,76,1,1,1,0,1,25,1,3,1,89,1,1,0
27,61,1,0,1,1,1,29,0,16,1,73,0,0,3
27,61,1,0,1,1,1,21,3,5,1,51,0,0,0
27,61,1,1,1,1,1,29,0,16,1,73,0,0,3
27,61,1,1,1,1,1,21,3,5,1,51,0,0,0
27,61,0,0,2,1,1,29,0,16,1,73,0,0,3
27,61,0,0,2,1,1,21,3,5,1,51,0,0,0
14,82,2,1,0,1,0,25,1,11,0,92,0,1,1
14,82,2,1,0,1,0,27,1,12,1,85,1,0,1
14,82,2,1,0,1,0,28,1,16,1,77,1,2,2
14,82,1,1,2,1,0,25,1,11,0,92,0,1,1
14,82,1,1,2,1,0,27,1,12,1,85,1,0,1
14,82,1,1,2,1,0,28,1,16,1,77,1,2,2
14,82,1,1,1,1,0,25,1,11,0,92,0,1,1
14,82,1,1,1,1,0,27,1,12,1,85,1,0,1
14,82,1,1,1,1,0,28,1,16,1,77,1,2,2
23,82,1,1,1,1,1,21,1,20,1,70,1,2,2
23,82,2,0,1,1,1,21,1,20,1,70,1,2,2
21,88,2,0,1,1,0,23,0,10,1,61,0,0,1
21,88,1,0,1,1,0,23,0,10,1,61,0,0,1
21,88,2,1,2,1,0,23,0,10,1,61,0,0,1
21,88,1,1,0,1,0,23,0,10,1,61,0,0,1
21,88,0,0,2,0,0,23,0,10,1,61,0,0,1
20,70,1,1,0,0,1,29,0,5,1,51,1,2,0
20,70,2,1,1,1,1,29,0,5,1,51,1,2,0
20,70,1,0,0,1,1,29,0,5,1,51,1,2,0
20,70,1,1,0,1,1,29,0,5,1,51,1,2,0
20,70,0,0,1,1,1,29,0,5,1,51,1,2,0
20,70,1,1,1,1,1,29,0,5,1,51,1,2,0
21,98,0,0,1,1,0,27,3,9,0,72,0,0,3
21,98,0,0,1,1,0,18,3,2,1,65,1,2,1
21,98,0,0,1,1,0,24,1,19,0,89,1,2,2
21,98,0,0,1,1,0,19,2,10,0,93,1,2,0
21,98,0,0,1,1,0,18,3,14,0,53,0,1,2
21,98,0,0,1,1,0,28,0,6,1,67,1,2,2
21,98,0,0,1,1,0,27,0,8,1,99,1,2,3
21,98,0,0,1,1,0,22,3,5,1,80,1,1,1
21,98,1,1,2,0,0,27,3,9,0,72,0,0,3
21,98,1,1,2,0,0,18,3,2,1,65,1,2,1
21,98,1,1,2,0,0,24,1,19,0,89,1,2,2
21,98,1,1,2,0,0,19,2,10,0,93,1,2,0
21,98,1,1,2,0,0,18,3,14,0,53,0,1,2
21,98,1,1,2,0,0,28,0,6,1,67,1,2,2
21,98,1,1,2,0,0,27,0,8,1,99,1,2,3
21,98,1,1,2,0,0,22,3,5,1,80,1,1,1
21,98,1,1,2,1,0,27,3,9,0,72,0,0,3
21,98,1,1,2,1,0,18,3,2,1,65,1,2,1
21,98,1,1,2,1,0,24,1,19,0,89,1,2,2
21,98,1,1,2,1,0,19,2,10,0,93,1,2,0
21,98,1,1,2,1,0,18,3,14,0,53,0,1,2
21,98,1,1,2,1,0,28,0,6,1,67,1,2,2
21,98,1,1,2,1,0,27,0,8,1,99,1,2,3
21,98,1,1,2,1,0,22,3,5,1,80,1,1,1
21,98,1,1,1,1,0,27,3,9,0,72,0,0,3
21,98,1,1,1,1,0,18,3,2,1,65,1,2,1
21,98,1,1,1,1,0,24,1,19,0,89,1,2,2
21,98,1,1,1,1,0,19,2,10,0,93,1,2,0
21,98,1,1,1,1,0,18,3,14,0,53,0,1,2
21,98,1,1,1,1,0,28,0,6,1,67,1,2,2
21,98,1,1,1,1,0,27,0,8,1,99,1,2,3
21,98,1,1,1,1,0,22,3,5,1,80,1,1,1
24,65,0,0,0,1,1,19,1,17,1,60,1,1,3
24,65,0,0,0,1,1,22,1,4,0,79,0,2,1
24,65,0,0,0,1,1,21,0,12,1,98,1,1,3
24,65,2,0,0,1,1,19,1,17,1,60,1,1,3
24,65,2,0,0,1,1,22,1,4,0,79,0,2,1
24,65,2,0,0,1,1,21,0,12,1,98,1,1,3
24,65,2,0,1,1,1,19,1,17,1,60,1,1,3
24,65,2,0,1,1,1,22,1,4,0,79,0,2,1
24,65,2,0,1,1,1,21,0,12,1,98,1,1,3
24,65,1,1,0,1,1,19,1,17,1,60,1,1,3
24,65,1,1,0,1,1,22,1,4,0,79,0,2,1
24,65,1,1,0,1,1,21,0,12,1,98,1,1,3
30,80,2,0,1,1,0,22,0,11,1,63,0,2,1
30,80,2,0,1,1,0,28,0,8,0,55,1,2,1
30,80,2,0,1,1,0,19,3,16,0,90,0,2,0
30,80,2,0,1,1,0,21,0,15,0,89,1,2,3
30,80,2,0,2,1,0,22,0,11,1,63,0,2,1
30,80,2,0,2,1,0,28,0,8,0,55,1,2,1
30,80,2,0,2,1,0,19,3,16,0,90,0,2,0
30,80,2,0,2,1,0,21,0,15,0,89,1,2,3
33,62,1,1,1,1,0,19,2,15,0,90,1,1,2
8,73,1,0,1,0,0,21,0,12,0,85,1,2,1
8,73,1,0,1,0,0,27,1,1,1,93,0,2,2
19,66,2,0,1,1,1,20,0,10,1,53,1,2,2
19,66,1,0,1,1,1,20,0,10,1,53,1,2,2
19,66,0,0,1,1,1,20,0,10,1,53,1,2,2
19,66,2,1,1,1,1,20,0,10,1,53,1,2,2
24,88,1,1,0,1,1,26,3,19,0,100,1,0,0
24,88,1,1,0,1,1,29,2,17,1,81,1,1,1
24,88,0,1,0,0,1,26,3,19,0,100,1,0,0
24,88,0,1,0,0,1,29,2,17,1,81,1,1,1
24,88,0,1,1,1,1,26,3,19,0,100,1,0,0
24,88,0,1,1,1,1,29,2,17,1,81,1,1,1
24,88,1,0,1,1,1,26,3,19,0,100,1,0,0
24,88,1,0,1,1,1,29,2,17,1,81,1,1,1
24,88,1,1,1,0,1,26,3,19,0,100,1,0,0
24,88,1,1,1,0,1,29,2,17,1,81,1,1,1
24,88,1,1,2,1,1,26,3,19,0,100,1,0,0
24,88,1,1,2,1,1,29,2,17,1,81,1,1,1
24,88,1,1,1,1,1,26,3,19,0,100,1,0,0
24,88,1,1,1,1,1,29,2,17,1,81,1,1,1
24,88,2,1,1,1,1,26,3,19,0,100,1,0,0
24,88,2,1,1,1,1,29,2,17,1,81,1,1,1
19,60,2,1,2,1,0,25,3,18,1,83,0,0,3
19,60,2,1,2,1,0,29,3,1,1,54,1,2,3
19,60,2,0,1,1,0,25,3,18,1,83,0,0,3
19,60,2,0,1,1,0,29,3,1,1,54,1,2,3
19,60,0,0,2,1,0,25,3,18,1,83,0,0,3
19,60,0,0,2,1,0,29,3,1,1,54,1,2,3
16,67,1,0,1,1,0,29,3,0,1,82,0,1,0
16,67,2,1,1,1,0,29,3,0,1,82,0,1,0
16,67,2,1,2,1,0,29,3,0,1,82,0,1,0
16,67,1,1,0,1,0,29,3,0,1,82,0,1,0
25,84,0,1,0,1,1,18,3,2,1,80,1,0,3
25,84,0,1,0,1,1,18,3,0,1,96,1,2,2
25,84,0,1,0,1,1,20,3,6,0,69,1,2,0
25,84,0,1,0,1,1,23,2,6,1,82,1,1,1
25,84,1,1,0,1,1,18,3,2,1,80,1,0,3
25,84,1,1,0,1,1,18,3,0,1,96,1,2,2
25,84,1,1,0,1,1,20,3,6,0,69,1,2,0
25,84,1,1,0,1,1,23,2,6,1,82,1,1,1
25,84,0,0,1,1,1,18,3,2,1,80,1,0,3
25,84,0,0,1,1,1,18,3,0,1,96,1,2,2
25,84,0,0,1,1,1,20,3,6,0,69,1,2,0
25,84,0,0,1,1,1,23,2,6,1,82,1,1,1
25,84,1,1,2,1,1,18,3,2,1,80,1,0,3
25,84,1,1,2,1,1,18,3,0,1,96,1,2,2
25,84,1,1,2,1,1,20,3,6,0,69,1,2,0
25,84,1,1,2,1,1,23,2,6,1,82,1,1,1
22,73,1,1,0,1,0,25,2,4,1,63,1,0,0
22,73,1,1,0,1,0,23,2,17,1,56,1,1,1
22,73,1,1,0,1,0,29,2,4,0,97,1,0,3
22,73,0,1,1,1,0,25,2,4,1,63,1,0,0
22,73,0,1,1,1,0,23,2,17,1,56,1,1,1
22,73,0,1,1,1,0,29,2,4,0,97,1,0,3
22,73,1,0,1,1,0,25,2,4,1,63,1,0,0
22,73,1,0,1,1,0,23,2,17,1,56,1,1,1
22,73,1,0,1,1,0,29,2,4,0,97,1,0,3
22,63,0,0,1,1,1,18,1,10,1,63,1,1,1
22,63,0,0,1,1,1,26,3,17,0,87,1,2,2
22,63,1,0,2,1,1,18,1,10,1,63,1,1,1
22,63,1,0,2,1,1,26,3,17,0,87,1,2,2
22,63,2,1,2,1,1,18,1,10,1,63,1,1,1
22,63,2,1,2,1,1,26,3,17,0,87,1,2,2
22,63,0,0,2,1,1,18,1,10,1,63,1,1,1
22,63,0,0,2,1,1,26,3,17,0,87,1,2,2
22,63,0,0,0,1,1,18,1,10,1,63,1,1,1
22,63,0,0,0,1,1,26,3,17,0,87,1,2,2
22,63,1,1,0,1,1,18,1,10,1,63,1,1,1
22,63,1,1,0,1,1,26,3,17,0,87,1,2,2
22,63,1,1,1,1,1,18,1,10,1,63,1,1,1
22,63,1,1,1,1,1,26,3,17,0,87,1,2,2
22,63,0,1,1,1,1,18,1,10,1,63,1,1,1
22,63,0,1,1,1,1,26,3,17,0,87,1,2,2
24,68,1,1,1,1,0,27,0,12,0,66,1,1,0
24,68,1,1,1,1,0,20,0,8,1,89,1,1,0
24,68,1,1,0,1,0,27,0,12,0,66,1,1,0
24,68,1,1,0,1,0,20,0,8,1,89,1,1,0
24,68,0,0,2,0,0,27,0,12,0,66,1,1,0
24,68,0,0,2,0,0,20,0,8,1,89,1,1,0
24,68,2,0,1,1,0,27,0,12,0,66,1,1,0
24,68,2,0,1,1,0,20,0,8,1,89,1,1,0
24,68,1,1,2,1,0,27,0,12,0,66,1,1,0
24,68,1,1,2,1,0,20,0,8,1,89,1,1,0
24,68,0,0,1,1,0,27,0,12,0,66,1,1,0
24,68,0,0,1,1,0,20,0,8,1,89,1,1,0
17,86,0,1,2,1,0,20,2,13,1,53,1,1,1
17,86,1,0,0,1,0,20,2,13,1,53,1,1,1
17,86,1,0,2,1,0,20,2,13,1,53,1,1,1
24,71,1,1,1,1,1,22,3,3,1,77,1,1,0
24,71,1,1,1,1,1,25,1,12,1,64,1,1,1
24,71,2,1,0,1,1,22,3,3,1,77,1,1,0
24,71,2,1,0,1,1,25,1,12,1,64,1,1,1
24,71,1,0,1,1,1,22,3,3,1,77,1,1,0
24,71,1,0,1,1,1,25,1,12,1,64,1,1,1
24,71,2,1,1,1,1,22,3,3,1,77,1,1,0
24,71,2,1,1,1,1,25,1,12,1,64,1,1,1
24,71,1,1,0,1,1,22,3,3,1,77,1,1,0
24,71,1,1,0,1,1,25,1,12,1,64,1,1,1
24,60,1,0,2,1,0,21,3,13,0,73,1,0,1
24,60,1,0,2,1,0,23,2,5,0,97,0,0,0
24,60,0,0,1,1,0,21,3,13,0,73,1,0,1
24,60,0,0,1,1,0,23,2,5,0,97,0,0,0
24,60,1,1,1,1,0,21,3,13,0,73,1,0,1
24,60,1,1,1,1,0,23,2,5,0,97,0,0,0
24,60,1,1,0,1,0,21,3,13,0,73,1,0,1
24,60,1,1,0,1,0,23,2,5,0,97,0,0,0
28,99,1,1,1,0,1,18,2,11,1,52,1,0,1
28,99,1,1,0,1,1,18,2,11,1,52,1,0,1
16,84,2,1,1,1,0,21,0,19,1,58,1,1,2
16,84,2,1,1,1,0,18,3,15,1,98,1,2,0
16,84,2,1,1,1,0,23,3,7,0,87,1,2,2
16,84,2,1,1,1,0,27,2,16,1,72,0,1,2
16,84,2,1,1,1,0,20,1,6,1,70,0,1,0
16,84,1,0,2,1,0,21,0,19,1,58,1,1,2
16,84,1,0,2,1,0,18,3,15,1,98,1,2,0
16,84,1,0,2,1,0,23,3,7,0,87,1,2,2
16,84,1,0,2,1,0,27,2,16,1,72,0,1,2
16,84,1,0,2,1,0,20,1,6,1,70,0,1,0
16,84,2,1,0,1,0,21,0,19,1,58,1,1,2
16,84,2,1,0,1,0,18,3,15,1,98,1,2,0
16,84,2,1,0,1,0,23,3,7,0,87,1,2,2
16,84,2,1,0,1,0,27,2,16,1,72,0,1,2
16,84,2,1,0,1,0,20,1,6,1,70,0,1,0
23,79,2,1,1,1,1,28,1,0,1,50,1,1,3
23,79,2,1,0,1,1,28,1,0,1,50,1,1,3
23,79,1,1,2,1,1,28,1,0,1,50,1,1,3
23,79,1,1,1,0,1,28,1,0,1,50,1,1,3
23,79,2,0,1,1,1,28,1,0,1,50,1,1,3
19,83,1,1,1,1,0,22,1,9,0,98,1,2,0
19,83,2,1,1,1,0,22,1,9,0,98,1,2,0
19,83,0,0,0,1,0,22,1,9,0,98,1,2,0
19,83,1,0,0,1,0,22,1,9,0,98,1,2,0
19,83,2,0,1,1,0,22,1,9,0,98,1,2,0
28,71,1,0,2,1,0,20,2,10,1,56,1,0,2
28,71,1,0,2,1,0,18,0,9,0,97,0,2,0
28,71,1,0,2,1,0,26,0,8,0,77,0,2,3
28,71,1,1,2,1,0,20,2,10,1,56,1,0,2
28,71,1,1,2,1,0,18,0,9,0,97,0,2,0
28,71,1,1,2,1,0,26,0,8,0,77,0,2,3
24,90,0,0,1,1,1,25,1,20,0,70,1,0,1
24,90,0,0,1,1,1,24,0,19,1,67,1,0,0
24,90,1,1,0,1,1,25,1,20,0,70,1,0,1
24,90,1,1,0,1,1,24,0,19,1,67,1,0,0
24,90,1,0,1,1,1,25,1,20,0,70,1,0,1
24,90,1,0,1,1,1,24,0,19,1,67,1,0,0
24,90,2,0,0,1,1,25,1,20,0,70,1,0,1
24,90,2,0,0,1,1,24,0,19,1,67,1,0,0
24,90,1,1,1,1,1,25,1,20,0,70,1,0,1
24,90,1,1,1,1,1,24,0,19,1,67,1,0,0
24,90,0,1,2,1,1,25,1,20,0,70,1,0,1
24,90,0,1,2,1,1,24,0,19,1,67,1,0,0
18,80,1,0,0,1,1,21,2,9,1,84,1,1,2
18,80,1,0,0,1,1,20,3,8,0,63,0,2,0
18,80,1,0,0,1,1,25,0,9,1,63,1,1,3
18,80,2,1,1,0,1,21,2,9,1,84,1,1,2
18,80,2,1,1,0,1,20,3,8,0,63,0,2,0
18,80,2,1,1,0,1,25,0,9,1,63,1,1,3
18,80,0,1,2,1,1,21,2,9,1,84,1,1,2
18,80,0,1,2,1,1,20,3,8,0,63,0,2,0
18,80,0,1,2,1,1,25,0,9,1,63,1,1,3
22,63,2,1,1,1,0,22,0,19,0,70,0,2,3
22,63,2,1,1,1,0,26,2,18,0,61,0,2,0
22,63,2,1,1,1,0,29,1,0,0,93,1,2,2
22,63,2,1,1,1,0,26,1,0,0,79,1,0,2
22,63,2,1,1,1,0,23,3,20,1,99,0,1,3
22,63,1,1,1,1,0,22,0,19,0,70,0,2,3
22,63,1,1,1,1,0,26,2,18,0,61,0,2,0
22,63,1,1,1,1,0,29,1,0,0,93,1,2,2
22,63,1,1,1,1,0,26,1,0,0,79,1,0,2
22,63,1,1,1,1,0,23,3,20,1,99,0,1,3
22,63,2,1,0,1,0,22,0,19,0,70,0,2,3
22,63,2,1,0,1,0,26,2,18,0,61,0,2,0
22,63,2,1,0,1,0,29,1,0,0,93,1,2,2
22,63,2,1,0,1,0,26,1,0,0,79,1,0,2
22,63,2,1,0,1,0,23,3,20,1,99,0,1,3
22,63,0,1,1,1,0,22,0,19,0,70,0,2,3
22,63,0,1,1,1,0,26,2,18,0,61,0,2,0
22,63,0,1,1,1,0,29,1,0,0,93,1,2,2
22,63,0,1,1,1,0,26,1,0,0,79,1,0,2
22,63,0,1,1,1,0,23,3,20,1,99,0,1,3
22,63,1,0,0,1,0,22,0,19,0,70,0,2,3
22,63,1,0,0,1,0,26,2,18,0,61,0,2,0
22,63,1,0,0,1,0,29,1,0,0,93,1,2,2
22,63,1,0,0,1,0,26,1,0,0,79,1,0,2
22,63,1,0,0,1,0,23,3,20,1,99,0,1,3
19,89,1,1,1,1,1,25,3,0,1,95,0,1,2
19,89,1,0,1,1,1,25,3,0,1,95,0,1,2
19,89,2,0,2,1,1,25,3,0,1,95,0,1,2
19,89,1,1,0,1,1,25,3,0,1,95,0,1,2
21,92,0,1,0,1,1,29,1,19,0,73,1,0,3
21,92,0,1,0,1,1,23,3,4,0,53,1,2,2
21,92,1,1,0,1,1,29,1,19,0,73,1,0,3
21,92,1,1,0,1,1,23,3,4,0,53,1,2,2
21,92,0,0,0,1,1,29,1,19,0,73,1,0,3
21,92,0,0,0,1,1,23,3,4,0,53,1,2,2
24,72,2,0,2,1,0,20,3,14,1,74,1,2,1
24,72,2,0,2,1,0,21,2,11,1,72,1,2,3
24,72,0,1,2,1,0,20,3,14,1,74,1,2,1
24,72,0,1,2,1,0,21,2,11,1,72,1,2,3
24,72,1,0,1,1,0,20,3,14,1,74,1,2,1
24,72,1,0,1,1,0,21,2,11,1,72,1,2,3
24,72,1,1,0,1,0,20,3,14,1,74,1,2,1
24,72,1,1,0,1,0,21,2,11,1,72,1,2,3
24,72,2,0,1,1,0,20,3,14,1,74,1,2,1
24,72,2,0,1,1,0,21,2,11,1,72,1,2,3
33,77,2,1,1,1,0,21,3,5,1,76,0,2,0
33,77,2,1,1,1,0,21,3,5,1,75,1,2,1
14,96,0,1,2,1,0,26,3,17,0,65,1,2,2
14,96,0,1,2,1,0,18,0,6,0,51,0,0,0
14,96,2,1,0,1,0,26,3,17,0,65,1,2,2
14,96,2,1,0,1,0,18,0,6,0,51,0,0,0
14,96,2,0,1,1,0,26,3,17,0,65,1,2,2
14,96,2,0,1,1,0,18,0,6,0,51,0,0,0
13,94,1,1,0,1,1,22,3,18,0,82,1,2,0
13,94,1,1,0,1,1,25,3,7,0,99,0,1,2
13,94,2,1,2,1,1,22,3,18,0,82,1,2,0
13,94,2,1,2,1,1,25,3,7,0,99,0,1,2
13,94,2,1,1,1,1,22,3,18,0,82,1,2,0
13,94,2,1,1,1,1,25,3,7,0,99,0,1,2
13,94,1,1,2,1,1,22,3,18,0,82,1,2,0
13,94,1,1,2,1,1,25,3,7,0,99,0,1,2
27,81,1,1,1,1,0,29,1,1,0,96,1,1,0
27,81,1,1,1,1,0,22,3,6,0,53,1,1,0
27,81,1,1,1,1,0,24,1,16,1,83,1,0,1
27,81,0,1,0,1,0,29,1,1,0,96,1,1,0
27,81,0,1,0,1,0,22,3,6,0,53,1,1,0
27,81,0,1,0,1,0,24,1,16,1,83,1,0,1
27,81,1,1,0,1,0,29,1,1,0,96,1,1,0
27,81,1,1,0,1,0,22,3,6,0,53,1,1,0
27,81,1,1,0,1,0,24,1,16,1,83,1,0,1
27,81,2,1,1,1,0,29,1,1,0,96,1,1,0
27,81,2,1,1,1,0,22,3,6,0,53,1,1,0
27,81,2,1,1,1,0,24,1,16,1,83,1,0,1
25,88,1,1,0,1,1,26,2,20,1,60,0,0,1
25,88,1,1,0,1,1,22,0,4,0,53,1,2,3
25,88,1,1,0,1,1,27,1,5,1,63,1,2,1
25,88,2,1,0,1,1,26,2,20,1,60,0,0,1
25,88,2,1,0,1,1,22,0,4,0,53,1,2,3
25,88,2,1,0,1,1,27,1,5,1,63,1,2,1
25,88,1,1,0,0,1,26,2,20,1,60,0,0,1
25,88,1,1,0,0,1,22,0,4,0,53,1,2,3
25,88,1,1,0,0,1,27,1,5,1,63,1,2,1
24,95,2,1,2,1,1,21,3,18,1,85,0,1,0
24,95,2,1,2,1,1,29,2,3,0,67,1,2,0
24,95,0,1,1,1,1,21,3,18,1,85,0,1,0
24,95,0,1,1,1,1,29,2,3,0,67,1,2,0
24,95,0,1,1,0,1,21,3,18,1,85,0,1,0
24,95,0,1,1,0,1,29,2,3,0,67,1,2,0
24,95,1,1,1,1,1,21,3,18,1,85,0,1,0
24,95,1,1,1,1,1,29,2,3,0,67,1,2,0
24,95,0,0,1,1,1,21,3,18,1,85,0,1,0
24,95,0,0,1,1,1,29,2,3,0,67,1,2,0
24,95,2,1,0,1,1,21,3,18,1,85,0,1,0
24,95,2,1,0,1,1,29,2,3,0,67,1,2,0
24,95,1,0,0,1,1,21,3,18,1,85,0,1,0
24,95,1,0,0,1,1,29,2,3,0,67,1,2,0
24,80,2,1,2,1,0,27,0,9,0,52,1,2,3
24,80,2,1,2,1,0,19,3,4,1,100,1,0,3
24,80,0,1,1,1,0,27,0,9,0,52,1,2,3
24,80,0,1,1,1,0,19,3,4,1,100,1,0,3
24,80,2,1,1,1,0,27,0,9,0,52,1,2,3
24,80,2,1,1,1,0,19,3,4,1,100,1,0,3
24,80,2,0,1,1,0,27,0,9,0,52,1,2,3
24,80,2,0,1,1,0,19,3,4,1,100,1,0,3
24,80,2,1,0,1,0,27,0,9,0,52,1,2,3
24,80,2,1,0,1,0,19,3,4,1,100,1,0,3
24,80,1,1,1,1,0,27,0,9,0,52,1,2,3
24,80,1,1,1,1,0,19,3,4,1,100,1,0,3
15,90,1,1,1,1,0,20,0,13,1,85,1,0,0
15,90,2,1,2,1,0,20,0,13,1,85,1,0,0
16,76,2,1,1,0,1,19,3,2,1,76,1,0,2
16,76,2,1,1,0,1,23,2,2,1,70,1,2,1
16,76,2,1,1,0,1,23,0,3,1,95,0,2,2
16,76,2,1,1,0,1,19,3,19,1,96,1,2,1
16,76,0,0,2,1,1,19,3,2,1,76,1,0,2
16,76,0,0,2,1,1,23,2,2,1,70,1,2,1
16,76,0,0,2,1,1,23,0,3,1,95,0,2,2
16,76,0,0,2,1,1,19,3,19,1,96,1,2,1
16,76,1,0,2,1,1,19,3,2,1,76,1,0,2
16,76,1,0,2,1,1,23,2,2,1,70,1,2,1
16,76,1,0,2,1,1,23,0,3,1,95,0,2,2
16,76,1,0,2,1,1,19,3,19,1,96,1,2,1
16,76,1,0,1,1,1,19,3,2,1,76,1,0,2
16,76,1,0,1,1,1,23,2,2,1,70,1,2,1
16,76,1,0,1,1,1,23,0,3,1,95,0,2,2
16,76,1,0,1,1,1,19,3,19,1,96,1,2,1
26,95,2,0,1,1,0,20,2,0,1,68,1,0,2
26,95,2,0,1,1,0,21,2,14,0,74,0,0,1
26,95,2,0,1,1,0,29,1,14,0,93,1,2,3
26,95,2,0,0,1,0,20,2,0,1,68,1,0,2
26,95,2,0,0,1,0,21,2,14,0,74,0,0,1
26,95,2,0,0,1,0,29,1,14,0,93,1,2,3
26,95,0,1,1,1,0,20,2,0,1,68,1,0,2
26,95,0,1,1,1,0,21,2,14,0,74,0,0,1
26,95,0,1,1,1,0,29,1,14,0,93,1,2,3
15,76,1,1,0,1,0,19,0,3,1,90,0,2,2
15,76,1,1,0,1,0,25,1,11,1,55,1,2,1
15,76,2,1,1,1,0,19,0,3,1,90,0,2,2
15,76,2,1,1,1,0,25,1,11,1,55,1,2,1
18,69,2,0,0,1,1,20,2,4,0,59,0,2,1
18,69,2,0,0,1,1,21,3,14,0,99,1,2,0
18,69,2,0,0,1,1,28,2,5,1,80,1,0,0
18,69,2,0,0,1,1,27,0,1,0,53,1,0,1
18,69,2,0,0,1,1,20,2,5,0,66,0,0,0
18,69,1,1,1,1,1,20,2,4,0,59,0,2,1
18,69,1,1,1,1,1,21,3,14,0,99,1,2,0
18,69,1,1,1,1,1,28,2,5,1,80,1,0,0
18,69,1,1,1,1,1,27,0,1,0,53,1,0,1
18,69,1,1,1,1,1,20,2,5,0,66,0,0,0
18,69,2,1,2,1,1,20,2,4,0,59,0,2,1
18,69,2,1,2,1,1,21,3,14,0,99,1,2,0
18,69,2,1,2,1,1,28,2,5,1,80,1,0,0
18,69,2,1,2,1,1,27,0,1,0,53,1,0,1
18,69,2,1,2,1,1,20,2,5,0,66,0,0,0
18,69,2,1,0,1,1,20,2,4,0,59,0,2,1
18,69,2,1,0,1,1,21,3,14,0,99,1,2,0
18,69,2,1,0,1,1,28,2,5,1,80,1,0,0
18,69,2,1,0,1,1,27,0,1,0,53,1,0,1
18,69,2,1,0,1,1,20,2,5,0,66,0,0,0
18,69,0,1,0,1,1,20,2,4,0,59,0,2,1
18,69,0,1,0,1,1,21,3,14,0,99,1,2,0
18,69,0,1,0,1,1,28,2,5,1,80,1,0,0
18,69,0,1,0,1,1,27,0,1,0,53,1,0,1
18,69,0,1,0,1,1,20,2,5,0,66,0,0,0
18,69,0,0,1,1,1,20,2,4,0,59,0,2,1
18,69,0,0,1,1,1,21,3,14,0,99,1,2,0
18,69,0,0,1,1,1,28,2,5,1,80,1,0,0
18,69,0,0,1,1,1,27,0,1,0,53,1,0,1
18,69,0,0,1,1,1,20,2,5,0,66,0,0,0
22,74,2,1,0,1,0,24,0,0,1,57,1,2,1
22,74,2,1,0,1,0,25,0,7,0,98,0,2,1
22,74,0,1,0,1,0,24,0,0,1,57,1,2,1
22,74,0,1,0,1,0,25,0,7,0,98,0,2,1
22,74,0,0,1,1,0,24,0,0,1,57,1,2,1
22,74,0,0,1,1,0,25,0,7,0,98,0,2,1
22,74,2,1,1,1,0,24,0,0,1,57,1,2,1
22,74,2,1,1,1,0,25,0,7,0,98,0,2,1
22,74,2,1,2,1,0,24,0,0,1,57,1,2,1
22,74,2,1,2,1,0,25,0,7,0,98,0,2,1
21,90,1,1,0,1,1,27,1,5,1,75,1,0,3
21,90,1,1,0,1,1,24,2,8,0,95,1,2,2
21,90,1,1,0,1,1,29,0,10,0,58,0,1,2
21,90,1,1,0,1,1,19,1,4,1,72,0,1,3
21,90,1,1,1,1,1,27,1,5,1,75,1,0,3
21,90,1,1,1,1,1,24,2,8,0,95,1,2,2
21,90,1,1,1,1,1,29,0,10,0,58,0,1,2
21,90,1,1,1,1,1,19,1,4,1,72,0,1,3
21,90,1,1,2,1,1,27,1,5,1,75,1,0,3
21,90,1,1,2,1,1,24,2,8,0,95,1,2,2
21,90,1,1,2,1,1,29,0,10,0,58,0,1,2
21,90,1,1,2,1,1,19,1,4,1,72,0,1,3
21,90,2,1,1,1,1,27,1,5,1,75,1,0,3
21,90,2,1,1,1,1,24,2,8,0,95,1,2,2
21,90,2,1,1,1,1,29,0,10,0,58,0,1,2
21,90,2,1,1,1,1,19,1,4,1,72,0,1,3
21,70,2,1,1,1,1,23,1,9,1,68,1,2,2
21,70,2,0,1,1,1,23,1,9,1,68,1,2,2
21,70,1,1,2,1,1,23,1,9,1,68,1,2,2
21,70,0,0,1,1,1,23,1,9,1,68,1,2,2
21,70,0,1,1,1,1,23,1,9,1,68,1,2,2
21,70,1,0,1,1,1,23,1,9,1,68,1,2,2
21,70,1,0,0,1,1,23,1,9,1,68,1,2,2
21,70,1,1,1,1,1,23,1,9,1,68,1,2,2
21,70,0,0,0,1,1,23,1,9,1,68,1,2,2
21,70,0,1,1,0,1,23,1,9,1,68,1,2,2
17,75,2,1,1,0,1,22,1,16,1,67,1,0,3
17,75,1,1,0,1,1,22,1,16,1,67,1,0,3
17,75,0,1,1,1,1,22,1,16,1,67,1,0,3
21,99,1,0,2,1,1,29,3,16,1,55,1,2,0
21,99,1,0,2,1,1,22,1,20,1,90,1,1,3
21,99,1,0,2,1,1,20,0,15,1,100,1,0,3
21,99,1,0,2,1,1,28,3,3,1,77,1,2,2
21,99,0,0,2,1,1,29,3,16,1,55,1,2,0
21,99,0,0,2,1,1,22,1,20,1,90,1,1,3
21,99,0,0,2,1,1,20,0,15,1,100,1,0,3
21,99,0,0,2,1,1,28,3,3,1,77,1,2,2
21,99,1,1,1,0,1,29,3,16,1,55,1,2,0
21,99,1,1,1,0,1,22,1,20,1,90,1,1,3
21,99,1,1,1,0,1,20,0,15,1,100,1,0,3
21,99,1,1,1,0,1,28,3,3,1,77,1,2,2
21,99,1,1,2,1,1,29,3,16,1,55,1,2,0
21,99,1,1,2,1,1,22,1,20,1,90,1,1,3
21,99,1,1,2,1,1,20,0,15,1,100,1,0,3
21,99,1,1,2,1,1,28,3,3,1,77,1,2,2
12,63,2,1,0,1,0,26,3,17,1,51,1,2,1
12,63,1,0,0,1,0,26,3,17,1,51,1,2,1
19,84,1,1,2,1,1,29,0,13,0,75,1,1,2
19,84,1,1,2,1,1,28,1,6,0,71,1,2,0
19,84,0,1,1,1,1,29,0,13,0,75,1,1,2
19,84,0,1,1,1,1,28,1,6,0,71,1,2,0
19,84,1,0,0,1,1,29,0,13,0,75,1,1,2
19,84,1,0,0,1,1,28,1,6,0,71,1,2,0
19,84,2,1,0,1,1,29,0,13,0,75,1,1,2
19,84,2,1,0,1,1,28,1,6,0,71,1,2,0
19,84,1,1,1,1,1,29,0,13,0,75,1,1,2
19,84,1,1,1,1,1,28,1,6,0,71,1,2,0
19,84,1,0,2,1,1,29,0,13,0,75,1,1,2
19,84,1,0,2,1,1,28,1,6,0,71,1,2,0
22,84,1,0,1,0,1,26,2,13,1,85,0,0,0
22,84,1,0,1,0,1,22,1,16,1,68,1,0,0
22,84,1,0,1,0,1,20,1,2,1,78,1,1,3
22,84,1,0,1,0,1,29,3,12,1,66,1,2,0
22,84,1,0,1,1,1,26,2,13,1,85,0,0,0
22,84,1,0,1,1,1,22,1,16,1,68,1,0,0
22,84,1,0,1,1,1,20,1,2,1,78,1,1,3
22,84,1,0,1,1,1,29,3,12,1,66,1,2,0
22,84,1,1,1,1,1,26,2,13,1,85,0,0,0
22,84,1,1,1,1,1,22,1,16,1,68,1,0,0
22,84,1,1,1,1,1,20,1,2,1,78,1,1,3
22,84,1,1,1,1,1,29,3,12,1,66,1,2,0
22,84,2,1,1,1,1,26,2,13,1,85,0,0,0
22,84,2,1,1,1,1,22,1,16,1,68,1,0,0
22,84,2,1,1,1,1,20,1,2,1,78,1,1,3
22,84,2,1,1,1,1,29,3,12,1,66,1,2,0
29,77,2,0,1,1,1,24,3,6,0,71,1,2,0
29,77,0,1,0,1,1,24,3,6,0,71,1,2,0
29,77,1,1,1,1,1,24,3,6,0,71,1,2,0
25,77,0,1,2,0,0,29,2,13,1,71,1,0,2
25,77,0,1,2,0,0,22,3,11,1,70,1,1,0
25,77,1,1,1,1,0,29,2,13,1,71,1,0,2
25,77,1,1,1,1,0,22,3,11,1,70,1,1,0
25,77,0,0,0,1,0,29,2,13,1,71,1,0,2
25,77,0,0,0,1,0,22,3,11,1,70,1,1,0
19,62,1,0,0,1,1,18,1,20,0,95,1,2,0
19,62,1,0,0,1,1,22,2,16,1,82,0,2,2
19,62,0,0,2,1,1,18,1,20,0,95,1,2,0
19,62,0,0,2,1,1,22,2,16,1,82,0,2,2
19,62,2,1,1,1,1,18,1,20,0,95,1,2,0
19,62,2,1,1,1,1,22,2,16,1,82,0,2,2
19,62,1,1,2,1,1,18,1,20,0,95,1,2,0
19,62,1,1,2,1,1,22,2,16,1,82,0,2,2
19,62,1,1,0,1,1,18,1,20,0,95,1,2,0
19,62,1,1,0,1,1,22,2,16,1,82,0,2,2
20,66,1,0,2,1,0,25,3,9,1,85,0,2,0
20,66,2,0,1,1,0,25,3,9,1,85,0,2,0
20,66,1,1,0,1,0,25,3,9,1,85,0,2,0
20,66,2,1,2,1,0,25,3,9,1,85,0,2,0
20,66,0,0,0,1,0,25,3,9,1,85,0,2,0
20,66,0,1,1,1,0,25,3,9,1,85,0,2,0
18,64,1,1,2,1,1,26,2,14,1,52,0,1,0
18,64,1,1,2,1,1,26,3,16,1,65,1,2,1
18,64,1,1,2,1,1,25,1,0,1,57,1,1,0
18,64,1,1,2,1,1,28,2,12,1,96,1,2,2
18,64,0,1,0,1,1,26,2,14,1,52,0,1,0
18,64,0,1,0,1,1,26,3,16,1,65,1,2,1
18,64,0,1,0,1,1,25,1,0,1,57,1,1,0
18,64,0,1,0,1,1,28,2,12,1,96,1,2,2
18,64,2,0,1,1,1,26,2,14,1,52,0,1,0
18,64,2,0,1,1,1,26,3,16,1,65,1,2,1
18,64,2,0,1,1,1,25,1,0,1,57,1,1,0
18,64,2,0,1,1,1,28,2,12,1,96,1,2,2
18,64,1,1,1,1,1,26,2,14,1,52,0,1,0
18,64,1,1,1,1,1,26,3,16,1,65,1,2,1
18,64,1,1,1,1,1,25,1,0,1,57,1,1,0
18,64,1,1,1,1,1,28,2,12,1,96,1,2,2
18,64,1,0,1,1,1,26,2,14,1,52,0,1,0
18,64,1,0,1,1,1,26,3,16,1,65,1,2,1
18,64,1,0,1,1,1,25,1,0,1,57,1,1,0
18,64,1,0,1,1,1,28,2,12,1,96,1,2,2
18,64,2,1,0,1,1,26,2,14,1,52,0,1,0
18,64,2,1,0,1,1,26,3,16,1,65,1,2,1
18,64,2,1,0,1,1,25,1,0,1,57,1,1,0
18,64,2,1,0,1,1,28,2,12,1,96,1,2,2
15,64,1,1,2,1,0,22,0,18,1,97,1,1,2
15,64,1,1,2,1,0,26,2,6,1,79,1,1,2
15,64,2,1,2,1,0,22,0,18,1,97,1,1,2
15,64,2,1,2,1,0,26,2,6,1,79,1,1,2
15,64,1,0,0,1,0,22,0,18,1,97,1,1,2
15,64,1,0,0,1,0,26,2,6,1,79,1,1,2
15,64,1,0,1,1,0,22,0,18,1,97,1,1,2
15,64,1,0,1,1,0,26,2,6,1,79,1,1,2
23,84,1,1,0,1,0,26,1,6,1,75,1,0,1
23,84,1,1,0,1,0,24,1,9,1,61,1,1,2
23,84,1,1,0,1,0,29,0,0,1,87,1,1,3
23,84,1,1,0,1,0,22,2,13,0,52,1,1,2
23,84,0,0,1,0,0,26,1,6,1,75,1,0,1
23,84,0,0,1,0,0,24,1,9,1,61,1,1,2
23,84,0,0,1,0,0,29,0,0,1,87,1,1,3
23,84,0,0,1,0,0,22,2,13,0,52,1,1,2
23,84,0,1,1,1,0,26,1,6,1,75,1,0,1
23,84,0,1,1,1,0,24,1,9,1,61,1,1,2
23,84,0,1,1,1,0,29,0,0,1,87,1,1,3
23,84,0,1,1,1,0,22,2,13,0,52,1,1,2
23,84,0,1,0,0,0,26,1,6,1,75,1,0,1
23,84,0,1,0,0,0,24,1,9,1,61,1,1,2
23,84,0,1,0,0,0,29,0,0,1,87,1,1,3
23,84,0,1,0,0,0,22,2,13,0,52,1,1,2
23,84,1,0,0,1,0,26,1,6,1,75,1,0,1
23,84,1,0,0,1,0,24,1,9,1,61,1,1,2
23,84,1,0,0,1,0,29,0,0,1,87,1,1,3
23,84,1,0,0,1,0,22,2,13,0,52,1,1,2
29,68,2,1,1,1,1,25,2,17,1,51,1,0,1
29,68,1,0,1,1,1,25,2,17,1,51,1,0,1
29,68,0,0,0,1,1,25,2,17,1,51,1,0,1
29,68,2,1,0,1,1,25,2,17,1,51,1,0,1
21,69,2,1,1,1,1,27,3,7,0,80,0,2,2
21,69,1,1,2,1,1,27,3,7,0,80,0,2,2
21,69,1,1,0,1,1,27,3,7,0,80,0,2,2
21,69,1,0,1,1,1,27,3,7,0,80,0,2,2
21,69,0,1,1,1,1,27,3,7,0,80,0,2,2
20,73,1,1,1,1,0,27,2,15,1,59,1,1,3
20,73,2,0,0,1,0,27,2,15,1,59,1,1,3
21,68,0,0,0,1,1,21,3,3,1,76,0,2,2
21,68,1,1,1,0,1,21,3,3,1,76,0,2,2
21,68,1,1,0,1,1,21,3,3,1,76,0,2,2
21,68,2,1,2,1,1,21,3,3,1,76,0,2,2
21,68,2,1,1,1,1,21,3,3,1,76,0,2,2
20,61,1,0,1,1,1,25,3,16,1,71,1,2,3
20,61,1,0,1,1,1,25,1,20,0,64,1,2,3
20,61,0,1,1,1,1,25,3,16,1,71,1,2,3
20,61,0,1,1,1,1,25,1,20,0,64,1,2,3
20,61,1,1,1,1,1,25,3,16,1,71,1,2,3
20,61,1,1,1,1,1,25,1,20,0,64,1,2,3
20,61,2,1,1,1,1,25,3,16,1,71,1,2,3
20,61,2,1,1,1,1,25,1,20,0,64,1,2,3
20,61,2,0,1,1,1,25,3,16,1,71,1,2,3
20,61,2,0,1,1,1,25,1,20,0,64,1,2,3
29,81,1,0,1,1,1,27,3,14,0,81,1,1,0
29,81,1,0,1,1,1,19,2,12,0,84,1,1,1
29,81,1,1,0,1,1,27,3,14,0,81,1,1,0
29,81,1,1,0,1,1,19,2,12,0,84,1,1,1
26,96,1,1,1,0,1,26,2,2,1,55,0,0,2
26,96,1,1,1,0,1,24,2,11,1,58,1,2,3
26,96,1,1,1,0,1,22,0,2,1,98,1,0,2
26,96,1,0,1,1,1,26,2,2,1,55,0,0,2
26,96,1,0,1,1,1,24,2,11,1,58,1,2,3
26,96,1,0,1,1,1,22,0,2,1,98,1,0,2
33,67,1,1,2,1,0,19,0,1,0,83,0,2,3
33,67,1,1,2,1,0,26,1,18,1,90,1,1,3
33,67,1,1,1,1,0,19,0,1,0,83,0,2,3
33,67,1,1,1,1,0,26,1,18,1,90,1,1,3
15,92,0,1,0,1,0,19,2,5,0,92,1,2,0
15,92,0,1,0,1,0,27,3,11,0,70,1,1,0
15,92,0,1,0,1,0,26,2,18,1,68,1,0,0
15,92,2,1,1,1,0,19,2,5,0,92,1,2,0
15,92,2,1,1,1,0,27,3,11,0,70,1,1,0
15,92,2,1,1,1,0,26,2,18,1,68,1,0,0
15,92,1,1,1,1,0,19,2,5,0,92,1,2,0
15,92,1,1,1,1,0,27,3,11,0,70,1,1,0
15,92,1,1,1,1,0,26,2,18,1,68,1,0,0
25,92,1,0,1,1,1,22,0,16,1,76,1,1,1
25,92,2,1,0,1,1,22,0,16,1,76,1,1,1
25,92,1,1,1,1,1,22,0,16,1,76,1,1,1
33,76,1,1,0,1,0,25,2,17,0,95,1,2,0
33,76,1,1,0,1,0,28,3,18,0,69,0,0,3
33,76,1,1,0,1,0,26,1,20,1,53,1,1,0
33,76,1,1,0,1,0,27,3,19,0,85,0,1,3
15,67,1,1,0,1,0,25,2,1,1,74,1,1,3
15,67,2,1,2,1,0,25,2,1,1,74,1,1,3
15,67,1,0,1,1,0,25,2,1,1,74,1,1,3
15,70,1,0,1,1,0,20,3,20,1,88,1,1,3
15,70,1,0,1,1,0,27,0,0,0,76,1,2,3
15,70,1,0,0,1,0,20,3,20,1,88,1,1,3
15,70,1,0,0,1,0,27,0,0,0,76,1,2,3
16,71,1,0,1,1,0,25,1,19,0,59,1,0,2
16,71,1,0,1,1,0,26,2,19,1,89,0,1,1
16,71,2,0,1,1,0,25,1,19,0,59,1,0,2
16,71,2,0,1,1,0,26,2,19,1,89,0,1,1
16,71,2,1,0,1,0,25,1,19,0,59,1,0,2
16,71,2,1,0,1,0,26,2,19,1,89,0,1,1
7,82,2,1,1,1,1,27,2,15,1,54,0,2,3
7,82,2,1,1,1,1,18,1,20,1,60,1,2,1
17,76,2,0,2,1,0,24,1,13,0,59,1,1,0
17,76,1,1,1,1,0,24,1,13,0,59,1,1,0
17,76,2,1,0,1,0,24,1,13,0,59,1,1,0
17,76,1,1,0,0,0,24,1,13,0,59,1,1,0
22,99,0,1,0,1,0,29,0,13,1,76,1,2,0
22,99,0,1,0,1,0,21,0,16,1,73,1,1,0
22,99,1,1,2,1,0,29,0,13,1,76,1,2,0
22,99,1,1,2,1,0,21,0,16,1,73,1,1,0
22,99,0,0,1,1,0,29,0,13,1,76,1,2,0
22,99,0,0,1,1,0,21,0,16,1,73,1,1,0
22,99,2,0,0,1,0,29,0,13,1,76,1,2,0
22,99,2,0,0,1,0,21,0,16,1,73,1,1,0
31,69,0,1,1,1,0,25,2,11,1,76,1,1,1
31,69,0,1,1,1,0,24,1,13,0,76,1,2,2
26,91,1,1,1,1,0,21,3,16,1,73,1,0,0
26,91,1,1,1,1,0,20,3,3,0,81,1,0,0
26,91,1,1,1,1,0,28,2,5,1,70,1,2,0
17,74,1,1,1,1,1,18,1,18,0,72,0,2,1
17,74,1,0,1,1,1,18,1,18,0,72,0,2,1
17,74,1,1,0,1,1,18,1,18,0,72,0,2,1
17,74,0,0,1,1,1,18,1,18,0,72,0,2,1
15,66,2,0,1,0,1,29,0,5,1,72,0,2,0
15,66,2,1,0,1,1,29,0,5,1,72,0,2,0
15,66,1,0,1,1,1,29,0,5,1,72,0,2,0
31,86,2,1,1,1,1,28,0,10,0,78,0,2,0
31,86,2,1,1,1,1,18,0,4,0,66,1,0,3
31,86,2,1,1,1,1,21,0,5,0,97,1,2,1
31,86,2,1,1,1,1,19,2,0,0,55,1,2,1
27,83,0,0,1,1,0,23,2,9,1,79,1,1,0
27,83,0,0,1,1,0,26,2,11,0,51,1,2,1
27,83,0,0,1,1,0,29,2,1,1,52,0,2,1
27,83,1,1,1,1,0,23,2,9,1,79,1,1,0
27,83,1,1,1,1,0,26,2,11,0,51,1,2,1
27,83,1,1,1,1,0,29,2,1,1,52,0,2,1
27,83,1,0,1,1,0,23,2,9,1,79,1,1,0
27,83,1,0,1,1,0,26,2,11,0,51,1,2,1
27,83,1,0,1,1,0,29,2,1,1,52,0,2,1
17,79,0,1,0,1,1,20,3,6,1,91,1,2,0
17,79,0,1,0,1,1,27,0,5,0,50,1,2,0
17,79,0,1,0,1,1,19,2,18,1,95,1,2,2
17,79,2,1,1,1,1,20,3,6,1,91,1,2,0
17,79,2,1,1,1,1,27,0,5,0,50,1,2,0
17,79,2,1,1,1,1,19,2,18,1,95,1,2,2
17,79,1,0,1,1,1,20,3,6,1,91,1,2,0
17,79,1,0,1,1,1,27,0,5,0,50,1,2,0
17,79,1,0,1,1,1,19,2,18,1,95,1,2,2
10,80,1,1,2,1,0,24,1,14,1,75,0,2,2
19,64,1,0,1,1,1,19,3,11,0,87,0,2,2
19,64,1,0,2,1,1,19,3,11,0,87,0,2,2
19,64,1,1,2,1,1,19,3,11,0,87,0,2,2
19,64,2,1,1,1,1,19,3,11,0,87,0,2,2
10,96,2,0,1,0,0,25,0,16,1,50,1,2,0
10,96,1,0,1,1,0,25,0,16,1,50,1,2,0
10,96,2,1,1,1,0,25,0,16,1,50,1,2,0
16,62,1,1,0,1,1,26,1,19,0,54,1,0,2
16,62,1,1,0,1,1,27,3,8,1,75,1,0,3
16,62,1,1,0,1,1,21,2,11,0,72,1,1,2
16,62,1,1,0,1,1,19,2,2,1,71,1,0,1
16,62,1,0,1,1,1,26,1,19,0,54,1,0,2
16,62,1,0,1,1,1,27,3,8,1,75,1,0,3
16,62,1,0,1,1,1,21,2,11,0,72,1,1,2
16,62,1,0,1,1,1,19,2,2,1,71,1,0,1
17,77,2,1,1,1,1,24,2,0,0,92,1,0,3
17,77,2,1,1,1,1,28,0,15,1,87,1,2,1
17,77,1,1,0,1,1,24,2,0,0,92,1,0,3
17,77,1,1,0,1,1,28,0,15,1,87,1,2,1
17,77,1,0,0,1,1,24,2,0,0,92,1,0,3
17,77,1,0,0,1,1,28,0,15,1,87,1,2,1
17,77,1,1,1,1,1,24,2,0,0,92,1,0,3
17,77,1,1,1,1,1,28,0,15,1,87,1,2,1
14,65,1,0,0,1,1,28,1,2,0,71,0,2,1
14,65,1,0,0,1,1,25,0,19,1,60,0,2,3
14,65,1,0,0,1,1,26,2,0,1,61,1,1,0
14,65,1,0,0,1,1,20,0,0,1,62,0,2,3
14,65,1,0,1,1,1,28,1,2,0,71,0,2,1
14,65,1,0,1,1,1,25,0,19,1,60,0,2,3
14,65,1,0,1,1,1,26,2,0,1,61,1,1,0
14,65,1,0,1,1,1,20,0,0,1,62,0,2,3
14,65,2,1,0,1,1,28,1,2,0,71,0,2,1
14,65,2,1,0,1,1,25,0,19,1,60,0,2,3
14,65,2,1,0,1,1,26,2,0,1,61,1,1,0
14,65,2,1,0,1,1,20,0,0,1,62,0,2,3
14,65,2,0,0,1,1,28,1,2,0,71,0,2,1
14,65,2,0,0,1,1,25,0,19,1,60,0,2,3
14,65,2,0,0,1,1,26,2,0,1,61,1,1,0
14,65,2,0,0,1,1,20,0,0,1,62,0,2,3
14,65,1,1,1,1,1,28,1,2,0,71,0,2,1
14,65,1,1,1,1,1,25,0,19,1,60,0,2,3
14,65,1,1,1,1,1,26,2,0,1,61,1,1,0
14,65,1,1,1,1,1,20,0,0,1,62,0,2,3
19,80,1,0,1,1,0,20,1,1,1,52,1,2,1
19,80,1,1,0,1,0,20,1,1,1,52,1,2,1
19,80,1,1,1,1,0,20,1,1,1,52,1,2,1
19,80,1,1,2,0,0,20,1,1,1,52,1,2,1
19,80,2,1,1,1,0,20,1,1,1,52,1,2,1
24,91,1,0,0,1,1,22,1,4,0,61,1,2,1
24,91,1,0,0,1,1,28,3,8,1,56,1,1,3
24,91,1,0,0,1,1,21,3,18,1,100,1,2,0
24,91,0,1,2,1,1,22,1,4,0,61,1,2,1
24,91,0,1,2,1,1,28,3,8,1,56,1,1,3
24,91,0,1,2,1,1,21,3,18,1,100,1,2,0
24,91,0,1,1,1,1,22,1,4,0,61,1,2,1
24,91,0,1,1,1,1,28,3,8,1,56,1,1,3
24,91,0,1,1,1,1,21,3,18,1,100,1,2,0
24,91,2,1,2,1,1,22,1,4,0,61,1,2,1
24,91,2,1,2,1,1,28,3,8,1,56,1,1,3
24,91,2,1,2,1,1,21,3,18,1,100,1,2,0
24,91,1,1,1,1,1,22,1,4,0,61,1,2,1
24,91,1,1,1,1,1,28,3,8,1,56,1,1,3
24,91,1,1,1,1,1,21,3,18,1,100,1,2,0
24,91,1,0,1,1,1,22,1,4,0,61,1,2,1
24,91,1,0,1,1,1,28,3,8,1,56,1,1,3
24,91,1,0,1,1,1,21,3,18,1,100,1,2,0
24,91,2,1,0,1,1,22,1,4,0,61,1,2,1
24,91,2,1,0,1,1,28,3,8,1,56,1,1,3
24,91,2,1,0,1,1,21,3,18,1,100,1,2,0
24,91,2,1,1,1,1,22,1,4,0,61,1,2,1
24,91,2,1,1,1,1,28,3,8,1,56,1,1,3
24,91,2,1,1,1,1,21,3,18,1,100,1,2,0
13,70,2,0,1,1,1,27,0,14,1,91,1,2,3
13,70,2,0,1,1,1,25,3,8,1,54,1,0,0
13,70,1,0,1,1,1,27,0,14,1,91,1,2,3
13,70,1,0,1,1,1,25,3,8,1,54,1,0,0
13,70,1,1,1,1,1,27,0,14,1,91,1,2,3
13,70,1,1,1,1,1,25,3,8,1,54,1,0,0
13,70,2,1,2,1,1,27,0,14,1,91,1,2,3
13,70,2,1,2,1,1,25,3,8,1,54,1,0,0
13,70,1,1,2,1,1,27,0,14,1,91,1,2,3
13,70,1,1,2,1,1,25,3,8,1,54,1,0,0
13,70,2,1,1,1,1,27,0,14,1,91,1,2,3
13,70,2,1,1,1,1,25,3,8,1,54,1,0,0
11,79,1,1,1,1,1,19,3,3,1,73,1,2,2
16,94,1,0,0,1,0,18,0,9,1,78,1,2,3
16,94,1,1,0,1,0,18,0,9,1,78,1,2,3
16,94,1,0,1,1,0,18,0,9,1,78,1,2,3
16,94,2,0,2,1,0,18,0,9,1,78,1,2,3
16,94,1,1,1,1,0,18,0,9,1,78,1,2,3
16,94,0,1,0,1,0,18,0,9,1,78,1,2,3
27,62,2,1,0,1,0,20,3,10,1,89,0,1,2
27,62,2,1,0,1,0,20,2,4,0,52,1,1,3
27,62,2,1,0,1,0,27,1,1,1,55,1,1,3
20,65,0,0,0,1,1,28,2,6,0,76,1,2,0
20,65,0,1,2,1,1,28,2,6,0,76,1,2,0
20,65,2,1,1,1,1,28,2,6,0,76,1,2,0
20,65,1,0,1,0,1,28,2,6,0,76,1,2,0
20,65,1,0,1,1,1,28,2,6,0,76,1,2,0
32,68,0,0,2,1,1,25,0,16,0,62,1,2,1
32,68,0,0,2,1,1,19,0,10,1,71,0,1,0
32,68,1,1,1,1,1,25,0,16,0,62,1,2,1
32,68,1,1,1,1,1,19,0,10,1,71,0,1,0
32,68,2,0,1,1,1,25,0,16,0,62,1,2,1
32,68,2,0,1,1,1,19,0,10,1,71,0,1,0
31,76,2,1,1,1,1,20,2,19,1,52,1,0,0
31,76,2,1,1,1,1,24,0,17,1,73,1,0,2
31,76,2,1,1,1,1,27,2,11,1,72,1,2,1
31,76,2,1,1,1,1,26,1,2,1,84,1,0,3
31,76,2,1,0,1,1,20,2,19,1,52,1,0,0
31,76,2,1,0,1,1,24,0,17,1,73,1,0,2
31,76,2,1,0,1,1,27,2,11,1,72,1,2,1
31,76,2,1,0,1,1,26,1,2,1,84,1,0,3
26,74,0,0,0,1,1,28,2,17,0,69,1,1,1
26,74,1,0,1,1,1,28,2,17,0,69,1,1,1
26,74,0,1,1,1,1,28,2,17,0,69,1,1,1
24,86,2,0,1,1,0,19,0,15,1,62,1,0,0
24,86,2,0,1,1,0,29,3,2,1,52,1,2,0
24,86,2,0,1,1,0,27,1,4,1,91,1,0,3
24,86,2,0,0,1,0,19,0,15,1,62,1,0,0
24,86,2,0,0,1,0,29,3,2,1,52,1,2,0
24,86,2,0,0,1,0,27,1,4,1,91,1,0,3
24,86,2,1,0,1,0,19,0,15,1,62,1,0,0
24,86,2,1,0,1,0,29,3,2,1,52,1,2,0
24,86,2,1,0,1,0,27,1,4,1,91,1,0,3
24,86,1,0,0,1,0,19,0,15,1,62,1,0,0
24,86,1,0,0,1,0,29,3,2,1,52,1,2,0
24,86,1,0,0,1,0,27,1,4,1,91,1,0,3
24,86,1,1,1,0,0,19,0,15,1,62,1,0,0
24,86,1,1,1,0,0,29,3,2,1,52,1,2,0
24,86,1,1,1,0,0,27,1,4,1,91,1,0,3
28,88,1,0,1,1,1,20,1,12,0,73,0,2,2
24,74,1,1,1,1,0,25,2,1,1,53,0,1,2
24,74,1,1,1,1,0,28,1,5,0,95,1,0,3
24,74,1,1,1,1,0,26,3,6,1,52,0,2,2
24,74,1,1,1,1,0,22,1,2,1,85,1,1,0
24,74,2,0,2,1,0,25,2,1,1,53,0,1,2
24,74,2,0,2,1,0,28,1,5,0,95,1,0,3
24,74,2,0,2,1,0,26,3,6,1,52,0,2,2
24,74,2,0,2,1,0,22,1,2,1,85,1,1,0
24,74,0,1,1,1,0,25,2,1,1,53,0,1,2
24,74,0,1,1,1,0,28,1,5,0,95,1,0,3
24,74,0,1,1,1,0,26,3,6,1,52,0,2,2
24,74,0,1,1,1,0,22,1,2,1,85,1,1,0
26,83,0,0,2,0,1,25,1,17,0,78,0,1,0
26,83,0,0,2,0,1,26,1,4,0,96,1,1,0
26,83,0,0,2,0,1,27,1,19,0,67,1,1,0
26,83,1,0,0,1,1,25,1,17,0,78,0,1,0
26,83,1,0,0,1,1,26,1,4,0,96,1,1,0
26,83,1,0,0,1,1,27,1,19,0,67,1,1,0
26,83,2,1,1,1,1,25,1,17,0,78,0,1,0
26,83,2,1,1,1,1,26,1,4,0,96,1,1,0
26,83,2,1,1,1,1,27,1,19,0,67,1,1,0
26,83,0,0,1,1,1,25,1,17,0,78,0,1,0
26,83,0,0,1,1,1,26,1,4,0,96,1,1,0
26,83,0,0,1,1,1,27,1,19,0,67,1,1,0
9,74,2,0,0,1,0,21,1,12,0,78,1,2,2
9,74,2,0,0,1,0,21,1,17,1,77,1,1,1
9,74,2,0,0,1,0,22,2,13,1,79,1,2,2
9,74,0,0,0,1,0,21,1,12,0,78,1,2,2
9,74,0,0,0,1,0,21,1,17,1,77,1,1,1
9,74,0,0,0,1,0,22,2,13,1,79,1,2,2
13,63,1,1,1,1,1,28,1,19,1,82,1,2,2
13,63,1,1,1,1,1,19,1,2,0,93,1,1,1
13,63,1,0,1,1,1,28,1,19,1,82,1,2,2
13,63,1,0,1,1,1,19,1,2,0,93,1,1,1
13,63,1,0,2,1,1,28,1,19,1,82,1,2,2
13,63,1,0,2,1,1,19,1,2,0,93,1,1,1
13,63,2,1,1,1,1,28,1,19,1,82,1,2,2
13,63,2,1,1,1,1,19,1,2,0,93,1,1,1
13,63,1,0,0,1,1,28,1,19,1,82,1,2,2
13,63,1,0,0,1,1,19,1,2,0,93,1,1,1
8,100,1,1,1,1,0,27,2,3,1,93,1,0,3
8,100,1,1,1,1,0,24,2,9,1,78,1,1,2
8,100,2,1,1,1,0,27,2,3,1,93,1,0,3
8,100,2,1,1,1,0,24,2,9,1,78,1,1,2
18,65,2,1,1,0,1,24,0,16,0,51,1,2,0
18,65,2,1,1,0,1,21,2,6,0,67,1,2,0
18,65,2,1,1,0,1,28,2,6,0,97,1,0,0
18,65,1,1,1,1,1,24,0,16,0,51,1,2,0
18,65,1,1,1,1,1,21,2,6,0,67,1,2,0
18,65,1,1,1,1,1,28,2,6,0,97,1,0,0
18,65,0,0,1,1,1,24,0,16,0,51,1,2,0
18,65,0,0,1,1,1,21,2,6,0,67,1,2,0
18,65,0,0,1,1,1,28,2,6,0,97,1,0,0
18,65,2,1,1,1,1,24,0,16,0,51,1,2,0
18,65,2,1,1,1,1,21,2,6,0,67,1,2,0
18,65,2,1,1,1,1,28,2,6,0,97,1,0,0
18,65,2,0,0,1,1,24,0,16,0,51,1,2,0
18,65,2,0,0,1,1,21,2,6,0,67,1,2,0
18,65,2,0,0,1,1,28,2,6,0,97,1,0,0
18,65,1,1,2,1,1,24,0,16,0,51,1,2,0
18,65,1,1,2,1,1,21,2,6,0,67,1,2,0
18,65,1,1,2,1,1,28,2,6,0,97,1,0,0
29,95,0,0,1,1,0,28,3,6,1,68,1,2,3
29,95,0,0,1,1,0,21,1,19,1,82,0,2,0
29,95,1,1,1,1,0,28,3,6,1,68,1,2,3
29,95,1,1,1,1,0,21,1,19,1,82,0,2,0
29,95,1,1,0,1,0,28,3,6,1,68,1,2,3
29,95,1,1,0,1,0,21,1,19,1,82,0,2,0
29,95,0,1,1,1,0,28,3,6,1,68,1,2,3
29,95,0,1,1,1,0,21,1,19,1,82,0,2,0
29,95,1,0,1,0,0,28,3,6,1,68,1,2,3
29,95,1,0,1,0,0,21,1,19,1,82,0,2,0
20,72,0,1,0,1,0,23,1,13,0,61,0,2,1
20,72,0,1,0,1,0,27,2,17,0,77,1,2,2
20,72,1,0,2,0,0,23,1,13,0,61,0,2,1
20,72,1,0,2,0,0,27,2,17,0,77,1,2,2
20,72,2,0,0,1,0,23,1,13,0,61,0,2,1
20,72,2,0,0,1,0,27,2,17,0,77,1,2,2
20,72,0,1,1,1,0,23,1,13,0,61,0,2,1
20,72,0,1,1,1,0,27,2,17,0,77,1,2,2
30,86,0,1,1,1,0,26,3,0,0,53,1,1,1
30,86,0,1,1,1,0,29,3,7,1,71,1,2,3
30,86,0,1,1,1,0,19,2,8,1,54,1,1,2
30,86,2,1,1,1,0,26,3,0,0,53,1,1,1
30,86,2,1,1,1,0,29,3,7,1,71,1,2,3
30,86,2,1,1,1,0,19,2,8,1,54,1,1,2
12,73,1,0,1,1,1,24,1,14,0,57,1,2,2
12,73,1,0,1,1,1,20,0,8,1,97,1,1,1
12,73,1,0,1,0,1,24,1,14,0,57,1,2,2
12,73,1,0,1,0,1,20,0,8,1,97,1,1,1
10,76,1,1,1,1,1,19,1,20,1,87,0,2,2
10,76,1,1,1,1,1,19,1,8,0,96,1,2,0
10,76,1,1,1,1,1,22,2,7,0,77,1,1,0
10,76,1,1,1,1,1,22,2,13,0,83,0,2,0
10,76,0,0,1,1,1,19,1,20,1,87,0,2,2
10,76,0,0,1,1,1,19,1,8,0,96,1,2,0
10,76,0,0,1,1,1,22,2,7,0,77,1,1,0
10,76,0,0,1,1,1,22,2,13,0,83,0,2,0
20,70,1,0,1,1,0,23,2,10,0,97,0,1,2
20,70,1,1,2,1,0,23,2,10,0,97,0,1,2
22,74,0,1,0,1,1,28,1,18,1,79,1,1,1
22,74,0,1,0,1,1,21,3,2,1,63,1,0,1
22,74,0,1,0,1,1,22,3,6,1,84,1,2,2
22,74,2,1,1,0,1,28,1,18,1,79,1,1,1
22,74,2,1,1,0,1,21,3,2,1,63,1,0,1
22,74,2,1,1,0,1,22,3,6,1,84,1,2,2
22,74,2,0,0,1,1,28,1,18,1,79,1,1,1
22,74,2,0,0,1,1,21,3,2,1,63,1,0,1
22,74,2,0,0,1,1,22,3,6,1,84,1,2,2
22,74,2,1,1,1,1,28,1,18,1,79,1,1,1
22,74,2,1,1,1,1,21,3,2,1,63,1,0,1
22,74,2,1,1,1,1,22,3,6,1,84,1,2,2
20,76,0,0,1,1,0,18,0,6,0,95,1,2,1
20,76,2,1,0,0,0,18,0,6,0,95,1,2,1
20,76,2,1,1,1,0,18,0,6,0,95,1,2,1
8,89,2,1,0,1,1,20,2,18,0,77,1,2,0
8,89,2,1,0,1,1,26,0,8,1,56,0,0,1
8,89,2,1,0,1,1,22,2,6,1,94,1,2,1
8,89,2,0,1,1,1,20,2,18,0,77,1,2,0
8,89,2,0,1,1,1,26,0,8,1,56,0,0,1
8,89,2,0,1,1,1,22,2,6,1,94,1,2,1
12,98,1,1,1,1,1,21,3,6,1,56,1,1,0
12,98,1,1,1,1,1,21,0,18,0,76,1,1,0
12,98,1,1,1,1,1,18,2,8,1,87,1,0,3
24,62,1,0,2,1,1,18,2,9,1,75,1,2,0
24,62,1,0,2,1,1,24,2,10,1,56,0,0,1
24,62,1,1,1,1,1,18,2,9,1,75,1,2,0
24,62,1,1,1,1,1,24,2,10,1,56,0,0,1
24,62,1,0,1,1,1,18,2,9,1,75,1,2,0
24,62,1,0,1,1,1,24,2,10,1,56,0,0,1
24,62,0,1,1,1,1,18,2,9,1,75,1,2,0
24,62,0,1,1,1,1,24,2,10,1,56,0,0,1
24,62,1,1,0,1,1,18,2,9,1,75,1,2,0
24,62,1,1,0,1,1,24,2,10,1,56,0,0,1
22,80,1,1,1,1,0,19,3,5,1,97,1,0,0
22,80,1,1,1,1,0,20,0,3,1,64,0,1,2
22,80,1,1,1,1,0,18,0,20,1,71,0,2,3
22,80,1,1,1,1,0,18,2,5,1,70,0,2,2
22,80,1,1,1,1,0,23,0,19,0,78,1,0,0
22,80,1,1,1,1,0,18,0,2,1,72,1,1,3
22,80,1,1,2,1,0,19,3,5,1,97,1,0,0
22,80,1,1,2,1,0,20,0,3,1,64,0,1,2
22,80,1,1,2,1,0,18,0,20,1,71,0,2,3
22,80,1,1,2,1,0,18,2,5,1,70,0,2,2
22,80,1,1,2,1,0,23,0,19,0,78,1,0,0
22,80,1,1,2,1,0,18,0,2,1,72,1,1,3
22,80,2,1,1,1,0,19,3,5,1,97,1,0,0
22,80,2,1,1,1,0,20,0,3,1,64,0,1,2
22,80,2,1,1,1,0,18,0,20,1,71,0,2,3
22,80,2,1,1,1,0,18,2,5,1,70,0,2,2
22,80,2,1,1,1,0,23,0,19,0,78,1,0,0
22,80,2,1,1,1,0,18,0,2,1,72,1,1,3
22,80,0,0,2,1,0,19,3,5,1,97,1,0,0
22,80,0,0,2,1,0,20,0,3,1,64,0,1,2
22,80,0,0,2,1,0,18,0,20,1,71,0,2,3
22,80,0,0,2,1,0,18,2,5,1,70,0,2,2
22,80,0,0,2,1,0,23,0,19,0,78,1,0,0
22,80,0,0,2,1,0,18,0,2,1,72,1,1,3
22,80,2,1,0,1,0,19,3,5,1,97,1,0,0
22,80,2,1,0,1,0,20,0,3,1,64,0,1,2
22,80,2,1,0,1,0,18,0,20,1,71,0,2,3
22,80,2,1,0,1,0,18,2,5,1,70,0,2,2
22,80,2,1,0,1,0,23,0,19,0,78,1,0,0
22,80,2,1,0,1,0,18,0,2,1,72,1,1,3
14,83,0,1,1,1,1,20,1,9,1,94,1,0,1
14,83,0,1,1,1,1,19,2,12,0,99,1,2,1
14,83,2,1,0,1,1,20,1,9,1,94,1,0,1
14,83,2,1,0,1,1,19,2,12,0,99,1,2,1
14,83,0,0,0,1,1,20,1,9,1,94,1,0,1
14,83,0,0,0,1,1,19,2,12,0,99,1,2,1
14,62,2,1,0,1,1,24,3,13,1,96,1,1,1
14,62,2,1,0,1,1,21,3,4,1,76,0,0,0
14,62,1,0,0,1,1,24,3,13,1,96,1,1,1
14,62,1,0,0,1,1,21,3,4,1,76,0,0,0
14,62,1,0,1,1,1,24,3,13,1,96,1,1,1
14,62,1,0,1,1,1,21,3,4,1,76,0,0,0
14,62,1,1,2,1,1,24,3,13,1,96,1,1,1
14,62,1,1,2,1,1,21,3,4,1,76,0,0,0
20,83,1,0,1,1,1,27,1,8,0,76,1,2,2
20,83,1,0,1,1,1,29,3,18,0,65,0,0,3
20,83,0,0,0,0,1,27,1,8,0,76,1,2,2
20,83,0,0,0,0,1,29,3,18,0,65,0,0,3
20,83,0,0,2,1,1,27,1,8,0,76,1,2,2
20,83,0,0,2,1,1,29,3,18,0,65,0,0,3
20,83,1,1,0,1,1,27,1,8,0,76,1,2,2
20,83,1,1,0,1,1,29,3,18,0,65,0,0,3
20,83,0,1,1,1,1,27,1,8,0,76,1,2,2
20,83,0,1,1,1,1,29,3,18,0,65,0,0,3
20,83,2,1,1,1,1,27,1,8,0,76,1,2,2
20,83,2,1,1,1,1,29,3,18,0,65,0,0,3
20,83,1,1,1,1,1,27,1,8,0,76,1,2,2
20,83,1,1,1,1,1,29,3,18,0,65,0,0,3
23,95,1,1,1,1,1,26,1,0,1,77,1,0,1
23,95,1,1,1,1,1,24,1,11,1,98,1,2,2
23,95,1,1,2,1,1,26,1,0,1,77,1,0,1
23,95,1,1,2,1,1,24,1,11,1,98,1,2,2
17,61,1,1,2,1,1,19,1,18,0,78,1,2,1
17,61,1,1,2,1,1,18,2,9,1,61,1,0,0
17,61,0,1,1,1,1,19,1,18,0,78,1,2,1
17,61,0,1,1,1,1,18,2,9,1,61,1,0,0
17,61,2,0,0,1,1,19,1,18,0,78,1,2,1
17,61,2,0,0,1,1,18,2,9,1,61,1,0,0
15,89,1,1,1,1,0,19,1,15,0,80,1,2,0
15,89,1,1,1,1,0,21,0,19,0,88,1,1,1
15,89,1,1,1,1,0,29,1,11,1,96,1,0,1
19,97,0,1,1,1,1,23,1,17,1,65,0,2,0
19,97,0,0,1,1,1,23,1,17,1,65,0,2,0
19,97,2,0,1,1,1,23,1,17,1,65,0,2,0
19,97,1,0,1,1,1,23,1,17,1,65,0,2,0
19,97,2,0,0,1,1,23,1,17,1,65,0,2,0
19,97,1,0,0,1,1,23,1,17,1,65,0,2,0
19,97,1,1,2,1,1,23,1,17,1,65,0,2,0
14,86,0,1,1,0,1,27,1,2,1,96,1,1,0
14,86,0,1,1,1,1,27,1,2,1,96,1,1,0
14,86,0,1,0,1,1,27,1,2,1,96,1,1,0
14,86,2,1,1,1,1,27,1,2,1,96,1,1,0
13,62,2,0,1,1,0,23,3,13,0,85,1,1,0
13,62,2,0,1,1,0,21,2,2,0,61,0,1,2
13,62,2,0,1,1,0,18,2,6,1,65,1,2,1
13,62,2,0,1,1,0,25,3,7,1,81,1,0,3
13,62,1,1,1,0,0,23,3,13,0,85,1,1,0
13,62,1,1,1,0,0,21,2,2,0,61,0,1,2
13,62,1,1,1,0,0,18,2,6,1,65,1,2,1
13,62,1,1,1,0,0,25,3,7,1,81,1,0,3
13,62,1,1,0,1,0,23,3,13,0,85,1,1,0
13,62,1,1,0,1,0,21,2,2,0,61,0,1,2
13,62,1,1,0,1,0,18,2,6,1,65,1,2,1
13,62,1,1,0,1,0,25,3,7,1,81,1,0,3
20,79,0,1,0,0,0,26,1,18,1,67,1,1,3
20,79,1,1,2,1,0,26,1,18,1,67,1,1,3
20,79,1,0,1,1,0,26,1,18,1,67,1,1,3
20,79,1,0,0,1,0,26,1,18,1,67,1,1,3
20,79,0,1,0,1,0,26,1,18,1,67,1,1,3
20,79,1,1,1,1,0,26,1,18,1,67,1,1,3
21,88,1,1,2,1,1,18,3,5,1,78,0,2,0
21,88,1,1,2,1,1,27,0,6,1,51,1,1,2
21,88,1,1,0,0,1,18,3,5,1,78,0,2,0
21,88,1,1,0,0,1,27,0,6,1,51,1,1,2
21,88,0,1,1,1,1,18,3,5,1,78,0,2,0
21,88,0,1,1,1,1,27,0,6,1,51,1,1,2
21,88,0,0,1,1,1,18,3,5,1,78,0,2,0
21,88,0,0,1,1,1,27,0,6,1,51,1,1,2
21,88,1,0,1,1,1,18,3,5,1,78,0,2,0
21,88,1,0,1,1,1,27,0,6,1,51,1,1,2
21,88,1,0,0,1,1,18,3,5,1,78,0,2,0
21,88,1,0,0,1,1,27,0,6,1,51,1,1,2
19,79,2,0,0,1,0,23,0,6,0,76,1,1,2
19,79,2,0,0,1,0,23,2,10,1,61,0,2,0
19,79,2,0,0,1,0,18,0,1,0,60,0,2,2
19,79,2,1,1,1,0,23,0,6,0,76,1,1,2
19,79,2,1,1,1,0,23,2,10,1,61,0,2,0
19,79,2,1,1,1,0,18,0,1,0,60,0,2,2
19,79,1,1,2,1,0,23,0,6,0,76,1,1,2
19,79,1,1,2,1,0,23,2,10,1,61,0,2,0
19,79,1,1,2,1,0,18,0,1,0,60,0,2,2
19,79,1,1,1,1,0,23,0,6,0,76,1,1,2
19,79,1,1,1,1,0,23,2,10,1,61,0,2,0
19,79,1,1,1,1,0,18,0,1,0,60,0,2,2
19,79,1,1,0,1,0,23,0,6,0,76,1,1,2
19,79,1,1,0,1,0,23,2,10,1,61,0,2,0
19,79,1,1,0,1,0,18,0,1,0,60,0,2,2
24,69,2,0,0,1,1,28,2,9,1,61,0,2,1
24,69,0,1,1,1,1,28,2,9,1,61,0,2,1
24,69,2,1,1,1,1,28,2,9,1,61,0,2,1
24,69,2,1,0,1,1,28,2,9,1,61,0,2,1
25,63,1,0,1,1,0,19,0,2,0,96,1,2,0
25,63,0,1,1,1,0,19,0,2,0,96,1,2,0
17,83,1,0,1,1,0,20,2,4,0,87,1,1,2
17,83,1,0,0,1,0,20,2,4,0,87,1,1,2
17,85,0,0,2,1,0,19,1,15,0,64,1,0,1
17,85,0,0,2,1,0,29,0,16,1,53,1,2,0
17,85,0,1,0,1,0,19,1,15,0,64,1,0,1
17,85,0,1,0,1,0,29,0,16,1,53,1,2,0
17,85,1,1,1,1,0,19,1,15,0,64,1,0,1
17,85,1,1,1,1,0,29,0,16,1,53,1,2,0
17,85,2,1,1,1,0,19,1,15,0,64,1,0,1
17,85,2,1,1,1,0,29,0,16,1,53,1,2,0
18,80,0,1,1,1,0,24,1,3,1,86,1,2,3
18,80,0,1,1,1,0,24,1,14,0,74,1,2,2
18,80,0,1,1,1,0,29,2,17,0,90,1,0,1
18,80,0,1,1,1,0,24,0,16,0,74,1,0,1
18,80,2,1,1,1,0,24,1,3,1,86,1,2,3
18,80,2,1,1,1,0,24,1,14,0,74,1,2,2
18,80,2,1,1,1,0,29,2,17,0,90,1,0,1
18,80,2,1,1,1,0,24,0,16,0,74,1,0,1
6,93,1,0,2,1,0,26,3,4,1,83,0,1,1
11,94,0,1,2,0,0,18,3,13,1,86,1,2,3
11,94,0,1,2,0,0,22,2,15,0,91,1,1,3
11,94,0,1,2,0,0,22,1,14,1,75,1,2,3
11,94,0,1,2,0,0,21,0,18,1,83,1,2,0
11,94,2,1,2,1,0,18,3,13,1,86,1,2,3
11,94,2,1,2,1,0,22,2,15,0,91,1,1,3
11,94,2,1,2,1,0,22,1,14,1,75,1,2,3
11,94,2,1,2,1,0,21,0,18,1,83,1,2,0
11,94,1,0,1,1,0,18,3,13,1,86,1,2,3
11,94,1,0,1,1,0,22,2,15,0,91,1,1,3
11,94,1,0,1,1,0,22,1,14,1,75,1,2,3
11,94,1,0,1,1,0,21,0,18,1,83,1,2,0
28,85,2,1,1,1,1,27,2,19,1,75,1,2,0
28,85,2,1,1,1,1,22,1,0,1,54,0,0,3
28,85,1,1,0,1,1,27,2,19,1,75,1,2,0
28,85,1,1,0,1,1,22,1,0,1,54,0,0,3
28,85,0,0,0,1,1,27,2,19,1,75,1,2,0
28,85,0,0,0,1,1,22,1,0,1,54,0,0,3
30,61,2,1,1,1,0,23,2,14,1,89,1,2,1
30,61,2,1,0,1,0,23,2,14,1,89,1,2,1
19,88,0,0,1,1,0,27,3,10,0,77,0,1,3
19,88,0,0,1,1,0,27,0,15,0,74,1,2,2
19,88,2,0,1,1,0,27,3,10,0,77,0,1,3
19,88,2,0,1,1,0,27,0,15,0,74,1,2,2
38,86,2,1,0,1,1,21,2,11,1,99,1,0,3
27,74,2,0,1,1,0,28,2,14,1,83,1,0,3
27,74,2,0,1,1,0,28,1,14,1,66,1,1,2
27,74,2,0,1,1,0,20,3,6,1,76,1,1,2
27,74,2,0,1,1,0,19,0,8,1,66,1,2,2
27,74,2,1,0,1,0,28,2,14,1,83,1,0,3
27,74,2,1,0,1,0,28,1,14,1,66,1,1,2
27,74,2,1,0,1,0,20,3,6,1,76,1,1,2
27,74,2,1,0,1,0,19,0,8,1,66,1,2,2
14,65,1,1,1,1,0,26,0,18,1,72,1,2,1
14,65,1,1,1,1,0,20,0,15,1,93,0,1,0
14,65,2,1,0,1,0,26,0,18,1,72,1,2,1
14,65,2,1,0,1,0,20,0,15,1,93,0,1,0
21,60,2,1,0,1,0,19,2,13,0,79,0,1,1
21,60,2,1,0,1,0,27,3,19,1,50,1,1,3
21,60,2,1,0,1,0,19,0,4,0,63,1,2,1
21,60,2,1,0,1,0,18,2,8,1,56,1,1,2
21,60,0,0,1,1,0,19,2,13,0,79,0,1,1
21,60,0,0,1,1,0,27,3,19,1,50,1,1,3
21,60,0,0,1,1,0,19,0,4,0,63,1,2,1
21,60,0,0,1,1,0,18,2,8,1,56,1,1,2
15,97,1,1,1,1,1,28,3,14,0,82,0,0,0
15,97,1,1,1,1,1,24,1,20,0,53,1,1,0
15,97,1,1,1,1,1,19,0,8,1,69,1,2,3
15,97,2,0,2,1,1,28,3,14,0,82,0,0,0
15,97,2,0,2,1,1,24,1,20,0,53,1,1,0
15,97,2,0,2,1,1,19,0,8,1,69,1,2,3
11,65,2,0,1,1,0,28,0,4,0,91,0,0,1
11,65,2,0,1,1,0,21,0,1,1,70,1,2,0
11,65,0,1,1,1,0,28,0,4,0,91,0,0,1
11,65,0,1,1,1,0,21,0,1,1,70,1,2,0
14,73,1,1,1,1,0,18,2,4,1,90,1,0,1
14,73,1,1,1,1,0,22,1,7,0,81,1,2,3
14,73,1,1,1,1,0,22,3,1,1,95,1,1,2
14,73,1,1,1,1,0,28,3,3,0,98,0,1,2
14,73,1,1,1,1,0,28,3,2,1,60,1,0,1
14,73,1,1,1,1,0,18,2,10,0,98,0,2,0
14,73,1,1,1,1,0,28,1,1,0,53,0,2,2
14,73,0,1,0,1,0,18,2,4,1,90,1,0,1
14,73,0,1,0,1,0,22,1,7,0,81,1,2,3
14,73,0,1,0,1,0,22,3,1,1,95,1,1,2
14,73,0,1,0,1,0,28,3,3,0,98,0,1,2
14,73,0,1,0,1,0,28,3,2,1,60,1,0,1
14,73,0,1,0,1,0,18,2,10,0,98,0,2,0
14,73,0,1,0,1,0,28,1,1,0,53,0,2,2
14,73,2,1,1,1,0,18,2,4,1,90,1,0,1
14,73,2,1,1,1,0,22,1,7,0,81,1,2,3
14,73,2,1,1,1,0,22,3,1,1,95,1,1,2
14,73,2,1,1,1,0,28,3,3,0,98,0,1,2
14,73,2,1,1,1,0,28,3,2,1,60,1,0,1
14,73,2,1,1,1,0,18,2,10,0,98,0,2,0
14,73,2,1,1,1,0,28,1,1,0,53,0,2,2
14,73,1,0,2,1,0,18,2,4,1,90,1,0,1
14,73,1,0,2,1,0,22,1,7,0,81,1,2,3
14,73,1,0,2,1,0,22,3,1,1,95,1,1,2
14,73,1,0,2,1,0,28,3,3,0,98,0,1,2
14,73,1,0,2,1,0,28,3,2,1,60,1,0,1
14,73,1,0,2,1,0,18,2,10,0,98,0,2,0
14,73,1,0,2,1,0,28,1,1,0,53,0,2,2
14,73,1,1,2,1,0,18,2,4,1,90,1,0,1
14,73,1,1,2,1,0,22,1,7,0,81,1,2,3
14,73,1,1,2,1,0,22,3,1,1,95,1,1,2
14,73,1,1,2,1,0,28,3,3,0,98,0,1,2
14,73,1,1,2,1,0,28,3,2,1,60,1,0,1
14,73,1,1,2,1,0,18,2,10,0,98,0,2,0
14,73,1,1,2,1,0,28,1,1,0,53,0,2,2
30,75,2,0,2,1,0,22,1,15,1,96,0,1,3
30,75,2,0,2,1,0,22,1,17,0,60,1,0,2
30,75,2,0,2,1,0,19,0,3,0,77,1,0,0
30,75,2,0,2,1,0,23,1,16,1,55,1,0,2
30,75,2,0,2,1,0,22,0,12,1,57,1,1,2
20,61,0,1,1,1,0,27,1,13,0,68,1,2,2
20,61,0,1,1,1,0,29,2,1,1,91,0,0,1
20,61,0,1,1,1,0,25,1,18,1,72,1,2,1
20,61,0,1,1,1,0,28,2,9,0,69,1,2,0
20,61,0,1,0,1,0,27,1,13,0,68,1,2,2
20,61,0,1,0,1,0,29,2,1,1,91,0,0,1
20,61,0,1,0,1,0,25,1,18,1,72,1,2,1
20,61,0,1,0,1,0,28,2,9,0,69,1,2,0
20,61,2,1,1,1,0,27,1,13,0,68,1,2,2
20,61,2,1,1,1,0,29,2,1,1,91,0,0,1
20,61,2,1,1,1,0,25,1,18,1,72,1,2,1
20,61,2,1,1,1,0,28,2,9,0,69,1,2,0
20,61,2,0,1,1,0,27,1,13,0,68,1,2,2
20,61,2,0,1,1,0,29,2,1,1,91,0,0,1
20,61,2,0,1,1,0,25,1,18,1,72,1,2,1
20,61,2,0,1,1,0,28,2,9,0,69,1,2,0
15,73,0,1,1,1,1,29,0,1,1,59,0,2,1
15,73,2,0,0,1,1,29,0,1,1,59,0,2,1
15,73,2,1,1,1,1,29,0,1,1,59,0,2,1
15,73,2,0,1,1,1,29,0,1,1,59,0,2,1
15,73,2,0,0,0,1,29,0,1,1,59,0,2,1
29,92,1,1,2,1,1,28,0,19,0,99,0,1,1
29,92,1,1,2,1,1,20,1,2,1,55,1,1,3
29,92,0,1,1,1,1,28,0,19,0,99,0,1,1
29,92,0,1,1,1,1,20,1,2,1,55,1,1,3
29,92,2,0,0,1,1,28,0,19,0,99,0,1,1
29,92,2,0,0,1,1,20,1,2,1,55,1,1,3
23,88,1,1,1,1,1,18,2,5,1,86,0,1,3
23,88,1,1,1,1,1,23,3,19,0,84,0,2,0
23,88,1,1,1,1,1,25,1,11,0,91,1,0,0
23,88,1,1,1,1,1,29,0,16,1,81,0,1,0
23,88,1,0,1,1,1,18,2,5,1,86,0,1,3
23,88,1,0,1,1,1,23,3,19,0,84,0,2,0
23,88,1,0,1,1,1,25,1,11,0,91,1,0,0
23,88,1,0,1,1,1,29,0,16,1,81,0,1,0
23,88,2,0,0,0,1,18,2,5,1,86,0,1,3
23,88,2,0,0,0,1,23,3,19,0,84,0,2,0
23,88,2,0,0,0,1,25,1,11,0,91,1,0,0
23,88,2,0,0,0,1,29,0,16,1,81,0,1,0
23,88,0,1,1,1,1,18,2,5,1,86,0,1,3
23,88,0,1,1,1,1,23,3,19,0,84,0,2,0
23,88,0,1,1,1,1,25,1,11,0,91,1,0,0
23,88,0,1,1,1,1,29,0,16,1,81,0,1,0
23,88,1,1,0,1,1,18,2,5,1,86,0,1,3
23,88,1,1,0,1,1,23,3,19,0,84,0,2,0
23,88,1,1,0,1,1,25,1,11,0,91,1,0,0
23,88,1,1,0,1,1,29,0,16,1,81,0,1,0
14,89,2,1,1,1,1,25,3,8,1,88,0,2,3
14,89,2,1,1,1,1,19,0,15,1,74,1,1,2
14,89,2,0,0,1,1,25,3,8,1,88,0,2,3
14,89,2,0,0,1,1,19,0,15,1,74,1,1,2
14,89,2,1,0,1,1,25,3,8,1,88,0,2,3
14,89,2,1,0,1,1,19,0,15,1,74,1,1,2
14,89,1,1,2,1,1,25,3,8,1,88,0,2,3
14,89,1,1,2,1,1,19,0,15,1,74,1,1,2
15,72,2,0,1,1,0,21,1,16,0,97,1,2,0
15,72,2,0,1,1,0,28,1,14,1,73,0,1,2
15,72,2,0,1,1,0,20,3,1,1,99,0,1,1
15,72,2,0,1,1,0,23,0,0,1,70,0,2,0
15,72,1,1,2,1,0,21,1,16,0,97,1,2,0
15,72,1,1,2,1,0,28,1,14,1,73,0,1,2
15,72,1,1,2,1,0,20,3,1,1,99,0,1,1
15,72,1,1,2,1,0,23,0,0,1,70,0,2,0
15,72,0,1,1,1,0,21,1,16,0,97,1,2,0
15,72,0,1,1,1,0,28,1,14,1,73,0,1,2
15,72,0,1,1,1,0,20,3,1,1,99,0,1,1
15,72,0,1,1,1,0,23,0,0,1,70,0,2,0
12,64,0,1,2,1,1,22,2,2,0,64,1,1,1
12,64,0,1,2,1,1,23,3,6,0,54,1,2,0
12,64,0,1,2,1,1,23,1,1,0,86,1,2,3
12,64,0,0,1,1,1,22,2,2,0,64,1,1,1
12,64,0,0,1,1,1,23,3,6,0,54,1,2,0
12,64,0,0,1,1,1,23,1,1,0,86,1,2,3
12,64,1,0,0,0,1,22,2,2,0,64,1,1,1
12,64,1,0,0,0,1,23,3,6,0,54,1,2,0
12,64,1,0,0,0,1,23,1,1,0,86,1,2,3
12,64,2,1,1,0,1,22,2,2,0,64,1,1,1
12,64,2,1,1,0,1,23,3,6,0,54,1,2,0
12,64,2,1,1,0,1,23,1,1,0,86,1,2,3
31,93,0,1,1,1,1,19,1,8,0,62,1,1,2
31,93,0,1,1,1,1,18,0,7,1,89,0,1,0
31,93,0,1,1,1,1,23,2,15,1,62,0,2,2
31,93,0,0,0,1,1,19,1,8,0,62,1,1,2
31,93,0,0,0,1,1,18,0,7,1,89,0,1,0
31,93,0,0,0,1,1,23,2,15,1,62,0,2,2
31,93,1,0,1,1,1,19,1,8,0,62,1,1,2
31,93,1,0,1,1,1,18,0,7,1,89,0,1,0
31,93,1,0,1,1,1,23,2,15,1,62,0,2,2
12,99,1,0,0,1,0,22,2,4,0,92,1,0,1
12,99,1,0,0,1,0,23,0,8,1,56,1,0,0
12,99,2,0,1,1,0,22,2,4,0,92,1,0,1
12,99,2,0,1,1,0,23,0,8,1,56,1,0,0
12,99,1,1,0,1,0,22,2,4,0,92,1,0,1
12,99,1,1,0,1,0,23,0,8,1,56,1,0,0
23,80,1,1,0,1,0,20,3,12,0,54,0,2,3
23,80,1,1,0,1,0,21,1,4,1,97,1,2,1
23,80,1,1,0,1,0,19,1,4,0,83,0,2,2
23,80,1,1,0,1,0,29,2,17,1,73,0,0,1
23,80,0,1,1,1,0,20,3,12,0,54,0,2,3
23,80,0,1,1,1,0,21,1,4,1,97,1,2,1
23,80,0,1,1,1,0,19,1,4,0,83,0,2,2
23,80,0,1,1,1,0,29,2,17,1,73,0,0,1
23,80,0,1,2,1,0,20,3,12,0,54,0,2,3
23,80,0,1,2,1,0,21,1,4,1,97,1,2,1
23,80,0,1,2,1,0,19,1,4,0,83,0,2,2
23,80,0,1,2,1,0,29,2,17,1,73,0,0,1
23,80,1,0,0,1,0,20,3,12,0,54,0,2,3
23,80,1,0,0,1,0,21,1,4,1,97,1,2,1
23,80,1,0,0,1,0,19,1,4,0,83,0,2,2
23,80,1,0,0,1,0,29,2,17,1,73,0,0,1
16,60,1,1,0,1,0,21,1,0,1,58,1,2,1
16,60,1,1,0,1,0,19,2,11,1,72,0,0,2
16,60,1,1,0,1,0,25,3,13,1,99,0,1,3
16,60,2,0,0,1,0,21,1,0,1,58,1,2,1
16,60,2,0,0,1,0,19,2,11,1,72,0,0,2
16,60,2,0,0,1,0,25,3,13,1,99,0,1,3
20,63,0,1,0,1,0,27,0,12,1,99,1,2,2
20,63,0,1,0,1,0,21,0,19,0,98,0,0,3
20,63,0,1,0,1,0,26,3,5,1,83,1,2,2
20,63,0,1,1,1,0,27,0,12,1,99,1,2,2
20,63,0,1,1,1,0,21,0,19,0,98,0,0,3
20,63,0,1,1,1,0,26,3,5,1,83,1,2,2
20,63,1,1,1,0,0,27,0,12,1,99,1,2,2
20,63,1,1,1,0,0,21,0,19,0,98,0,0,3
20,63,1,1,1,0,0,26,3,5,1,83,1,2,2
20,63,0,0,0,1,0,27,0,12,1,99,1,2,2
20,63,0,0,0,1,0,21,0,19,0,98,0,0,3
20,63,0,0,0,1,0,26,3,5,1,83,1,2,2
20,63,1,1,0,1,0,27,0,12,1,99,1,2,2
20,63,1,1,0,1,0,21,0,19,0,98,0,0,3
20,63,1,1,0,1,0,26,3,5,1,83,1,2,2
15,98,2,1,0,1,0,25,2,17,0,87,1,1,2
15,98,2,1,0,1,0,18,2,9,0,58,1,2,2
15,98,0,0,0,0,0,25,2,17,0,87,1,1,2
15,98,0,0,0,0,0,18,2,9,0,58,1,2,2
15,98,2,0,1,1,0,25,2,17,0,87,1,1,2
15,98,2,0,1,1,0,18,2,9,0,58,1,2,2
15,98,1,1,1,1,0,25,2,17,0,87,1,1,2
15,98,1,1,1,1,0,18,2,9,0,58,1,2,2
15,98,1,1,2,1,0,25,2,17,0,87,1,1,2
15,98,1,1,2,1,0,18,2,9,0,58,1,2,2
15,98,2,1,1,1,0,25,2,17,0,87,1,1,2
15,98,2,1,1,1,0,18,2,9,0,58,1,2,2
22,75,1,0,0,1,1,23,2,14,0,99,1,2,2
22,75,1,0,0,1,1,18,0,0,1,93,0,0,1
22,75,2,1,0,1,1,23,2,14,0,99,1,2,2
22,75,2,1,0,1,1,18,0,0,1,93,0,0,1
22,75,0,1,0,1,1,23,2,14,0,99,1,2,2
22,75,0,1,0,1,1,18,0,0,1,93,0,0,1
22,75,1,1,0,1,1,23,2,14,0,99,1,2,2
22,75,1,1,0,1,1,18,0,0,1,93,0,0,1
22,75,1,1,2,1,1,23,2,14,0,99,1,2,2
22,75,1,1,2,1,1,18,0,0,1,93,0,0,1
22,75,2,0,0,1,1,23,2,14,0,99,1,2,2
22,75,2,0,0,1,1,18,0,0,1,93,0,0,1
15,90,0,1,0,1,1,22,3,7,1,55,0,2,3
15,90,0,1,0,1,1,28,0,20,1,81,1,2,0
15,90,1,0,1,1,1,22,3,7,1,55,0,2,3
15,90,1,0,1,1,1,28,0,20,1,81,1,2,0
17,84,0,1,2,1,0,24,1,18,1,85,0,2,0
17,84,0,1,2,1,0,27,3,10,1,84,0,2,2
17,84,0,1,2,1,0,18,0,20,0,88,1,0,2
17,84,0,1,2,1,0,22,2,18,1,54,1,2,0
17,84,0,1,2,1,0,22,3,11,0,77,1,1,3
17,84,1,1,0,1,0,24,1,18,1,85,0,2,0
17,84,1,1,0,1,0,27,3,10,1,84,0,2,2
17,84,1,1,0,1,0,18,0,20,0,88,1,0,2
17,84,1,1,0,1,0,22,2,18,1,54,1,2,0
17,84,1,1,0,1,0,22,3,11,0,77,1,1,3
17,84,2,0,1,1,0,24,1,18,1,85,0,2,0
17,84,2,0,1,1,0,27,3,10,1,84,0,2,2
17,84,2,0,1,1,0,18,0,20,0,88,1,0,2
17,84,2,0,1,1,0,22,2,18,1,54,1,2,0
17,84,2,0,1,1,0,22,3,11,0,77,1,1,3
17,84,2,1,1,1,0,24,1,18,1,85,0,2,0
17,84,2,1,1,1,0,27,3,10,1,84,0,2,2
17,84,2,1,1,1,0,18,0,20,0,88,1,0,2
17,84,2,1,1,1,0,22,2,18,1,54,1,2,0
17,84,2,1,1,1,0,22,3,11,0,77,1,1,3
25,85,2,0,2,1,0,18,2,16,1,69,1,2,1
25,85,2,0,2,1,0,21,0,3,0,96,1,2,3
25,85,2,0,2,1,0,24,0,4,1,78,1,1,1
25,85,1,0,0,1,0,18,2,16,1,69,1,2,1
25,85,1,0,0,1,0,21,0,3,0,96,1,2,3
25,85,1,0,0,1,0,24,0,4,1,78,1,1,1
25,85,1,1,1,1,0,18,2,16,1,69,1,2,1
25,85,1,1,1,1,0,21,0,3,0,96,1,2,3
25,85,1,1,1,1,0,24,0,4,1,78,1,1,1
25,85,2,0,1,1,0,18,2,16,1,69,1,2,1
25,85,2,0,1,1,0,21,0,3,0,96,1,2,3
25,85,2,0,1,1,0,24,0,4,1,78,1,1,1
23,86,1,1,0,1,0,20,0,3,1,81,1,2,0
23,86,2,1,0,1,0,20,0,3,1,81,1,2,0
23,86,2,1,1,1,0,20,0,3,1,81,1,2,0
23,86,1,0,0,1,0,20,0,3,1,81,1,2,0
23,86,1,1,2,1,0,20,0,3,1,81,1,2,0
23,86,2,0,0,1,0,20,0,3,1,81,1,2,0
14,85,1,0,0,1,1,19,1,4,1,58,1,0,2
14,85,1,0,0,1,1,23,0,4,0,88,1,2,2
14,85,1,0,0,1,1,19,3,6,0,73,1,2,0
14,85,1,1,0,1,1,19,1,4,1,58,1,0,2
14,85,1,1,0,1,1,23,0,4,0,88,1,2,2
14,85,1,1,0,1,1,19,3,6,0,73,1,2,0
14,85,2,1,1,1,1,19,1,4,1,58,1,0,2
14,85,2,1,1,1,1,23,0,4,0,88,1,2,2
14,85,2,1,1,1,1,19,3,6,0,73,1,2,0
14,85,0,1,1,1,1,19,1,4,1,58,1,0,2
14,85,0,1,1,1,1,23,0,4,0,88,1,2,2
14,85,0,1,1,1,1,19,3,6,0,73,1,2,0
14,85,1,0,1,1,1,19,1,4,1,58,1,0,2
14,85,1,0,1,1,1,23,0,4,0,88,1,2,2
14,85,1,0,1,1,1,19,3,6,0,73,1,2,0
21,82,1,0,1,1,1,25,0,8,1,78,1,2,3
21,82,1,0,1,1,1,19,1,8,1,80,1,0,0
21,82,0,1,2,1,1,25,0,8,1,78,1,2,3
21,82,0,1,2,1,1,19,1,8,1,80,1,0,0
21,82,2,1,0,1,1,25,0,8,1,78,1,2,3
21,82,2,1,0,1,1,19,1,8,1,80,1,0,0
21,82,2,0,1,1,1,25,0,8,1,78,1,2,3
21,82,2,0,1,1,1,19,1,8,1,80,1,0,0
21,82,2,0,2,1,1,25,0,8,1,78,1,2,3
21,82,2,0,2,1,1,19,1,8,1,80,1,0,0
25,99,1,1,2,1,1,19,3,11,0,99,1,2,0
25,99,1,1,2,1,1,18,1,4,0,80,0,1,3
25,99,1,0,1,0,1,19,3,11,0,99,1,2,0
25,99,1,0,1,0,1,18,1,4,0,80,0,1,3
25,99,1,0,1,1,1,19,3,11,0,99,1,2,0
25,99,1,0,1,1,1,18,1,4,0,80,0,1,3
25,99,2,0,1,1,1,19,3,11,0,99,1,2,0
25,99,2,0,1,1,1,18,1,4,0,80,0,1,3
25,99,2,0,2,1,1,19,3,11,0,99,1,2,0
25,99,2,0,2,1,1,18,1,4,0,80,0,1,3
25,99,1,1,1,1,1,19,3,11,0,99,1,2,0
25,99,1,1,1,1,1,18,1,4,0,80,0,1,3
10,89,0,1,0,1,1,20,2,17,1,70,0,0,2
10,89,0,1,0,1,1,27,3,20,0,82,1,0,2
10,89,0,1,0,1,1,21,3,13,1,62,1,0,0
10,89,1,1,1,1,1,20,2,17,1,70,0,0,2
10,89,1,1,1,1,1,27,3,20,0,82,1,0,2
10,89,1,1,1,1,1,21,3,13,1,62,1,0,0
16,95,0,1,0,1,0,23,1,1,0,91,1,2,2
16,95,0,1,0,1,0,29,2,18,0,66,0,1,0
16,95,0,0,0,1,0,23,1,1,0,91,1,2,2
16,95,0,0,0,1,0,29,2,18,0,66,0,1,0
16,95,1,1,2,1,0,23,1,1,0,91,1,2,2
16,95,1,1,2,1,0,29,2,18,0,66,0,1,0
16,95,0,0,0,0,0,23,1,1,0,91,1,2,2
16,95,0,0,0,0,0,29,2,18,0,66,0,1,0
16,95,0,0,1,1,0,23,1,1,0,91,1,2,2
16,95,0,0,1,1,0,29,2,18,0,66,0,1,0
23,69,2,1,1,1,1,18,3,7,1,69,1,2,1
23,69,1,1,1,1,1,18,3,7,1,69,1,2,1
23,69,0,1,2,1,1,18,3,7,1,69,1,2,1
23,69,0,1,0,0,1,18,3,7,1,69,1,2,1
15,63,0,0,0,1,0,28,2,12,1,93,1,1,1
9,79,0,0,2,1,1,23,1,0,0,69,1,1,3
9,79,0,0,2,1,1,19,1,10,1,91,1,1,2
9,79,0,0,2,1,1,24,1,10,0,81,1,1,2
10,81,1,1,1,0,0,23,1,4,0,64,0,2,1
10,81,1,1,1,0,0,21,1,20,1,90,1,2,0
10,81,1,1,1,0,0,27,3,1,1,52,1,0,3
10,81,1,1,1,0,0,29,1,20,0,93,0,1,2
10,81,2,1,1,1,0,23,1,4,0,64,0,2,1
10,81,2,1,1,1,0,21,1,20,1,90,1,2,0
10,81,2,1,1,1,0,27,3,1,1,52,1,0,3
10,81,2,1,1,1,0,29,1,20,0,93,0,1,2
20,93,2,1,1,1,1,19,1,0,0,65,0,2,3
20,93,2,1,1,1,1,23,1,5,1,55,1,0,0
20,93,2,1,1,1,1,23,2,14,1,65,0,2,2
20,93,2,1,1,1,1,23,3,8,1,51,1,1,3
20,93,1,1,0,1,1,19,1,0,0,65,0,2,3
20,93,1,1,0,1,1,23,1,5,1,55,1,0,0
20,93,1,1,0,1,1,23,2,14,1,65,0,2,2
20,93,1,1,0,1,1,23,3,8,1,51,1,1,3
20,93,0,1,1,1,1,19,1,0,0,65,0,2,3
20,93,0,1,1,1,1,23,1,5,1,55,1,0,0
20,93,0,1,1,1,1,23,2,14,1,65,0,2,2
20,93,0,1,1,1,1,23,3,8,1,51,1,1,3
20,93,1,1,1,1,1,19,1,0,0,65,0,2,3
20,93,1,1,1,1,1,23,1,5,1,55,1,0,0
20,93,1,1,1,1,1,23,2,14,1,65,0,2,2
20,93,1,1,1,1,1,23,3,8,1,51,1,1,3
20,93,2,0,1,1,1,19,1,0,0,65,0,2,3
20,93,2,0,1,1,1,23,1,5,1,55,1,0,0
20,93,2,0,1,1,1,23,2,14,1,65,0,2,2
20,93,2,0,1,1,1,23,3,8,1,51,1,1,3
20,93,1,0,2,1,1,19,1,0,0,65,0,2,3
20,93,1,0,2,1,1,23,1,5,1,55,1,0,0
20,93,1,0,2,1,1,23,2,14,1,65,0,2,2
20,93,1,0,2,1,1,23,3,8,1,51,1,1,3
20,93,0,0,1,1,1,19,1,0,0,65,0,2,3
20,93,0,0,1,1,1,23,1,5,1,55,1,0,0
20,93,0,0,1,1,1,23,2,14,1,65,0,2,2
20,93,0,0,1,1,1,23,3,8,1,51,1,1,3
22,78,1,1,0,1,1,19,3,13,1,95,0,2,2
22,78,1,1,0,1,1,27,3,9,1,58,1,1,1
22,78,1,1,0,1,1,22,3,10,0,87,0,0,2
22,78,2,1,1,1,1,19,3,13,1,95,0,2,2
22,78,2,1,1,1,1,27,3,9,1,58,1,1,1
22,78,2,1,1,1,1,22,3,10,0,87,0,0,2
22,78,1,0,1,1,1,19,3,13,1,95,0,2,2
22,78,1,0,1,1,1,27,3,9,1,58,1,1,1
22,78,1,0,1,1,1,22,3,10,0,87,0,0,2
22,78,1,1,1,1,1,19,3,13,1,95,0,2,2
22,78,1,1,1,1,1,27,3,9,1,58,1,1,1
22,78,1,1,1,1,1,22,3,10,0,87,0,0,2
22,78,2,0,0,1,1,19,3,13,1,95,0,2,2
22,78,2,0,0,1,1,27,3,9,1,58,1,1,1
22,78,2,0,0,1,1,22,3,10,0,87,0,0,2
22,78,2,1,0,1,1,19,3,13,1,95,0,2,2
22,78,2,1,0,1,1,27,3,9,1,58,1,1,1
22,78,2,1,0,1,1,22,3,10,0,87,0,0,2
22,78,0,0,2,1,1,19,3,13,1,95,0,2,2
22,78,0,0,2,1,1,27,3,9,1,58,1,1,1
22,78,0,0,2,1,1,22,3,10,0,87,0,0,2
24,81,0,0,1,1,0,25,0,20,0,64,1,2,3
24,81,0,0,1,1,0,20,2,13,1,97,0,1,1
10,62,0,0,2,1,1,27,1,13,0,97,1,1,3
10,62,0,0,2,1,1,20,1,0,1,60,1,2,2
10,62,0,0,2,1,1,20,2,15,1,95,0,1,1
10,62,0,0,2,1,1,24,1,10,0,98,0,1,2
10,62,0,0,2,1,1,23,2,14,0,79,1,2,2
10,62,1,0,2,1,1,27,1,13,0,97,1,1,3
10,62,1,0,2,1,1,20,1,0,1,60,1,2,2
10,62,1,0,2,1,1,20,2,15,1,95,0,1,1
10,62,1,0,2,1,1,24,1,10,0,98,0,1,2
10,62,1,0,2,1,1,23,2,14,0,79,1,2,2
10,62,2,0,1,1,1,27,1,13,0,97,1,1,3
10,62,2,0,1,1,1,20,1,0,1,60,1,2,2
10,62,2,0,1,1,1,20,2,15,1,95,0,1,1
10,62,2,0,1,1,1,24,1,10,0,98,0,1,2
10,62,2,0,1,1,1,23,2,14,0,79,1,2,2
20,85,1,0,2,1,1,25,1,20,1,52,1,1,3
20,85,1,0,2,1,1,28,2,1,0,98,1,2,2
20,85,1,0,2,1,1,28,3,5,1,50,1,2,1
20,85,1,0,2,1,1,20,2,7,0,97,1,1,1
20,85,1,0,2,1,1,22,3,5,1,54,1,1,3
20,85,1,1,0,1,1,25,1,20,1,52,1,1,3
20,85,1,1,0,1,1,28,2,1,0,98,1,2,2
20,85,1,1,0,1,1,28,3,5,1,50,1,2,1
20,85,1,1,0,1,1,20,2,7,0,97,1,1,1
20,85,1,1,0,1,1,22,3,5,1,54,1,1,3
20,85,0,0,0,1,1,25,1,20,1,52,1,1,3
20,85,0,0,0,1,1,28,2,1,0,98,1,2,2
20,85,0,0,0,1,1,28,3,5,1,50,1,2,1
20,85,0,0,0,1,1,20,2,7,0,97,1,1,1
20,85,0,0,0,1,1,22,3,5,1,54,1,1,3
20,85,0,1,1,1,1,25,1,20,1,52,1,1,3
20,85,0,1,1,1,1,28,2,1,0,98,1,2,2
20,85,0,1,1,1,1,28,3,5,1,50,1,2,1
20,85,0,1,1,1,1,20,2,7,0,97,1,1,1
20,85,0,1,1,1,1,22,3,5,1,54,1,1,3
20,85,1,0,0,1,1,25,1,20,1,52,1,1,3
20,85,1,0,0,1,1,28,2,1,0,98,1,2,2
20,85,1,0,0,1,1,28,3,5,1,50,1,2,1
20,85,1,0,0,1,1,20,2,7,0,97,1,1,1
20,85,1,0,0,1,1,22,3,5,1,54,1,1,3
13,93,0,1,2,1,1,23,3,1,0,99,1,2,3
13,93,0,1,2,1,1,23,3,9,1,94,1,0,1
13,93,0,1,2,1,1,23,3,4,1,58,1,2,0
13,93,0,1,2,1,1,29,1,15,1,89,0,1,3
13,93,2,1,1,1,1,23,3,1,0,99,1,2,3
13,93,2,1,1,1,1,23,3,9,1,94,1,0,1
13,93,2,1,1,1,1,23,3,4,1,58,1,2,0
13,93,2,1,1,1,1,29,1,15,1,89,0,1,3
13,93,2,0,0,1,1,23,3,1,0,99,1,2,3
13,93,2,0,0,1,1,23,3,9,1,94,1,0,1
13,93,2,0,0,1,1,23,3,4,1,58,1,2,0
13,93,2,0,0,1,1,29,1,15,1,89,0,1,3
20,84,2,1,2,1,0,21,2,15,1,83,1,1,2
20,84,2,1,1,1,0,21,2,15,1,83,1,1,2
20,84,0,0,1,1,0,21,2,15,1,83,1,1,2
20,84,0,0,0,1,0,21,2,15,1,83,1,1,2
15,84,2,0,0,1,1,26,1,15,0,59,1,2,0
15,84,2,0,0,1,1,19,0,4,1,82,0,2,1
15,84,2,0,0,1,1,26,2,10,0,74,0,1,2
15,84,2,0,0,1,1,22,1,12,1,54,1,1,2
15,84,1,0,1,1,1,26,1,15,0,59,1,2,0
15,84,1,0,1,1,1,19,0,4,1,82,0,2,1
15,84,1,0,1,1,1,26,2,10,0,74,0,1,2
15,84,1,0,1,1,1,22,1,12,1,54,1,1,2
15,84,0,1,1,1,1,26,1,15,0,59,1,2,0
15,84,0,1,1,1,1,19,0,4,1,82,0,2,1
15,84,0,1,1,1,1,26,2,10,0,74,0,1,2
15,84,0,1,1,1,1,22,1,12,1,54,1,1,2
18,67,0,1,0,1,1,25,3,17,1,78,1,2,2
18,67,0,1,0,1,1,19,0,12,0,76,1,2,0
18,67,2,1,1,1,1,25,3,17,1,78,1,2,2
18,67,2,1,1,1,1,19,0,12,0,76,1,2,0
18,67,0,0,0,1,1,25,3,17,1,78,1,2,2
18,67,0,0,0,1,1,19,0,12,0,76,1,2,0
18,67,1,0,2,1,1,25,3,17,1,78,1,2,2
18,67,1,0,2,1,1,19,0,12,0,76,1,2,0
18,67,1,1,2,1,1,25,3,17,1,78,1,2,2
18,67,1,1,2,1,1,19,0,12,0,76,1,2,0
17,99,2,0,1,1,1,27,1,16,1,81,1,1,3
17,99,2,0,1,1,1,27,2,16,1,99,1,2,1
17,99,1,0,0,0,1,27,1,16,1,81,1,1,3
17,99,1,0,0,0,1,27,2,16,1,99,1,2,1
17,99,1,0,0,1,1,27,1,16,1,81,1,1,3
17,99,1,0,0,1,1,27,2,16,1,99,1,2,1
17,99,1,1,1,1,1,27,1,16,1,81,1,1,3
17,99,1,1,1,1,1,27,2,16,1,99,1,2,1
13,69,0,0,1,1,1,25,2,15,0,66,0,2,1
13,69,0,0,1,1,1,19,3,15,1,91,1,0,1
13,69,0,0,1,1,1,25,1,17,0,62,1,2,2
13,69,2,0,0,1,1,25,2,15,0,66,0,2,1
13,69,2,0,0,1,1,19,3,15,1,91,1,0,1
13,69,2,0,0,1,1,25,1,17,0,62,1,2,2
23,67,1,1,1,1,0,27,2,5,0,70,1,0,0
23,67,1,0,2,1,0,27,2,5,0,70,1,0,0
23,67,2,1,1,1,0,27,2,5,0,70,1,0,0
23,67,2,1,0,1,0,27,2,5,0,70,1,0,0
23,67,0,0,1,1,0,27,2,5,0,70,1,0,0
29,87,2,1,2,1,1,23,0,9,1,69,1,0,2
5,84,1,1,2,1,1,20,2,17,1,74,1,2,2
5,84,1,1,0,0,1,20,2,17,1,74,1,2,2
19,96,0,1,0,0,0,21,2,20,1,72,0,0,3
19,96,0,1,0,0,0,20,0,12,1,62,1,1,2
19,96,0,1,0,0,0,24,0,1,0,66,0,2,1
19,96,0,1,0,0,0,29,2,4,1,98,1,1,1
19,96,1,0,2,1,0,21,2,20,1,72,0,0,3
19,96,1,0,2,1,0,20,0,12,1,62,1,1,2
19,96,1,0,2,1,0,24,0,1,0,66,0,2,1
19,96,1,0,2,1,0,29,2,4,1,98,1,1,1
19,96,1,1,2,1,0,21,2,20,1,72,0,0,3
19,96,1,1,2,1,0,20,0,12,1,62,1,1,2
19,96,1,1,2,1,0,24,0,1,0,66,0,2,1
19,96,1,1,2,1,0,29,2,4,1,98,1,1,1
19,76,2,1,0,1,1,27,0,20,1,83,1,2,3
19,76,2,1,0,1,1,21,2,11,0,72,1,1,0
19,76,0,0,1,1,1,27,0,20,1,83,1,2,3
19,76,0,0,1,1,1,21,2,11,0,72,1,1,0
19,76,1,1,1,1,1,27,0,20,1,83,1,2,3
19,76,1,1,1,1,1,21,2,11,0,72,1,1,0
19,76,0,1,1,1,1,27,0,20,1,83,1,2,3
19,76,0,1,1,1,1,21,2,11,0,72,1,1,0
27,95,1,0,2,1,0,19,2,1,1,63,1,0,0
27,95,2,0,2,1,0,19,2,1,1,63,1,0,0
27,95,1,1,2,1,0,19,2,1,1,63,1,0,0
27,95,2,1,2,1,0,19,2,1,1,63,1,0,0
22,97,2,1,1,1,1,29,1,11,1,73,1,1,0
22,97,2,1,1,1,1,20,0,13,1,79,0,2,1
22,97,2,1,1,1,1,26,2,16,1,66,1,2,2
22,97,1,1,2,1,1,29,1,11,1,73,1,1,0
22,97,1,1,2,1,1,20,0,13,1,79,0,2,1
22,97,1,1,2,1,1,26,2,16,1,66,1,2,2
22,97,1,0,2,1,1,29,1,11,1,73,1,1,0
22,97,1,0,2,1,1,20,0,13,1,79,0,2,1
22,97,1,0,2,1,1,26,2,16,1,66,1,2,2
22,97,1,0,1,1,1,29,1,11,1,73,1,1,0
22,97,1,0,1,1,1,20,0,13,1,79,0,2,1
22,97,1,0,1,1,1,26,2,16,1,66,1,2,2
22,97,1,1,1,0,1,29,1,11,1,73,1,1,0
22,97,1,1,1,0,1,20,0,13,1,79,0,2,1
22,97,1,1,1,0,1,26,2,16,1,66,1,2,2
22,97,1,1,1,1,1,29,1,11,1,73,1,1,0
22,97,1,1,1,1,1,20,0,13,1,79,0,2,1
22,97,1,1,1,1,1,26,2,16,1,66,1,2,2
22,72,1,1,1,1,1,27,0,20,0,50,0,1,0
22,72,1,0,0,1,1,27,0,20,0,50,0,1,0
22,72,0,1,2,1,1,27,0,20,0,50,0,1,0
22,72,2,0,0,0,1,27,0,20,0,50,0,1,0
18,95,1,1,0,1,1,28,2,14,1,55,1,0,2
18,95,1,1,0,1,1,29,2,19,1,53,0,2,0
18,95,1,1,0,1,1,18,1,12,0,85,0,2,3
18,95,1,1,2,1,1,28,2,14,1,55,1,0,2
18,95,1,1,2,1,1,29,2,19,1,53,0,2,0
18,95,1,1,2,1,1,18,1,12,0,85,0,2,3
18,95,2,0,1,1,1,28,2,14,1,55,1,0,2
18,95,2,0,1,1,1,29,2,19,1,53,0,2,0
18,95,2,0,1,1,1,18,1,12,0,85,0,2,3
18,95,2,1,2,1,1,28,2,14,1,55,1,0,2
18,95,2,1,2,1,1,29,2,19,1,53,0,2,0
18,95,2,1,2,1,1,18,1,12,0,85,0,2,3
17,91,1,0,2,1,1,23,3,19,0,94,1,2,1
17,91,1,0,2,1,1,28,2,9,0,54,1,2,1
17,91,1,1,1,1,1,23,3,19,0,94,1,2,1
17,91,1,1,1,1,1,28,2,9,0,54,1,2,1
17,91,0,1,0,1,1,23,3,19,0,94,1,2,1
17,91,0,1,0,1,1,28,2,9,0,54,1,2,1
17,91,0,1,1,1,1,23,3,19,0,94,1,2,1
17,91,0,1,1,1,1,28,2,9,0,54,1,2,1
22,71,2,1,2,1,0,22,1,1,1,59,1,2,2
22,71,2,1,2,1,0,22,1,8,1,73,1,2,0
22,71,2,1,2,1,0,28,1,2,0,51,1,2,2
22,71,1,0,1,0,0,22,1,1,1,59,1,2,2
22,71,1,0,1,0,0,22,1,8,1,73,1,2,0
22,71,1,0,1,0,0,28,1,2,0,51,1,2,2
22,71,1,1,0,1,0,22,1,1,1,59,1,2,2
22,71,1,1,0,1,0,22,1,8,1,73,1,2,0
22,71,1,1,0,1,0,28,1,2,0,51,1,2,2
22,71,0,1,0,1,0,22,1,1,1,59,1,2,2
22,71,0,1,0,1,0,22,1,8,1,73,1,2,0
22,71,0,1,0,1,0,28,1,2,0,51,1,2,2
25,60,2,0,1,1,0,22,0,6,1,55,1,0,0
25,60,2,1,1,1,0,22,0,6,1,55,1,0,0
27,74,1,0,2,0,1,23,2,16,0,58,1,1,0
27,74,1,0,2,0,1,28,2,20,0,84,1,0,2
27,74,1,0,2,0,1,21,0,10,1,54,1,0,3
27,74,0,1,2,0,1,23,2,16,0,58,1,1,0
27,74,0,1,2,0,1,28,2,20,0,84,1,0,2
27,74,0,1,2,0,1,21,0,10,1,54,1,0,3
27,74,1,1,1,1,1,23,2,16,0,58,1,1,0
27,74,1,1,1,1,1,28,2,20,0,84,1,0,2
27,74,1,1,1,1,1,21,0,10,1,54,1,0,3
27,74,2,0,2,1,1,23,2,16,0,58,1,1,0
27,74,2,0,2,1,1,28,2,20,0,84,1,0,2
27,74,2,0,2,1,1,21,0,10,1,54,1,0,3
18,73,0,1,1,1,0,28,0,6,1,63,1,0,1
18,73,0,1,1,1,0,29,1,4,1,92,1,0,1
18,73,0,1,1,1,0,24,3,19,1,77,1,0,0
18,73,2,1,2,1,0,28,0,6,1,63,1,0,1
18,73,2,1,2,1,0,29,1,4,1,92,1,0,1
18,73,2,1,2,1,0,24,3,19,1,77,1,0,0
18,73,1,0,1,1,0,28,0,6,1,63,1,0,1
18,73,1,0,1,1,0,29,1,4,1,92,1,0,1
18,73,1,0,1,1,0,24,3,19,1,77,1,0,0
18,73,1,1,1,1,0,28,0,6,1,63,1,0,1
18,73,1,1,1,1,0,29,1,4,1,92,1,0,1
18,73,1,1,1,1,0,24,3,19,1,77,1,0,0
8,86,2,0,2,1,1,23,0,19,1,68,1,2,2
8,86,2,0,2,1,1,28,1,15,1,90,0,2,0
8,86,2,0,2,1,1,25,0,9,1,85,1,1,0
8,86,0,1,0,1,1,23,0,19,1,68,1,2,2
8,86,0,1,0,1,1,28,1,15,1,90,0,2,0
8,86,0,1,0,1,1,25,0,9,1,85,1,1,0
14,94,1,0,1,1,1,19,2,18,0,95,1,0,2
14,94,1,0,2,1,1,19,2,18,0,95,1,0,2
14,94,1,1,2,1,1,19,2,18,0,95,1,0,2
14,94,1,1,1,0,1,19,2,18,0,95,1,0,2
9,84,0,0,2,1,1,28,3,18,1,95,0,1,0
9,84,0,0,2,1,1,25,2,9,1,66,1,0,1
9,84,2,1,2,1,1,28,3,18,1,95,0,1,0
9,84,2,1,2,1,1,25,2,9,1,66,1,0,1
9,84,1,0,1,1,1,28,3,18,1,95,0,1,0
9,84,1,0,1,1,1,25,2,9,1,66,1,0,1
25,82,2,1,1,1,1,24,2,18,1,95,1,2,3
25,82,2,1,1,1,1,25,3,7,0,61,1,1,0
25,82,2,1,1,1,1,27,0,11,1,92,0,2,3
25,82,2,1,1,1,1,18,0,12,1,69,1,2,2
25,82,0,0,1,1,1,24,2,18,1,95,1,2,3
25,82,0,0,1,1,1,25,3,7,0,61,1,1,0
25,82,0,0,1,1,1,27,0,11,1,92,0,2,3
25,82,0,0,1,1,1,18,0,12,1,69,1,2,2
25,82,1,1,1,0,1,24,2,18,1,95,1,2,3
25,82,1,1,1,0,1,25,3,7,0,61,1,1,0
25,82,1,1,1,0,1,27,0,11,1,92,0,2,3
25,82,1,1,1,0,1,18,0,12,1,69,1,2,2
25,82,1,1,0,1,1,24,2,18,1,95,1,2,3
25,82,1,1,0,1,1,25,3,7,0,61,1,1,0
25,82,1,1,0,1,1,27,0,11,1,92,0,2,3
25,82,1,1,0,1,1,18,0,12,1,69,1,2,2
25,82,1,1,1,1,1,24,2,18,1,95,1,2,3
25,82,1,1,1,1,1,25,3,7,0,61,1,1,0
25,82,1,1,1,1,1,27,0,11,1,92,0,2,3
25,82,1,1,1,1,1,18,0,12,1,69,1,2,2
25,82,2,0,0,1,1,24,2,18,1,95,1,2,3
25,82,2,0,0,1,1,25,3,7,0,61,1,1,0
25,82,2,0,0,1,1,27,0,11,1,92,0,2,3
25,82,2,0,0,1,1,18,0,12,1,69,1,2,2
25,82,2,0,1,1,1,24,2,18,1,95,1,2,3
25,82,2,0,1,1,1,25,3,7,0,61,1,1,0
25,82,2,0,1,1,1,27,0,11,1,92,0,2,3
25,82,2,0,1,1,1,18,0,12,1,69,1,2,2
7,86,0,0,1,1,0,26,1,8,1,76,0,1,3
25,89,1,1,2,1,1,24,1,8,1,95,1,2,1
25,89,0,1,2,1,1,24,1,8,1,95,1,2,1
25,89,2,0,1,1,1,24,1,8,1,95,1,2,1
18,84,2,0,1,1,0,20,3,19,1,79,0,0,0
18,84,2,0,1,1,0,23,0,10,1,60,1,2,1
18,84,2,0,1,1,0,23,2,10,1,71,1,2,3
18,84,2,0,1,1,0,23,3,18,0,98,0,2,3
18,84,1,1,1,1,0,20,3,19,1,79,0,0,0
18,84,1,1,1,1,0,23,0,10,1,60,1,2,1
18,84,1,1,1,1,0,23,2,10,1,71,1,2,3
18,84,1,1,1,1,0,23,3,18,0,98,0,2,3
18,84,2,1,0,1,0,20,3,19,1,79,0,0,0
18,84,2,1,0,1,0,23,0,10,1,60,1,2,1
18,84,2,1,0,1,0,23,2,10,1,71,1,2,3
18,84,2,1,0,1,0,23,3,18,0,98,0,2,3
18,84,0,0,1,1,0,20,3,19,1,79,0,0,0
18,84,0,0,1,1,0,23,0,10,1,60,1,2,1
18,84,0,0,1,1,0,23,2,10,1,71,1,2,3
18,84,0,0,1,1,0,23,3,18,0,98,0,2,3
18,84,0,1,0,1,0,20,3,19,1,79,0,0,0
18,84,0,1,0,1,0,23,0,10,1,60,1,2,1
18,84,0,1,0,1,0,23,2,10,1,71,1,2,3
18,84,0,1,0,1,0,23,3,18,0,98,0,2,3
24,71,0,0,1,1,0,25,3,5,1,85,1,1,1
24,71,2,1,1,1,0,25,3,5,1,85,1,1,1
24,71,2,1,0,1,0,25,3,5,1,85,1,1,1
24,71,1,0,1,0,0,25,3,5,1,85,1,1,1
34,63,2,1,0,1,0,28,0,18,1,78,1,2,2
34,63,2,1,0,1,0,23,0,20,1,65,1,2,0
17,73,1,0,2,1,1,25,3,13,1,88,1,2,3
17,73,1,0,2,1,1,28,1,14,0,94,1,2,3
17,73,1,1,1,1,1,25,3,13,1,88,1,2,3
17,73,1,1,1,1,1,28,1,14,0,94,1,2,3
17,73,2,1,1,1,1,25,3,13,1,88,1,2,3
17,73,2,1,1,1,1,28,1,14,0,94,1,2,3
17,73,1,1,2,1,1,25,3,13,1,88,1,2,3
17,73,1,1,2,1,1,28,1,14,0,94,1,2,3
17,73,2,1,0,1,1,25,3,13,1,88,1,2,3
17,73,2,1,0,1,1,28,1,14,0,94,1,2,3
17,73,0,0,1,1,1,25,3,13,1,88,1,2,3
17,73,0,0,1,1,1,28,1,14,0,94,1,2,3
15,89,1,1,0,1,1,29,2,4,0,54,1,2,2
15,89,0,0,0,1,1,29,2,4,0,54,1,2,2
15,89,2,1,0,1,1,29,2,4,0,54,1,2,2
15,89,0,1,0,1,1,29,2,4,0,54,1,2,2
15,89,0,0,2,1,1,29,2,4,0,54,1,2,2
15,89,1,1,2,1,1,29,2,4,0,54,1,2,2
15,89,1,0,0,1,1,29,2,4,0,54,1,2,2
15,89,0,0,1,1,1,29,2,4,0,54,1,2,2
25,86,1,1,0,1,1,25,0,13,1,60,1,2,1
25,86,1,1,0,1,1,18,3,9,1,51,1,2,3
25,86,1,0,1,1,1,25,0,13,1,60,1,2,1
25,86,1,0,1,1,1,18,3,9,1,51,1,2,3
23,85,0,1,0,1,1,27,2,8,1,67,0,2,1
23,85,0,1,0,1,1,24,0,20,1,90,1,1,1
23,85,0,1,0,1,1,21,0,10,1,85,1,1,0
23,85,0,1,0,1,1,21,3,18,0,88,1,2,2
23,85,2,0,0,0,1,27,2,8,1,67,0,2,1
23,85,2,0,0,0,1,24,0,20,1,90,1,1,1
23,85,2,0,0,0,1,21,0,10,1,85,1,1,0
23,85,2,0,0,0,1,21,3,18,0,88,1,2,2
23,85,1,1,0,1,1,27,2,8,1,67,0,2,1
23,85,1,1,0,1,1,24,0,20,1,90,1,1,1
23,85,1,1,0,1,1,21,0,10,1,85,1,1,0
23,85,1,1,0,1,1,21,3,18,0,88,1,2,2
23,85,2,0,1,1,1,27,2,8,1,67,0,2,1
23,85,2,0,1,1,1,24,0,20,1,90,1,1,1
23,85,2,0,1,1,1,21,0,10,1,85,1,1,0
23,85,2,0,1,1,1,21,3,18,0,88,1,2,2
26,60,1,1,2,1,0,28,2,19,0,50,1,2,0
26,60,1,1,2,1,0,22,2,1,0,94,1,2,1
26,60,1,1,2,1,0,26,2,4,1,92,1,1,2
17,88,1,1,1,1,0,29,1,9,1,57,1,1,1
17,88,1,1,1,1,0,21,3,19,0,65,1,2,1
17,88,1,1,1,1,0,24,3,4,0,55,1,1,3
17,88,1,0,1,1,0,29,1,9,1,57,1,1,1
17,88,1,0,1,1,0,21,3,19,0,65,1,2,1
17,88,1,0,1,1,0,24,3,4,0,55,1,1,3
17,88,2,1,1,1,0,29,1,9,1,57,1,1,1
17,88,2,1,1,1,0,21,3,19,0,65,1,2,1
17,88,2,1,1,1,0,24,3,4,0,55,1,1,3
14,98,2,1,1,0,1,29,0,6,0,78,0,2,3
14,98,2,1,1,0,1,18,3,2,0,83,1,2,0
14,98,2,1,1,0,1,24,0,4,0,96,0,2,2
14,98,2,0,1,1,1,29,0,6,0,78,0,2,3
14,98,2,0,1,1,1,18,3,2,0,83,1,2,0
14,98,2,0,1,1,1,24,0,4,0,96,0,2,2
14,98,2,1,1,1,1,29,0,6,0,78,0,2,3
14,98,2,1,1,1,1,18,3,2,0,83,1,2,0
14,98,2,1,1,1,1,24,0,4,0,96,0,2,2
14,98,1,1,2,1,1,29,0,6,0,78,0,2,3
14,98,1,1,2,1,1,18,3,2,0,83,1,2,0
14,98,1,1,2,1,1,24,0,4,0,96,0,2,2
14,98,1,1,0,1,1,29,0,6,0,78,0,2,3
14,98,1,1,0,1,1,18,3,2,0,83,1,2,0
14,98,1,1,0,1,1,24,0,4,0,96,0,2,2
14,98,1,0,1,0,1,29,0,6,0,78,0,2,3
14,98,1,0,1,0,1,18,3,2,0,83,1,2,0
14,98,1,0,1,0,1,24,0,4,0,96,0,2,2
14,98,2,1,2,1,1,29,0,6,0,78,0,2,3
14,98,2,1,2,1,1,18,3,2,0,83,1,2,0
14,98,2,1,2,1,1,24,0,4,0,96,0,2,2
17,93,0,0,1,1,1,26,0,15,1,79,1,0,3
17,93,0,0,1,1,1,19,3,13,1,74,1,2,1
17,93,1,1,2,1,1,26,0,15,1,79,1,0,3
17,93,1,1,2,1,1,19,3,13,1,74,1,2,1
17,93,1,1,0,1,1,26,0,15,1,79,1,0,3
17,93,1,1,0,1,1,19,3,13,1,74,1,2,1
17,93,1,0,0,1,1,26,0,15,1,79,1,0,3
17,93,1,0,0,1,1,19,3,13,1,74,1,2,1
17,93,0,1,0,1,1,26,0,15,1,79,1,0,3
17,93,0,1,0,1,1,19,3,13,1,74,1,2,1
14,68,1,1,1,1,0,28,2,8,1,51,0,2,1
14,68,1,1,1,1,0,24,1,5,0,81,0,2,0
14,68,1,1,1,1,0,23,1,9,0,62,1,0,1
14,68,1,1,2,1,0,28,2,8,1,51,0,2,1
14,68,1,1,2,1,0,24,1,5,0,81,0,2,0
14,68,1,1,2,1,0,23,1,9,0,62,1,0,1
14,68,2,1,0,1,0,28,2,8,1,51,0,2,1
14,68,2,1,0,1,0,24,1,5,0,81,0,2,0
14,68,2,1,0,1,0,23,1,9,0,62,1,0,1
25,74,2,1,1,1,1,19,2,17,0,71,0,2,1
25,74,2,1,1,1,1,26,0,1,1,65,1,2,3
25,74,2,1,1,1,1,20,1,9,1,53,1,2,1
25,74,2,1,1,1,1,21,3,17,1,75,1,1,3
25,74,2,1,1,1,1,24,3,9,1,51,1,2,3
25,74,2,1,1,1,1,23,1,5,1,57,1,2,1
25,74,1,1,0,1,1,19,2,17,0,71,0,2,1
25,74,1,1,0,1,1,26,0,1,1,65,1,2,3
25,74,1,1,0,1,1,20,1,9,1,53,1,2,1
25,74,1,1,0,1,1,21,3,17,1,75,1,1,3
25,74,1,1,0,1,1,24,3,9,1,51,1,2,3
25,74,1,1,0,1,1,23,1,5,1,57,1,2,1
25,74,1,1,2,1,1,19,2,17,0,71,0,2,1
25,74,1,1,2,1,1,26,0,1,1,65,1,2,3
25,74,1,1,2,1,1,20,1,9,1,53,1,2,1
25,74,1,1,2,1,1,21,3,17,1,75,1,1,3
25,74,1,1,2,1,1,24,3,9,1,51,1,2,3
25,74,1,1,2,1,1,23,1,5,1,57,1,2,1
25,74,2,0,2,1,1,19,2,17,0,71,0,2,1
25,74,2,0,2,1,1,26,0,1,1,65,1,2,3
25,74,2,0,2,1,1,20,1,9,1,53,1,2,1
25,74,2,0,2,1,1,21,3,17,1,75,1,1,3
25,74,2,0,2,1,1,24,3,9,1,51,1,2,3
25,74,2,0,2,1,1,23,1,5,1,57,1,2,1
28,79,1,1,1,1,1,21,1,2,1,82,1,1,1
28,79,1,1,1,1,1,28,2,11,0,67,1,1,3
28,79,1,1,1,1,1,18,0,13,1,94,1,2,3
28,79,1,1,1,1,1,18,1,12,0,83,1,1,2
28,79,2,1,0,1,1,21,1,2,1,82,1,1,1
28,79,2,1,0,1,1,28,2,11,0,67,1,1,3
28,79,2,1,0,1,1,18,0,13,1,94,1,2,3
28,79,2,1,0,1,1,18,1,12,0,83,1,1,2
31,81,1,0,0,1,0,22,3,12,1,64,0,2,3
31,81,1,0,0,1,0,19,3,16,1,58,1,0,0
31,81,1,0,0,1,0,22,2,19,1,89,1,1,0
31,81,1,0,0,1,0,20,1,18,0,63,1,2,2
13,99,1,1,1,1,1,19,3,4,0,99,1,0,3
13,99,1,1,1,1,1,26,1,1,1,71,0,1,0
13,99,1,1,1,1,1,29,0,7,1,52,1,1,1
13,99,1,1,1,1,1,20,2,6,0,83,0,1,2
13,99,1,1,1,1,1,20,1,15,0,76,1,0,0
13,99,1,1,1,1,1,20,1,10,1,92,1,2,2
13,99,1,1,1,1,1,20,1,6,1,73,1,1,1
13,99,2,0,1,1,1,19,3,4,0,99,1,0,3
13,99,2,0,1,1,1,26,1,1,1,71,0,1,0
13,99,2,0,1,1,1,29,0,7,1,52,1,1,1
13,99,2,0,1,1,1,20,2,6,0,83,0,1,2
13,99,2,0,1,1,1,20,1,15,0,76,1,0,0
13,99,2,0,1,1,1,20,1,10,1,92,1,2,2
13,99,2,0,1,1,1,20,1,6,1,73,1,1,1
13,99,2,1,1,0,1,19,3,4,0,99,1,0,3
13,99,2,1,1,0,1,26,1,1,1,71,0,1,0
13,99,2,1,1,0,1,29,0,7,1,52,1,1,1
13,99,2,1,1,0,1,20,2,6,0,83,0,1,2
13,99,2,1,1,0,1,20,1,15,0,76,1,0,0
13,99,2,1,1,0,1,20,1,10,1,92,1,2,2
13,99,2,1,1,0,1,20,1,6,1,73,1,1,1
13,99,1,0,2,1,1,19,3,4,0,99,1,0,3
13,99,1,0,2,1,1,26,1,1,1,71,0,1,0
13,99,1,0,2,1,1,29,0,7,1,52,1,1,1
13,99,1,0,2,1,1,20,2,6,0,83,0,1,2
13,99,1,0,2,1,1,20,1,15,0,76,1,0,0
13,99,1,0,2,1,1,20,1,10,1,92,1,2,2
13,99,1,0,2,1,1,20,1,6,1,73,1,1,1
29,97,1,0,1,1,0,20,0,9,1,65,1,1,1
29,97,1,0,1,1,0,23,0,2,0,62,0,2,2
29,97,1,0,1,1,0,18,3,20,1,86,1,2,1
29,97,1,1,1,1,0,20,0,9,1,65,1,1,1
29,97,1,1,1,1,0,23,0,2,0,62,0,2,2
29,97,1,1,1,1,0,18,3,20,1,86,1,2,1
29,97,2,1,1,1,0,20,0,9,1,65,1,1,1
29,97,2,1,1,1,0,23,0,2,0,62,0,2,2
29,97,2,1,1,1,0,18,3,20,1,86,1,2,1
24,97,0,0,0,1,0,22,3,20,1,95,1,0,1
24,97,0,0,0,1,0,20,1,15,0,70,1,1,1
24,97,0,0,0,1,0,20,2,15,0,52,0,2,3
24,97,0,0,0,1,0,28,1,0,0,56,1,2,3
24,97,0,0,0,1,0,29,2,14,1,68,1,1,0
24,97,0,0,0,1,0,24,1,18,0,98,1,0,0
24,97,0,0,0,1,0,25,0,1,0,62,1,1,2
24,97,1,0,2,1,0,22,3,20,1,95,1,0,1
24,97,1,0,2,1,0,20,1,15,0,70,1,1,1
24,97,1,0,2,1,0,20,2,15,0,52,0,2,3
24,97,1,0,2,1,0,28,1,0,0,56,1,2,3
24,97,1,0,2,1,0,29,2,14,1,68,1,1,0
24,97,1,0,2,1,0,24,1,18,0,98,1,0,0
24,97,1,0,2,1,0,25,0,1,0,62,1,1,2
24,97,1,1,1,1,0,22,3,20,1,95,1,0,1
24,97,1,1,1,1,0,20,1,15,0,70,1,1,1
24,97,1,1,1,1,0,20,2,15,0,52,0,2,3
24,97,1,1,1,1,0,28,1,0,0,56,1,2,3
24,97,1,1,1,1,0,29,2,14,1,68,1,1,0
24,97,1,1,1,1,0,24,1,18,0,98,1,0,0
24,97,1,1,1,1,0,25,0,1,0,62,1,1,2
20,81,0,1,0,1,0,19,3,14,1,64,1,2,2
20,81,0,1,0,1,0,28,3,11,0,80,1,1,0
20,81,1,1,0,0,0,19,3,14,1,64,1,2,2
20,81,1,1,0,0,0,28,3,11,0,80,1,1,0
20,81,0,0,1,1,0,19,3,14,1,64,1,2,2
20,81,0,0,1,1,0,28,3,11,0,80,1,1,0
20,81,1,0,0,1,0,19,3,14,1,64,1,2,2
20,81,1,0,0,1,0,28,3,11,0,80,1,1,0
22,89,2,1,1,1,1,20,0,14,0,58,1,1,3
22,89,2,1,1,1,1,27,3,0,0,73,0,2,2
22,89,2,1,1,1,1,18,2,8,0,51,1,0,2
22,89,2,1,1,1,1,23,1,15,1,72,1,2,0
22,89,1,0,1,1,1,20,0,14,0,58,1,1,3
22,89,1,0,1,1,1,27,3,0,0,73,0,2,2
22,89,1,0,1,1,1,18,2,8,0,51,1,0,2
22,89,1,0,1,1,1,23,1,15,1,72,1,2,0
22,89,1,1,1,1,1,20,0,14,0,58,1,1,3
22,89,1,1,1,1,1,27,3,0,0,73,0,2,2
22,89,1,1,1,1,1,18,2,8,0,51,1,0,2
22,89,1,1,1,1,1,23,1,15,1,72,1,2,0
22,89,2,0,2,1,1,20,0,14,0,58,1,1,3
22,89,2,0,2,1,1,27,3,0,0,73,0,2,2
22,89,2,0,2,1,1,18,2,8,0,51,1,0,2
22,89,2,0,2,1,1,23,1,15,1,72,1,2,0
22,89,2,0,1,1,1,20,0,14,0,58,1,1,3
22,89,2,0,1,1,1,27,3,0,0,73,0,2,2
22,89,2,0,1,1,1,18,2,8,0,51,1,0,2
22,89,2,0,1,1,1,23,1,15,1,72,1,2,0
13,77,1,1,1,1,1,26,0,2,1,98,1,2,0
13,77,1,1,1,1,1,26,0,16,0,66,0,2,1
13,77,1,0,1,1,1,26,0,2,1,98,1,2,0
13,77,1,0,1,1,1,26,0,16,0,66,0,2,1
13,77,2,1,0,1,1,26,0,2,1,98,1,2,0
13,77,2,1,0,1,1,26,0,16,0,66,0,2,1
13,77,1,1,0,0,1,26,0,2,1,98,1,2,0
13,77,1,1,0,0,1,26,0,16,0,66,0,2,1
13,77,2,0,1,1,1,26,0,2,1,98,1,2,0
13,77,2,0,1,1,1,26,0,16,0,66,0,2,1
13,77,2,1,1,1,1,26,0,2,1,98,1,2,0
13,77,2,1,1,1,1,26,0,16,0,66,0,2,1
13,77,1,1,0,1,1,26,0,2,1,98,1,2,0
13,77,1,1,0,1,1,26,0,16,0,66,0,2,1
35,85,2,1,2,1,0,18,3,1,0,60,1,2,1
35,85,2,1,2,1,0,20,2,8,0,59,0,0,1
35,85,2,1,2,1,0,28,0,4,0,66,1,2,2
35,85,2,1,2,1,0,18,0,4,1,73,0,2,3
35,85,2,1,2,1,0,21,1,2,1,96,1,2,0
35,85,2,1,2,1,0,26,1,5,1,73,1,1,2
35,85,2,1,2,1,0,18,0,19,1,82,1,1,1
21,74,0,1,0,1,1,23,3,1,1,89,1,2,2
21,74,0,1,0,1,1,20,3,11,1,69,1,1,0
21,74,0,1,0,1,1,19,2,12,1,91,1,2,2
21,74,1,0,1,1,1,23,3,1,1,89,1,2,2
21,74,1,0,1,1,1,20,3,11,1,69,1,1,0
21,74,1,0,1,1,1,19,2,12,1,91,1,2,2
21,74,2,0,0,1,1,23,3,1,1,89,1,2,2
21,74,2,0,0,1,1,20,3,11,1,69,1,1,0
21,74,2,0,0,1,1,19,2,12,1,91,1,2,2
21,74,2,1,0,0,1,23,3,1,1,89,1,2,2
21,74,2,1,0,0,1,20,3,11,1,69,1,1,0
21,74,2,1,0,0,1,19,2,12,1,91,1,2,2
21,74,1,1,1,1,1,23,3,1,1,89,1,2,2
21,74,1,1,1,1,1,20,3,11,1,69,1,1,0
21,74,1,1,1,1,1,19,2,12,1,91,1,2,2
21,74,1,0,2,1,1,23,3,1,1,89,1,2,2
21,74,1,0,2,1,1,20,3,11,1,69,1,1,0
21,74,1,0,2,1,1,19,2,12,1,91,1,2,2
21,74,0,1,1,1,1,23,3,1,1,89,1,2,2
21,74,0,1,1,1,1,20,3,11,1,69,1,1,0
21,74,0,1,1,1,1,19,2,12,1,91,1,2,2
21,74,2,1,1,1,1,23,3,1,1,89,1,2,2
21,74,2,1,1,1,1,20,3,11,1,69,1,1,0
21,74,2,1,1,1,1,19,2,12,1,91,1,2,2
21,74,2,1,2,0,1,23,3,1,1,89,1,2,2
21,74,2,1,2,0,1,20,3,11,1,69,1,1,0
21,74,2,1,2,0,1,19,2,12,1,91,1,2,2
24,83,2,0,0,1,0,26,2,7,0,98,1,0,1
24,83,1,1,2,1,0,26,2,7,0,98,1,0,1
23,80,0,1,1,1,1,27,0,11,1,68,0,2,2
23,80,0,1,1,1,1,28,2,14,1,53,1,0,2
23,80,0,1,1,1,1,29,1,5,1,77,1,1,1
23,80,1,0,0,1,1,27,0,11,1,68,0,2,2
23,80,1,0,0,1,1,28,2,14,1,53,1,0,2
23,80,1,0,0,1,1,29,1,5,1,77,1,1,1
23,80,2,1,1,1,1,27,0,11,1,68,0,2,2
23,80,2,1,1,1,1,28,2,14,1,53,1,0,2
23,80,2,1,1,1,1,29,1,5,1,77,1,1,1
23,80,2,0,0,1,1,27,0,11,1,68,0,2,2
23,80,2,0,0,1,1,28,2,14,1,53,1,0,2
23,80,2,0,0,1,1,29,1,5,1,77,1,1,1
23,80,1,0,1,1,1,27,0,11,1,68,0,2,2
23,80,1,0,1,1,1,28,2,14,1,53,1,0,2
23,80,1,0,1,1,1,29,1,5,1,77,1,1,1
15,71,2,0,0,1,0,19,0,12,1,87,1,1,3
15,71,1,0,2,0,0,19,0,12,1,87,1,1,3
15,71,2,1,0,1,0,19,0,12,1,87,1,1,3
15,71,2,0,1,1,0,19,0,12,1,87,1,1,3
15,71,0,0,0,0,0,19,0,12,1,87,1,1,3
23,75,2,1,0,1,0,21,2,13,1,72,0,0,0
23,75,2,1,0,1,0,25,0,14,1,89,1,2,1
23,75,1,1,0,1,0,21,2,13,1,72,0,0,0
23,75,1,1,0,1,0,25,0,14,1,89,1,2,1
23,75,1,1,2,1,0,21,2,13,1,72,0,0,0
23,75,1,1,2,1,0,25,0,14,1,89,1,2,1
23,75,1,0,0,1,0,21,2,13,1,72,0,0,0
23,75,1,0,0,1,0,25,0,14,1,89,1,2,1
23,75,0,1,2,1,0,21,2,13,1,72,0,0,0
23,75,0,1,2,1,0,25,0,14,1,89,1,2,1
23,75,2,1,1,0,0,21,2,13,1,72,0,0,0
23,75,2,1,1,0,0,25,0,14,1,89,1,2,1
23,75,2,1,1,1,0,21,2,13,1,72,0,0,0
23,75,2,1,1,1,0,25,0,14,1,89,1,2,1
31,63,2,0,0,1,1,27,1,8,1,91,1,2,0
31,63,2,1,0,1,1,27,1,8,1,91,1,2,0
28,62,2,0,1,1,1,24,0,2,0,50,1,2,3
28,62,2,0,1,1,1,25,2,12,0,51,1,2,2
28,62,1,1,1,1,1,24,0,2,0,50,1,2,3
28,62,1,1,1,1,1,25,2,12,0,51,1,2,2
28,62,1,0,2,1,1,24,0,2,0,50,1,2,3
28,62,1,0,2,1,1,25,2,12,0,51,1,2,2
30,70,1,0,1,1,0,18,3,12,1,59,0,0,0
30,70,1,0,1,1,0,26,1,14,1,87,1,2,2
30,70,1,0,1,1,0,18,1,18,0,54,1,2,0
30,70,1,0,1,1,0,27,1,6,1,62,1,1,1
30,70,1,0,1,1,0,21,3,10,1,50,1,1,1
30,70,2,1,1,1,0,18,3,12,1,59,0,0,0
30,70,2,1,1,1,0,26,1,14,1,87,1,2,2
30,70,2,1,1,1,0,18,1,18,0,54,1,2,0
30,70,2,1,1,1,0,27,1,6,1,62,1,1,1
30,70,2,1,1,1,0,21,3,10,1,50,1,1,1
17,63,1,0,1,1,0,28,1,7,1,95,0,0,3
17,63,1,0,1,1,0,23,3,20,1,72,0,2,3
17,63,1,0,1,1,0,18,0,20,0,76,1,1,3
17,63,1,0,1,1,0,23,2,19,0,73,1,0,1
17,63,1,1,1,1,0,28,1,7,1,95,0,0,3
17,63,1,1,1,1,0,23,3,20,1,72,0,2,3
17,63,1,1,1,1,0,18,0,20,0,76,1,1,3
17,63,1,1,1,1,0,23,2,19,0,73,1,0,1
14,64,2,1,0,1,0,20,0,13,1,93,1,2,2
14,64,2,1,0,1,0,23,0,18,1,51,1,2,0
19,93,2,0,1,1,1,27,0,10,1,52,0,2,0
19,93,1,0,2,0,1,27,0,10,1,52,0,2,0
19,93,2,1,1,1,1,27,0,10,1,52,0,2,0
20,62,1,1,2,1,1,24,1,6,0,56,1,0,1
20,62,1,1,2,1,1,20,1,17,0,81,1,1,2
20,62,1,1,2,1,1,27,2,19,1,61,1,0,1
20,62,0,0,2,1,1,24,1,6,0,56,1,0,1
20,62,0,0,2,1,1,20,1,17,0,81,1,1,2
20,62,0,0,2,1,1,27,2,19,1,61,1,0,1
20,62,1,1,0,1,1,24,1,6,0,56,1,0,1
20,62,1,1,0,1,1,20,1,17,0,81,1,1,2
20,62,1,1,0,1,1,27,2,19,1,61,1,0,1
20,62,1,0,2,1,1,24,1,6,0,56,1,0,1
20,62,1,0,2,1,1,20,1,17,0,81,1,1,2
20,62,1,0,2,1,1,27,2,19,1,61,1,0,1
27,86,1,1,0,1,0,23,1,4,0,93,1,2,3
27,86,1,1,0,1,0,26,2,20,0,87,1,1,2
27,86,1,1,2,1,0,23,1,4,0,93,1,2,3
27,86,1,1,2,1,0,26,2,20,0,87,1,1,2
10,71,1,1,2,1,0,23,2,1,0,99,1,2,2
10,71,1,1,2,1,0,27,1,7,1,76,1,2,0
10,71,0,0,0,1,0,23,2,1,0,99,1,2,2
10,71,0,0,0,1,0,27,1,7,1,76,1,2,0
19,79,1,1,0,1,1,27,2,14,0,70,1,1,3
19,79,2,1,1,1,1,27,2,14,0,70,1,1,3
19,79,1,0,2,1,1,27,2,14,0,70,1,1,3
19,79,1,0,1,1,1,27,2,14,0,70,1,1,3
19,79,2,1,0,1,1,27,2,14,0,70,1,1,3
17,72,2,1,0,1,1,27,3,8,0,94,1,2,1
17,72,1,1,2,1,1,27,3,8,0,94,1,2,1
17,72,1,1,1,1,1,27,3,8,0,94,1,2,1
17,72,1,0,1,1,1,27,3,8,0,94,1,2,1
17,72,1,0,2,1,1,27,3,8,0,94,1,2,1
14,81,1,1,0,0,1,19,1,8,1,68,1,2,3
14,81,1,1,0,0,1,22,0,13,0,54,1,1,3
14,81,1,1,0,0,1,21,0,9,1,64,1,2,1
14,81,1,0,0,1,1,19,1,8,1,68,1,2,3
14,81,1,0,0,1,1,22,0,13,0,54,1,1,3
14,81,1,0,0,1,1,21,0,9,1,64,1,2,1
14,81,1,1,2,1,1,19,1,8,1,68,1,2,3
14,81,1,1,2,1,1,22,0,13,0,54,1,1,3
14,81,1,1,2,1,1,21,0,9,1,64,1,2,1
14,81,1,1,1,1,1,19,1,8,1,68,1,2,3
14,81,1,1,1,1,1,22,0,13,0,54,1,1,3
14,81,1,1,1,1,1,21,0,9,1,64,1,2,1
14,81,1,1,0,1,1,19,1,8,1,68,1,2,3
14,81,1,1,0,1,1,22,0,13,0,54,1,1,3
14,81,1,1,0,1,1,21,0,9,1,64,1,2,1
14,81,2,0,1,1,1,19,1,8,1,68,1,2,3
14,81,2,0,1,1,1,22,0,13,0,54,1,1,3
14,81,2,0,1,1,1,21,0,9,1,64,1,2,1
10,75,1,0,1,1,0,24,3,2,0,61,0,1,3
10,75,1,0,1,1,0,23,1,17,1,56,1,2,3
10,75,1,0,1,1,0,26,2,19,1,80,0,2,0
10,75,1,0,0,1,0,24,3,2,0,61,0,1,3
10,75,1,0,0,1,0,23,1,17,1,56,1,2,3
10,75,1,0,0,1,0,26,2,19,1,80,0,2,0
25,83,1,1,1,1,0,19,2,11,1,90,1,1,3
12,77,1,1,1,1,1,29,3,3,1,77,0,0,1
12,77,1,1,1,1,1,21,0,1,1,65,0,1,2
12,77,0,1,1,1,1,29,3,3,1,77,0,0,1
12,77,0,1,1,1,1,21,0,1,1,65,0,1,2
18,74,1,0,1,1,1,25,3,15,1,89,1,2,1
18,74,0,1,2,1,1,25,3,15,1,89,1,2,1
18,74,1,1,0,1,1,25,3,15,1,89,1,2,1
18,74,1,0,2,1,1,25,3,15,1,89,1,2,1
18,74,1,1,1,1,1,25,3,15,1,89,1,2,1
18,74,2,0,2,1,1,25,3,15,1,89,1,2,1
30,88,1,0,1,1,0,22,1,20,1,84,1,2,2
30,88,1,0,1,1,0,24,1,16,0,62,1,2,3
30,88,1,0,1,1,0,25,3,15,0,60,1,2,0
30,88,1,0,1,1,0,24,3,15,1,94,1,2,1
30,88,1,0,1,1,0,26,1,6,0,73,1,0,2
30,88,1,1,2,1,0,22,1,20,1,84,1,2,2
30,88,1,1,2,1,0,24,1,16,0,62,1,2,3
30,88,1,1,2,1,0,25,3,15,0,60,1,2,0
30,88,1,1,2,1,0,24,3,15,1,94,1,2,1
30,88,1,1,2,1,0,26,1,6,0,73,1,0,2
30,88,1,1,1,1,0,22,1,20,1,84,1,2,2
30,88,1,1,1,1,0,24,1,16,0,62,1,2,3
30,88,1,1,1,1,0,25,3,15,0,60,1,2,0
30,88,1,1,1,1,0,24,3,15,1,94,1,2,1
30,88,1,1,1,1,0,26,1,6,0,73,1,0,2
30,88,1,1,0,1,0,22,1,20,1,84,1,2,2
30,88,1,1,0,1,0,24,1,16,0,62,1,2,3
30,88,1,1,0,1,0,25,3,15,0,60,1,2,0
30,88,1,1,0,1,0,24,3,15,1,94,1,2,1
30,88,1,1,0,1,0,26,1,6,0,73,1,0,2
11,93,1,1,0,1,1,19,3,20,1,81,0,2,0
11,93,1,1,0,1,1,19,1,12,1,51,1,1,0
11,93,1,0,1,1,1,19,3,20,1,81,0,2,0
11,93,1,0,1,1,1,19,1,12,1,51,1,1,0
19,78,2,0,1,1,1,19,1,8,1,87,1,0,2
19,78,1,0,0,1,1,19,1,8,1,87,1,0,2
19,78,2,1,1,1,1,19,1,8,1,87,1,0,2
19,78,1,1,1,1,1,19,1,8,1,87,1,0,2
20,94,1,0,1,1,1,28,0,0,0,84,1,2,3
20,94,2,1,1,1,1,28,0,0,0,84,1,2,3
20,94,1,1,1,1,1,28,0,0,0,84,1,2,3
20,94,0,1,0,1,1,28,0,0,0,84,1,2,3
19,89,1,0,1,1,0,21,0,10,1,78,0,2,3
19,89,1,0,1,1,0,24,3,7,1,95,0,0,1
19,89,1,0,1,1,0,27,2,6,0,95,1,2,3
19,89,1,0,1,1,0,23,0,2,1,54,1,0,0
19,89,1,1,0,1,0,21,0,10,1,78,0,2,3
19,89,1,1,0,1,0,24,3,7,1,95,0,0,1
19,89,1,1,0,1,0,27,2,6,0,95,1,2,3
19,89,1,1,0,1,0,23,0,2,1,54,1,0,0
19,89,2,1,0,1,0,21,0,10,1,78,0,2,3
19,89,2,1,0,1,0,24,3,7,1,95,0,0,1
19,89,2,1,0,1,0,27,2,6,0,95,1,2,3
19,89,2,1,0,1,0,23,0,2,1,54,1,0,0
19,89,0,1,1,1,0,21,0,10,1,78,0,2,3
19,89,0,1,1,1,0,24,3,7,1,95,0,0,1
19,89,0,1,1,1,0,27,2,6,0,95,1,2,3
19,89,0,1,1,1,0,23,0,2,1,54,1,0,0
19,89,0,0,1,1,0,21,0,10,1,78,0,2,3
19,89,0,0,1,1,0,24,3,7,1,95,0,0,1
19,89,0,0,1,1,0,27,2,6,0,95,1,2,3
19,89,0,0,1,1,0,23,0,2,1,54,1,0,0
19,89,1,1,2,1,0,21,0,10,1,78,0,2,3
19,89,1,1,2,1,0,24,3,7,1,95,0,0,1
19,89,1,1,2,1,0,27,2,6,0,95,1,2,3
19,89,1,1,2,1,0,23,0,2,1,54,1,0,0
19,89,2,1,1,1,0,21,0,10,1,78,0,2,3
19,89,2,1,1,1,0,24,3,7,1,95,0,0,1
19,89,2,1,1,1,0,27,2,6,0,95,1,2,3
19,89,2,1,1,1,0,23,0,2,1,54,1,0,0
27,73,1,0,0,1,1,20,2,14,1,63,1,2,3
27,73,1,0,0,1,1,22,3,20,1,66,1,1,1
18,99,2,1,0,1,1,18,1,8,1,90,1,0,2
18,99,2,1,0,1,1,20,3,7,1,68,1,2,1
18,99,1,0,1,1,1,18,1,8,1,90,1,0,2
18,99,1,0,1,1,1,20,3,7,1,68,1,2,1
18,99,2,1,1,1,1,18,1,8,1,90,1,0,2
18,99,2,1,1,1,1,20,3,7,1,68,1,2,1
18,99,1,0,1,0,1,18,1,8,1,90,1,0,2
18,99,1,0,1,0,1,20,3,7,1,68,1,2,1
35,78,0,1,1,1,1,23,0,12,0,85,0,0,3
35,78,0,1,1,1,1,22,1,10,0,89,1,1,3
20,76,2,1,0,1,1,29,0,5,0,79,1,2,0
20,76,2,1,0,1,1,22,3,9,0,59,1,1,2
20,76,2,1,0,1,1,26,2,10,0,58,1,2,2
20,76,1,1,1,1,1,29,0,5,0,79,1,2,0
20,76,1,1,1,1,1,22,3,9,0,59,1,1,2
20,76,1,1,1,1,1,26,2,10,0,58,1,2,2
20,76,1,0,0,1,1,29,0,5,0,79,1,2,0
20,76,1,0,0,1,1,22,3,9,0,59,1,1,2
20,76,1,0,0,1,1,26,2,10,0,58,1,2,2
20,83,1,0,1,1,0,21,2,17,0,56,1,2,2
20,83,1,0,1,1,0,22,1,8,1,89,1,2,1
20,83,1,0,1,1,0,21,1,2,1,57,1,1,1
20,83,1,1,2,1,0,21,2,17,0,56,1,2,2
20,83,1,1,2,1,0,22,1,8,1,89,1,2,1
20,83,1,1,2,1,0,21,1,2,1,57,1,1,1
20,83,2,1,2,1,0,21,2,17,0,56,1,2,2
20,83,2,1,2,1,0,22,1,8,1,89,1,2,1
20,83,2,1,2,1,0,21,1,2,1,57,1,1,1
20,83,1,1,1,1,0,21,2,17,0,56,1,2,2
20,83,1,1,1,1,0,22,1,8,1,89,1,2,1
20,83,1,1,1,1,0,21,1,2,1,57,1,1,1
20,83,0,1,1,1,0,21,2,17,0,56,1,2,2
20,83,0,1,1,1,0,22,1,8,1,89,1,2,1
20,83,0,1,1,1,0,21,1,2,1,57,1,1,1
20,83,2,1,1,1,0,21,2,17,0,56,1,2,2
20,83,2,1,1,1,0,22,1,8,1,89,1,2,1
20,83,2,1,1,1,0,21,1,2,1,57,1,1,1
20,83,0,1,2,1,0,21,2,17,0,56,1,2,2
20,83,0,1,2,1,0,22,1,8,1,89,1,2,1
20,83,0,1,2,1,0,21,1,2,1,57,1,1,1
20,83,0,0,0,1,0,21,2,17,0,56,1,2,2
20,83,0,0,0,1,0,22,1,8,1,89,1,2,1
20,83,0,0,0,1,0,21,1,2,1,57,1,1,1
21,98,1,0,0,1,1,18,0,10,1,83,0,0,1
21,98,1,0,0,1,1,29,2,3,0,78,1,2,1
21,98,2,0,0,1,1,18,0,10,1,83,0,0,1
21,98,2,0,0,1,1,29,2,3,0,78,1,2,1
21,98,1,0,1,1,1,18,0,10,1,83,0,0,1
21,98,1,0,1,1,1,29,2,3,0,78,1,2,1
21,98,1,1,1,1,1,18,0,10,1,83,0,0,1
21,98,1,1,1,1,1,29,2,3,0,78,1,2,1
21,98,2,1,1,1,1,18,0,10,1,83,0,0,1
21,98,2,1,1,1,1,29,2,3,0,78,1,2,1
21,98,0,1,1,1,1,18,0,10,1,83,0,0,1
21,98,0,1,1,1,1,29,2,3,0,78,1,2,1
21,98,1,1,0,1,1,18,0,10,1,83,0,0,1
21,98,1,1,0,1,1,29,2,3,0,78,1,2,1
21,98,0,1,0,1,1,18,0,10,1,83,0,0,1
21,98,0,1,0,1,1,29,2,3,0,78,1,2,1
19,81,2,0,0,1,1,26,0,16,1,67,1,2,0
19,81,2,0,0,1,1,24,2,4,1,99,1,1,1
19,81,2,1,1,1,1,26,0,16,1,67,1,2,0
19,81,2,1,1,1,1,24,2,4,1,99,1,1,1
19,81,0,1,2,1,1,26,0,16,1,67,1,2,0
19,81,0,1,2,1,1,24,2,4,1,99,1,1,1
19,81,0,1,0,1,1,26,0,16,1,67,1,2,0
19,81,0,1,0,1,1,24,2,4,1,99,1,1,1
19,81,1,1,1,1,1,26,0,16,1,67,1,2,0
19,81,1,1,1,1,1,24,2,4,1,99,1,1,1
19,81,1,1,2,1,1,26,0,16,1,67,1,2,0
19,81,1,1,2,1,1,24,2,4,1,99,1,1,1
17,93,1,1,1,1,0,24,1,17,1,52,1,2,1
17,93,1,1,1,1,0,25,1,1,1,53,1,1,1
17,93,1,1,1,1,0,18,0,15,1,58,0,1,1
17,93,1,1,1,1,0,18,2,18,1,61,0,2,0
17,93,1,0,0,1,0,24,1,17,1,52,1,2,1
17,93,1,0,0,1,0,25,1,1,1,53,1,1,1
17,93,1,0,0,1,0,18,0,15,1,58,0,1,1
17,93,1,0,0,1,0,18,2,18,1,61,0,2,0
17,93,1,0,1,1,0,24,1,17,1,52,1,2,1
17,93,1,0,1,1,0,25,1,1,1,53,1,1,1
17,93,1,0,1,1,0,18,0,15,1,58,0,1,1
17,93,1,0,1,1,0,18,2,18,1,61,0,2,0
17,82,0,0,0,1,1,29,3,6,1,71,1,0,2
17,82,0,0,0,1,1,21,1,16,1,56,0,2,2
17,82,0,0,0,1,1,24,2,2,0,65,1,2,3
17,82,1,0,1,1,1,29,3,6,1,71,1,0,2
17,82,1,0,1,1,1,21,1,16,1,56,0,2,2
17,82,1,0,1,1,1,24,2,2,0,65,1,2,3
17,82,2,0,1,1,1,29,3,6,1,71,1,0,2
17,82,2,0,1,1,1,21,1,16,1,56,0,2,2
17,82,2,0,1,1,1,24,2,2,0,65,1,2,3
17,82,1,1,1,1,1,29,3,6,1,71,1,0,2
17,82,1,1,1,1,1,21,1,16,1,56,0,2,2
17,82,1,1,1,1,1,24,2,2,0,65,1,2,3
17,82,2,1,2,1,1,29,3,6,1,71,1,0,2
17,82,2,1,2,1,1,21,1,16,1,56,0,2,2
17,82,2,1,2,1,1,24,2,2,0,65,1,2,3
16,83,1,0,1,1,1,29,0,5,1,75,1,2,3
16,83,1,0,1,1,1,21,3,13,1,61,0,1,0
16,83,2,1,1,1,1,29,0,5,1,75,1,2,3
16,83,2,1,1,1,1,21,3,13,1,61,0,1,0
16,83,0,1,1,1,1,29,0,5,1,75,1,2,3
16,83,0,1,1,1,1,21,3,13,1,61,0,1,0
16,83,1,1,1,1,1,29,0,5,1,75,1,2,3
16,83,1,1,1,1,1,21,3,13,1,61,0,1,0
27,68,1,0,1,1,1,25,0,11,1,87,1,1,2
27,68,1,0,1,1,1,22,2,3,0,90,1,2,1
27,68,1,0,1,1,1,28,2,8,1,51,0,1,3
27,68,1,1,0,1,1,25,0,11,1,87,1,1,2
27,68,1,1,0,1,1,22,2,3,0,90,1,2,1
27,68,1,1,0,1,1,28,2,8,1,51,0,1,3
27,68,0,1,1,1,1,25,0,11,1,87,1,1,2
27,68,0,1,1,1,1,22,2,3,0,90,1,2,1
27,68,0,1,1,1,1,28,2,8,1,51,0,1,3
27,68,1,0,2,1,1,25,0,11,1,87,1,1,2
27,68,1,0,2,1,1,22,2,3,0,90,1,2,1
27,68,1,0,2,1,1,28,2,8,1,51,0,1,3
27,68,0,1,2,1,1,25,0,11,1,87,1,1,2
27,68,0,1,2,1,1,22,2,3,0,90,1,2,1
27,68,0,1,2,1,1,28,2,8,1,51,0,1,3
27,97,2,1,0,1,1,20,0,3,1,69,1,2,0
27,97,2,1,0,1,1,22,2,1,1,61,1,2,3
27,97,2,1,0,1,1,24,3,11,0,79,1,2,0
8,94,0,0,2,1,0,23,2,3,0,81,1,1,0
8,94,0,0,2,1,0,25,3,3,0,73,1,2,3
18,91,2,1,2,1,1,24,2,4,0,65,1,2,2
18,91,2,1,2,1,1,28,2,6,0,87,1,1,1
18,91,2,1,2,1,1,22,3,7,1,85,1,1,0
18,91,2,1,2,1,1,20,0,11,0,63,0,0,1
18,91,1,0,2,1,1,24,2,4,0,65,1,2,2
18,91,1,0,2,1,1,28,2,6,0,87,1,1,1
18,91,1,0,2,1,1,22,3,7,1,85,1,1,0
18,91,1,0,2,1,1,20,0,11,0,63,0,0,1
18,91,0,0,1,1,1,24,2,4,0,65,1,2,2
18,91,0,0,1,1,1,28,2,6,0,87,1,1,1
18,91,0,0,1,1,1,22,3,7,1,85,1,1,0
18,91,0,0,1,1,1,20,0,11,0,63,0,0,1
18,91,1,0,1,1,1,24,2,4,0,65,1,2,2
18,91,1,0,1,1,1,28,2,6,0,87,1,1,1
18,91,1,0,1,1,1,22,3,7,1,85,1,1,0
18,91,1,0,1,1,1,20,0,11,0,63,0,0,1
18,91,1,1,0,1,1,24,2,4,0,65,1,2,2
18,91,1,1,0,1,1,28,2,6,0,87,1,1,1
18,91,1,1,0,1,1,22,3,7,1,85,1,1,0
18,91,1,1,0,1,1,20,0,11,0,63,0,0,1
18,91,1,1,1,1,1,24,2,4,0,65,1,2,2
18,91,1,1,1,1,1,28,2,6,0,87,1,1,1
18,91,1,1,1,1,1,22,3,7,1,85,1,1,0
18,91,1,1,1,1,1,20,0,11,0,63,0,0,1
18,91,2,0,1,1,1,24,2,4,0,65,1,2,2
18,91,2,0,1,1,1,28,2,6,0,87,1,1,1
18,91,2,0,1,1,1,22,3,7,1,85,1,1,0
18,91,2,0,1,1,1,20,0,11,0,63,0,0,1
18,91,2,1,1,1,1,24,2,4,0,65,1,2,2
18,91,2,1,1,1,1,28,2,6,0,87,1,1,1
18,91,2,1,1,1,1,22,3,7,1,85,1,1,0
18,91,2,1,1,1,1,20,0,11,0,63,0,0,1
18,91,1,0,0,1,1,24,2,4,0,65,1,2,2
18,91,1,0,0,1,1,28,2,6,0,87,1,1,1
18,91,1,0,0,1,1,22,3,7,1,85,1,1,0
18,91,1,0,0,1,1,20,0,11,0,63,0,0,1
18,76,2,0,1,1,0,20,2,13,1,83,0,0,0
18,76,2,0,1,1,0,28,3,18,1,62,0,1,3
18,76,2,0,1,1,0,20,3,2,1,87,1,2,0
18,76,2,0,1,1,0,29,2,16,1,55,1,0,0
18,76,1,0,2,1,0,20,2,13,1,83,0,0,0
18,76,1,0,2,1,0,28,3,18,1,62,0,1,3
18,76,1,0,2,1,0,20,3,2,1,87,1,2,0
18,76,1,0,2,1,0,29,2,16,1,55,1,0,0
18,76,0,0,2,1,0,20,2,13,1,83,0,0,0
18,76,0,0,2,1,0,28,3,18,1,62,0,1,3
18,76,0,0,2,1,0,20,3,2,1,87,1,2,0
18,76,0,0,2,1,0,29,2,16,1,55,1,0,0
18,76,2,1,2,1,0,20,2,13,1,83,0,0,0
18,76,2,1,2,1,0,28,3,18,1,62,0,1,3
18,76,2,1,2,1,0,20,3,2,1,87,1,2,0
18,76,2,1,2,1,0,29,2,16,1,55,1,0,0
18,76,1,0,0,1,0,20,2,13,1,83,0,0,0
18,76,1,0,0,1,0,28,3,18,1,62,0,1,3
18,76,1,0,0,1,0,20,3,2,1,87,1,2,0
18,76,1,0,0,1,0,29,2,16,1,55,1,0,0
12,80,0,0,2,1,0,25,1,20,1,97,1,1,0
12,80,0,0,2,1,0,20,1,3,0,90,1,2,2
12,80,1,0,1,1,0,25,1,20,1,97,1,1,0
12,80,1,0,1,1,0,20,1,3,0,90,1,2,2
12,80,0,0,1,1,0,25,1,20,1,97,1,1,0
12,80,0,0,1,1,0,20,1,3,0,90,1,2,2
12,80,1,1,2,1,0,25,1,20,1,97,1,1,0
12,80,1,1,2,1,0,20,1,3,0,90,1,2,2
15,79,1,0,0,1,1,20,0,13,0,92,1,0,3
15,79,1,0,0,1,1,19,1,0,1,93,1,2,1
15,79,1,0,0,1,1,27,2,7,1,76,1,2,1
15,79,1,1,1,1,1,20,0,13,0,92,1,0,3
15,79,1,1,1,1,1,19,1,0,1,93,1,2,1
15,79,1,1,1,1,1,27,2,7,1,76,1,2,1
13,70,1,0,1,1,0,19,0,8,1,65,1,1,3
13,70,1,0,1,1,0,20,0,13,1,87,1,2,1
13,70,1,0,1,1,0,28,0,0,1,55,1,0,0
13,70,1,1,1,1,0,19,0,8,1,65,1,1,3
13,70,1,1,1,1,0,20,0,13,1,87,1,2,1
13,70,1,1,1,1,0,28,0,0,1,55,1,0,0
13,70,0,1,2,1,0,19,0,8,1,65,1,1,3
13,70,0,1,2,1,0,20,0,13,1,87,1,2,1
13,70,0,1,2,1,0,28,0,0,1,55,1,0,0
31,80,2,1,0,1,0,19,0,14,1,91,1,2,1
31,80,1,1,2,1,0,19,0,14,1,91,1,2,1
28,65,1,1,1,1,1,25,0,10,1,70,1,0,2
28,65,1,1,2,1,1,25,0,10,1,70,1,0,2
13,90,1,0,1,1,0,26,1,1,1,94,1,2,1
23,81,0,1,1,1,0,19,3,6,0,56,1,2,2
23,81,0,1,1,1,0,26,0,5,1,89,1,1,1
23,81,0,1,2,1,0,19,3,6,0,56,1,2,2
23,81,0,1,2,1,0,26,0,5,1,89,1,1,1
23,81,0,0,1,1,0,19,3,6,0,56,1,2,2
23,81,0,0,1,1,0,26,0,5,1,89,1,1,1
23,81,2,0,0,1,0,19,3,6,0,56,1,2,2
23,81,2,0,0,1,0,26,0,5,1,89,1,1,1
24,89,2,1,1,1,0,29,3,7,1,66,1,1,0
24,89,2,1,1,1,0,26,0,7,0,98,1,1,2
24,89,1,1,1,1,0,29,3,7,1,66,1,1,0
24,89,1,1,1,1,0,26,0,7,0,98,1,1,2
24,89,1,0,1,1,0,29,3,7,1,66,1,1,0
24,89,1,0,1,1,0,26,0,7,0,98,1,1,2
24,89,1,1,1,0,0,29,3,7,1,66,1,1,0
24,89,1,1,1,0,0,26,0,7,0,98,1,1,2
23,68,0,0,1,1,0,28,2,9,0,61,0,2,0
23,68,0,0,1,1,0,26,2,3,1,88,1,0,1
23,68,0,0,1,1,0,28,1,1,0,82,1,2,0
23,68,0,0,1,1,0,20,1,3,0,77,0,1,2
23,68,2,1,2,1,0,28,2,9,0,61,0,2,0
23,68,2,1,2,1,0,26,2,3,1,88,1,0,1
23,68,2,1,2,1,0,28,1,1,0,82,1,2,0
23,68,2,1,2,1,0,20,1,3,0,77,0,1,2
23,68,1,0,1,1,0,28,2,9,0,61,0,2,0
23,68,1,0,1,1,0,26,2,3,1,88,1,0,1
23,68,1,0,1,1,0,28,1,1,0,82,1,2,0
23,68,1,0,1,1,0,20,1,3,0,77,0,1,2
23,68,2,0,0,1,0,28,2,9,0,61,0,2,0
23,68,2,0,0,1,0,26,2,3,1,88,1,0,1
23,68,2,0,0,1,0,28,1,1,0,82,1,2,0
23,68,2,0,0,1,0,20,1,3,0,77,0,1,2
23,68,2,0,2,1,0,28,2,9,0,61,0,2,0
23,68,2,0,2,1,0,26,2,3,1,88,1,0,1
23,68,2,0,2,1,0,28,1,1,0,82,1,2,0
23,68,2,0,2,1,0,20,1,3,0,77,0,1,2
23,68,1,1,1,1,0,28,2,9,0,61,0,2,0
23,68,1,1,1,1,0,26,2,3,1,88,1,0,1
23,68,1,1,1,1,0,28,1,1,0,82,1,2,0
23,68,1,1,1,1,0,20,1,3,0,77,0,1,2
27,79,0,0,0,1,1,28,0,2,1,85,1,1,2
27,79,2,1,0,1,1,28,0,2,1,85,1,1,2
24,73,1,1,1,1,0,19,0,8,0,54,1,2,3
24,73,1,1,1,1,0,27,0,1,1,67,1,2,2
22,76,1,1,2,1,1,19,3,18,0,91,0,2,0
22,76,1,1,2,1,1,23,2,12,1,88,0,2,3
22,76,1,0,2,1,1,19,3,18,0,91,0,2,0
22,76,1,0,2,1,1,23,2,12,1,88,0,2,3
22,76,1,1,1,1,1,19,3,18,0,91,0,2,0
22,76,1,1,1,1,1,23,2,12,1,88,0,2,3
22,76,0,1,0,1,1,19,3,18,0,91,0,2,0
22,76,0,1,0,1,1,23,2,12,1,88,0,2,3
12,99,2,1,1,0,1,25,2,5,0,55,1,2,1
12,99,2,1,1,0,1,29,3,17,1,56,1,2,3
12,99,2,1,1,0,1,21,3,20,1,83,1,2,0
12,99,1,0,1,1,1,25,2,5,0,55,1,2,1
12,99,1,0,1,1,1,29,3,17,1,56,1,2,3
12,99,1,0,1,1,1,21,3,20,1,83,1,2,0
12,99,2,1,1,1,1,25,2,5,0,55,1,2,1
12,99,2,1,1,1,1,29,3,17,1,56,1,2,3
12,99,2,1,1,1,1,21,3,20,1,83,1,2,0
26,69,1,1,1,1,1,25,0,8,1,84,0,0,0
26,69,1,1,1,1,1,18,3,5,0,82,0,1,1
26,69,1,1,1,1,1,20,1,2,0,90,1,1,0
26,69,0,0,0,1,1,25,0,8,1,84,0,0,0
26,69,0,0,0,1,1,18,3,5,0,82,0,1,1
26,69,0,0,0,1,1,20,1,2,0,90,1,1,0
26,69,0,1,1,1,1,25,0,8,1,84,0,0,0
26,69,0,1,1,1,1,18,3,5,0,82,0,1,1
26,69,0,1,1,1,1,20,1,2,0,90,1,1,0
26,69,1,0,0,1,1,25,0,8,1,84,0,0,0
26,69,1,0,0,1,1,18,3,5,0,82,0,1,1
26,69,1,0,0,1,1,20,1,2,0,90,1,1,0
19,84,2,1,0,1,0,21,3,13,0,91,0,1,3
19,84,2,1,0,1,0,27,2,8,0,98,1,0,2
19,84,1,0,1,1,0,21,3,13,0,91,0,1,3
19,84,1,0,1,1,0,27,2,8,0,98,1,0,2
19,84,1,1,0,1,0,21,3,13,0,91,0,1,3
19,84,1,1,0,1,0,27,2,8,0,98,1,0,2
19,84,1,1,1,1,0,21,3,13,0,91,0,1,3
19,84,1,1,1,1,0,27,2,8,0,98,1,0,2
19,84,0,0,2,1,0,21,3,13,0,91,0,1,3
19,84,0,0,2,1,0,27,2,8,0,98,1,0,2
17,77,1,0,0,1,0,20,1,8,0,58,1,1,3
17,77,1,0,0,1,0,21,3,5,1,77,1,2,0
17,77,1,0,0,1,0,18,1,16,1,88,1,2,2
17,77,1,0,0,1,0,29,0,20,1,77,0,2,3
17,77,2,1,0,1,0,20,1,8,0,58,1,1,3
17,77,2,1,0,1,0,21,3,5,1,77,1,2,0
17,77,2,1,0,1,0,18,1,16,1,88,1,2,2
17,77,2,1,0,1,0,29,0,20,1,77,0,2,3
17,77,1,1,0,1,0,20,1,8,0,58,1,1,3
17,77,1,1,0,1,0,21,3,5,1,77,1,2,0
17,77,1,1,0,1,0,18,1,16,1,88,1,2,2
17,77,1,1,0,1,0,29,0,20,1,77,0,2,3
26,63,2,1,1,1,0,28,1,8,1,55,0,1,3
26,63,2,0,1,1,0,28,1,8,1,55,0,1,3
26,63,1,1,1,1,0,28,1,8,1,55,0,1,3
16,80,1,0,2,0,1,29,2,15,0,86,1,2,1
16,80,1,0,1,1,1,29,2,15,0,86,1,2,1
16,80,1,1,2,1,1,29,2,15,0,86,1,2,1
12,72,1,0,0,1,1,26,0,9,0,54,1,2,2
12,72,1,0,0,1,1,21,3,18,0,80,1,0,0
12,72,1,0,0,1,1,23,3,3,1,93,1,1,2
12,72,1,0,0,1,1,25,0,3,1,56,0,2,3
12,72,1,0,0,1,1,27,3,18,1,90,1,0,2
12,72,2,1,2,1,1,26,0,9,0,54,1,2,2
12,72,2,1,2,1,1,21,3,18,0,80,1,0,0
12,72,2,1,2,1,1,23,3,3,1,93,1,1,2
12,72,2,1,2,1,1,25,0,3,1,56,0,2,3
12,72,2,1,2,1,1,27,3,18,1,90,1,0,2
12,72,0,1,1,1,1,26,0,9,0,54,1,2,2
12,72,0,1,1,1,1,21,3,18,0,80,1,0,0
12,72,0,1,1,1,1,23,3,3,1,93,1,1,2
12,72,0,1,1,1,1,25,0,3,1,56,0,2,3
12,72,0,1,1,1,1,27,3,18,1,90,1,0,2
12,72,1,1,2,1,1,26,0,9,0,54,1,2,2
12,72,1,1,2,1,1,21,3,18,0,80,1,0,0
12,72,1,1,2,1,1,23,3,3,1,93,1,1,2
12,72,1,1,2,1,1,25,0,3,1,56,0,2,3
12,72,1,1,2,1,1,27,3,18,1,90,1,0,2
12,72,1,0,2,1,1,26,0,9,0,54,1,2,2
12,72,1,0,2,1,1,21,3,18,0,80,1,0,0
12,72,1,0,2,1,1,23,3,3,1,93,1,1,2
12,72,1,0,2,1,1,25,0,3,1,56,0,2,3
12,72,1,0,2,1,1,27,3,18,1,90,1,0,2
12,72,1,1,0,1,1,26,0,9,0,54,1,2,2
12,72,1,1,0,1,1,21,3,18,0,80,1,0,0
12,72,1,1,0,1,1,23,3,3,1,93,1,1,2
12,72,1,1,0,1,1,25,0,3,1,56,0,2,3
12,72,1,1,0,1,1,27,3,18,1,90,1,0,2
30,75,1,0,2,1,1,22,2,13,0,98,1,2,2
30,75,1,1,0,1,1,22,2,13,0,98,1,2,2
30,75,1,0,1,1,1,22,2,13,0,98,1,2,2
30,75,0,1,0,1,1,22,2,13,0,98,1,2,2
19,92,1,1,1,1,1,18,1,10,0,92,0,2,0
19,92,1,1,1,1,1,22,0,10,0,62,1,1,0
19,92,1,1,1,1,1,18,1,10,1,81,0,0,3
19,92,1,1,1,1,1,27,0,10,0,89,1,0,0
19,92,1,1,0,1,1,18,1,10,0,92,0,2,0
19,92,1,1,0,1,1,22,0,10,0,62,1,1,0
19,92,1,1,0,1,1,18,1,10,1,81,0,0,3
19,92,1,1,0,1,1,27,0,10,0,89,1,0,0
19,92,1,1,1,0,1,18,1,10,0,92,0,2,0
19,92,1,1,1,0,1,22,0,10,0,62,1,1,0
19,92,1,1,1,0,1,18,1,10,1,81,0,0,3
19,92,1,1,1,0,1,27,0,10,0,89,1,0,0
19,92,1,0,1,1,1,18,1,10,0,92,0,2,0
19,92,1,0,1,1,1,22,0,10,0,62,1,1,0
19,92,1,0,1,1,1,18,1,10,1,81,0,0,3
19,92,1,0,1,1,1,27,0,10,0,89,1,0,0
20,65,2,1,1,1,0,19,1,17,1,51,1,2,1
20,65,2,1,1,1,0,22,0,5,0,87,1,2,0
20,65,1,1,0,1,0,19,1,17,1,51,1,2,1
20,65,1,1,0,1,0,22,0,5,0,87,1,2,0
20,65,1,1,2,1,0,19,1,17,1,51,1,2,1
20,65,1,1,2,1,0,22,0,5,0,87,1,2,0
20,65,1,0,1,1,0,19,1,17,1,51,1,2,1
20,65,1,0,1,1,0,22,0,5,0,87,1,2,0
21,66,1,1,1,1,0,21,3,18,1,61,1,1,0
21,66,1,1,1,1,0,27,2,15,1,78,1,2,1
21,66,2,1,2,1,0,21,3,18,1,61,1,1,0
21,66,2,1,2,1,0,27,2,15,1,78,1,2,1
21,66,1,1,0,1,0,21,3,18,1,61,1,1,0
21,66,1,1,0,1,0,27,2,15,1,78,1,2,1
21,66,1,1,2,1,0,21,3,18,1,61,1,1,0
21,66,1,1,2,1,0,27,2,15,1,78,1,2,1
18,69,1,0,0,0,0,27,2,8,0,89,1,2,1
18,69,1,0,0,0,0,28,2,15,0,81,0,2,1
18,69,1,0,0,0,0,26,2,9,0,65,1,1,2
18,69,2,1,1,1,0,27,2,8,0,89,1,2,1
18,69,2,1,1,1,0,28,2,15,0,81,0,2,1
18,69,2,1,1,1,0,26,2,9,0,65,1,1,2
20,89,1,1,1,1,1,22,1,19,1,92,1,2,2
20,89,1,1,1,1,1,19,1,3,1,79,0,0,2
20,89,1,1,1,1,1,21,0,20,1,81,1,2,0
20,89,1,1,1,1,1,29,2,4,1,55,0,2,3
20,89,1,1,0,1,1,22,1,19,1,92,1,2,2
20,89,1,1,0,1,1,19,1,3,1,79,0,0,2
20,89,1,1,0,1,1,21,0,20,1,81,1,2,0
20,89,1,1,0,1,1,29,2,4,1,55,0,2,3
20,89,2,1,0,1,1,22,1,19,1,92,1,2,2
20,89,2,1,0,1,1,19,1,3,1,79,0,0,2
20,89,2,1,0,1,1,21,0,20,1,81,1,2,0
20,89,2,1,0,1,1,29,2,4,1,55,0,2,3
20,89,1,1,2,1,1,22,1,19,1,92,1,2,2
20,89,1,1,2,1,1,19,1,3,1,79,0,0,2
20,89,1,1,2,1,1,21,0,20,1,81,1,2,0
20,89,1,1,2,1,1,29,2,4,1,55,0,2,3
20,89,0,1,0,1,1,22,1,19,1,92,1,2,2
20,89,0,1,0,1,1,19,1,3,1,79,0,0,2
20,89,0,1,0,1,1,21,0,20,1,81,1,2,0
20,89,0,1,0,1,1,29,2,4,1,55,0,2,3
20,89,2,0,0,1,1,22,1,19,1,92,1,2,2
20,89,2,0,0,1,1,19,1,3,1,79,0,0,2
20,89,2,0,0,1,1,21,0,20,1,81,1,2,0
20,89,2,0,0,1,1,29,2,4,1,55,0,2,3
20,89,2,0,1,1,1,22,1,19,1,92,1,2,2
20,89,2,0,1,1,1,19,1,3,1,79,0,0,2
20,89,2,0,1,1,1,21,0,20,1,81,1,2,0
20,89,2,0,1,1,1,29,2,4,1,55,0,2,3
10,81,0,1,0,1,1,27,0,0,0,63,1,2,1
10,81,1,1,1,1,1,27,0,0,0,63,1,2,1
10,81,2,0,1,1,1,27,0,0,0,63,1,2,1
12,82,1,0,2,1,0,18,2,17,0,74,1,1,2
12,82,1,0,2,1,0,25,0,12,0,83,0,0,3
12,82,1,1,2,1,0,18,2,17,0,74,1,1,2
12,82,1,1,2,1,0,25,0,12,0,83,0,0,3
12,82,0,0,0,1,0,18,2,17,0,74,1,1,2
12,82,0,0,0,1,0,25,0,12,0,83,0,0,3
24,78,0,1,2,1,1,27,3,9,1,89,1,2,2
24,78,0,1,2,1,1,23,1,9,0,59,1,1,2
24,78,0,1,2,1,1,23,0,11,1,66,1,2,0
24,78,0,1,2,1,1,29,1,12,1,71,1,2,2
24,78,2,1,1,1,1,27,3,9,1,89,1,2,2
24,78,2,1,1,1,1,23,1,9,0,59,1,1,2
24,78,2,1,1,1,1,23,0,11,1,66,1,2,0
24,78,2,1,1,1,1,29,1,12,1,71,1,2,2
24,78,1,1,0,1,1,27,3,9,1,89,1,2,2
24,78,1,1,0,1,1,23,1,9,0,59,1,1,2
24,78,1,1,0,1,1,23,0,11,1,66,1,2,0
24,78,1,1,0,1,1,29,1,12,1,71,1,2,2
21,73,1,0,1,1,1,25,1,14,1,81,1,0,0
21,73,1,0,1,1,1,25,3,14,0,89,1,2,0
21,73,1,1,2,1,1,25,1,14,1,81,1,0,0
21,73,1,1,2,1,1,25,3,14,0,89,1,2,0
21,73,1,1,1,1,1,25,1,14,1,81,1,0,0
21,73,1,1,1,1,1,25,3,14,0,89,1,2,0
21,73,1,0,2,1,1,25,1,14,1,81,1,0,0
21,73,1,0,2,1,1,25,3,14,0,89,1,2,0
21,73,1,0,1,0,1,25,1,14,1,81,1,0,0
21,73,1,0,1,0,1,25,3,14,0,89,1,2,0
20,84,1,1,0,1,1,23,3,8,0,59,1,2,1
20,84,1,1,0,1,1,23,1,9,1,82,1,1,0
20,84,1,1,0,1,1,24,0,19,1,100,1,1,2
20,84,1,0,1,1,1,23,3,8,0,59,1,2,1
20,84,1,0,1,1,1,23,1,9,1,82,1,1,0
20,84,1,0,1,1,1,24,0,19,1,100,1,1,2
20,84,1,0,0,1,1,23,3,8,0,59,1,2,1
20,84,1,0,0,1,1,23,1,9,1,82,1,1,0
20,84,1,0,0,1,1,24,0,19,1,100,1,1,2
20,84,1,1,2,1,1,23,3,8,0,59,1,2,1
20,84,1,1,2,1,1,23,1,9,1,82,1,1,0
20,84,1,1,2,1,1,24,0,19,1,100,1,1,2
20,84,2,0,1,1,1,23,3,8,0,59,1,2,1
20,84,2,0,1,1,1,23,1,9,1,82,1,1,0
20,84,2,0,1,1,1,24,0,19,1,100,1,1,2
20,84,0,0,1,1,1,23,3,8,0,59,1,2,1
20,84,0,0,1,1,1,23,1,9,1,82,1,1,0
20,84,0,0,1,1,1,24,0,19,1,100,1,1,2
20,84,1,1,1,1,1,23,3,8,0,59,1,2,1
20,84,1,1,1,1,1,23,1,9,1,82,1,1,0
20,84,1,1,1,1,1,24,0,19,1,100,1,1,2
17,98,2,0,0,1,1,20,2,2,0,53,1,0,0
17,98,2,0,0,1,1,20,1,4,1,77,1,2,1
17,98,2,0,0,1,1,26,0,2,1,68,1,1,0
17,98,2,0,0,1,1,28,2,9,1,75,1,2,0
17,98,2,1,0,1,1,20,2,2,0,53,1,0,0
17,98,2,1,0,1,1,20,1,4,1,77,1,2,1
17,98,2,1,0,1,1,26,0,2,1,68,1,1,0
17,98,2,1,0,1,1,28,2,9,1,75,1,2,0
17,98,1,0,1,1,1,20,2,2,0,53,1,0,0
17,98,1,0,1,1,1,20,1,4,1,77,1,2,1
17,98,1,0,1,1,1,26,0,2,1,68,1,1,0
17,98,1,0,1,1,1,28,2,9,1,75,1,2,0
17,98,2,1,1,1,1,20,2,2,0,53,1,0,0
17,98,2,1,1,1,1,20,1,4,1,77,1,2,1
17,98,2,1,1,1,1,26,0,2,1,68,1,1,0
17,98,2,1,1,1,1,28,2,9,1,75,1,2,0
17,98,2,1,2,1,1,20,2,2,0,53,1,0,0
17,98,2,1,2,1,1,20,1,4,1,77,1,2,1
17,98,2,1,2,1,1,26,0,2,1,68,1,1,0
17,98,2,1,2,1,1,28,2,9,1,75,1,2,0
17,98,2,0,1,1,1,20,2,2,0,53,1,0,0
17,98,2,0,1,1,1,20,1,4,1,77,1,2,1
17,98,2,0,1,1,1,26,0,2,1,68,1,1,0
17,98,2,0,1,1,1,28,2,9,1,75,1,2,0
17,98,1,0,0,1,1,20,2,2,0,53,1,0,0
17,98,1,0,0,1,1,20,1,4,1,77,1,2,1
17,98,1,0,0,1,1,26,0,2,1,68,1,1,0
17,98,1,0,0,1,1,28,2,9,1,75,1,2,0
15,94,1,0,0,1,1,21,0,14,0,60,1,2,2
15,94,0,0,1,1,1,21,0,14,0,60,1,2,2
15,94,0,1,1,1,1,21,0,14,0,60,1,2,2
15,94,1,0,1,1,1,21,0,14,0,60,1,2,2
15,94,2,1,1,1,1,21,0,14,0,60,1,2,2
21,96,2,0,1,1,0,20,0,18,1,81,1,0,2
21,96,2,1,0,1,0,20,0,18,1,81,1,0,2
21,96,1,1,2,0,0,20,0,18,1,81,1,0,2
21,96,1,1,1,1,0,20,0,18,1,81,1,0,2
14,79,1,1,1,1,1,26,0,10,0,63,1,0,2
14,79,0,1,1,1,1,26,0,10,0,63,1,0,2
14,79,1,0,1,1,1,26,0,10,0,63,1,0,2
26,76,1,0,0,1,0,26,1,3,1,53,0,1,3
26,76,1,0,0,1,0,29,3,14,1,84,1,2,3
26,76,1,0,0,1,0,28,3,19,0,77,1,2,1
26,76,0,1,1,1,0,26,1,3,1,53,0,1,3
26,76,0,1,1,1,0,29,3,14,1,84,1,2,3
26,76,0,1,1,1,0,28,3,19,0,77,1,2,1
22,77,1,1,1,1,1,26,3,12,1,60,1,0,2
22,77,1,1,1,1,1,27,3,10,0,68,1,1,0
22,77,1,1,1,1,1,25,2,7,0,65,0,1,3
22,77,1,1,1,0,1,26,3,12,1,60,1,0,2
22,77,1,1,1,0,1,27,3,10,0,68,1,1,0
22,77,1,1,1,0,1,25,2,7,0,65,0,1,3
22,77,0,1,1,1,1,26,3,12,1,60,1,0,2
22,77,0,1,1,1,1,27,3,10,0,68,1,1,0
22,77,0,1,1,1,1,25,2,7,0,65,0,1,3
22,77,1,1,2,1,1,26,3,12,1,60,1,0,2
22,77,1,1,2,1,1,27,3,10,0,68,1,1,0
22,77,1,1,2,1,1,25,2,7,0,65,0,1,3
22,77,2,0,0,1,1,26,3,12,1,60,1,0,2
22,77,2,0,0,1,1,27,3,10,0,68,1,1,0
22,77,2,0,0,1,1,25,2,7,0,65,0,1,3
22,77,0,0,1,1,1,26,3,12,1,60,1,0,2
22,77,0,0,1,1,1,27,3,10,0,68,1,1,0
22,77,0,0,1,1,1,25,2,7,0,65,0,1,3
26,84,2,0,1,0,1,28,1,5,1,67,1,1,1
26,84,2,0,1,0,1,20,0,6,1,93,0,0,3
26,84,1,0,0,1,1,28,1,5,1,67,1,1,1
26,84,1,0,0,1,1,20,0,6,1,93,0,0,3
26,84,1,0,1,1,1,28,1,5,1,67,1,1,1
26,84,1,0,1,1,1,20,0,6,1,93,0,0,3
26,84,1,0,1,0,1,28,1,5,1,67,1,1,1
26,84,1,0,1,0,1,20,0,6,1,93,0,0,3
30,88,1,1,1,1,1,21,2,13,0,78,1,1,2
30,88,1,1,1,1,1,28,1,15,0,58,1,1,1
30,88,1,1,1,1,1,29,2,18,0,51,1,0,3
30,88,1,1,2,1,1,21,2,13,0,78,1,1,2
30,88,1,1,2,1,1,28,1,15,0,58,1,1,1
30,88,1,1,2,1,1,29,2,18,0,51,1,0,3
26,98,0,1,2,1,1,27,0,16,1,53,1,2,1
26,98,0,1,2,1,1,18,3,16,0,68,1,2,1
26,98,0,1,2,1,1,19,1,12,0,72,0,0,0
26,98,0,1,2,1,1,22,3,17,1,52,0,2,0
26,98,2,1,0,1,1,27,0,16,1,53,1,2,1
26,98,2,1,0,1,1,18,3,16,0,68,1,2,1
26,98,2,1,0,1,1,19,1,12,0,72,0,0,0
26,98,2,1,0,1,1,22,3,17,1,52,0,2,0
26,98,2,1,1,1,1,27,0,16,1,53,1,2,1
26,98,2,1,1,1,1,18,3,16,0,68,1,2,1
26,98,2,1,1,1,1,19,1,12,0,72,0,0,0
26,98,2,1,1,1,1,22,3,17,1,52,0,2,0
26,98,1,1,0,1,1,27,0,16,1,53,1,2,1
26,98,1,1,0,1,1,18,3,16,0,68,1,2,1
26,98,1,1,0,1,1,19,1,12,0,72,0,0,0
26,98,1,1,0,1,1,22,3,17,1,52,0,2,0
26,98,1,0,1,1,1,27,0,16,1,53,1,2,1
26,98,1,0,1,1,1,18,3,16,0,68,1,2,1
26,98,1,0,1,1,1,19,1,12,0,72,0,0,0
26,98,1,0,1,1,1,22,3,17,1,52,0,2,0
26,98,0,1,1,1,1,27,0,16,1,53,1,2,1
26,98,0,1,1,1,1,18,3,16,0,68,1,2,1
26,98,0,1,1,1,1,19,1,12,0,72,0,0,0
26,98,0,1,1,1,1,22,3,17,1,52,0,2,0
16,81,1,1,1,1,1,18,3,11,0,73,0,1,3
16,81,2,0,1,1,1,18,3,11,0,73,0,1,3
16,81,2,1,2,0,1,18,3,11,0,73,0,1,3
16,81,1,1,2,1,1,18,3,11,0,73,0,1,3
16,81,1,0,2,1,1,18,3,11,0,73,0,1,3
23,91,2,1,0,1,0,27,0,6,1,58,1,2,1
23,91,1,0,1,1,0,27,0,6,1,58,1,2,1
23,91,0,1,2,1,0,27,0,6,1,58,1,2,1
23,91,0,1,1,1,0,27,0,6,1,58,1,2,1
16,82,2,1,0,1,0,22,1,9,0,65,1,2,2
16,82,2,1,0,1,0,26,1,16,1,61,1,1,2
16,82,2,1,0,1,0,18,0,5,0,58,0,0,0
16,82,0,1,1,1,0,22,1,9,0,65,1,2,2
16,82,0,1,1,1,0,26,1,16,1,61,1,1,2
16,82,0,1,1,1,0,18,0,5,0,58,0,0,0
16,82,2,0,1,1,0,22,1,9,0,65,1,2,2
16,82,2,0,1,1,0,26,1,16,1,61,1,1,2
16,82,2,0,1,1,0,18,0,5,0,58,0,0,0
16,82,1,0,1,1,0,22,1,9,0,65,1,2,2
16,82,1,0,1,1,0,26,1,16,1,61,1,1,2
16,82,1,0,1,1,0,18,0,5,0,58,0,0,0
16,82,1,1,2,1,0,22,1,9,0,65,1,2,2
16,82,1,1,2,1,0,26,1,16,1,61,1,1,2
16,82,1,1,2,1,0,18,0,5,0,58,0,0,0
16,82,1,0,0,1,0,22,1,9,0,65,1,2,2
16,82,1,0,0,1,0,26,1,16,1,61,1,1,2
16,82,1,0,0,1,0,18,0,5,0,58,0,0,0
16,79,1,1,1,1,0,18,1,16,0,90,1,2,1
16,79,1,1,1,1,0,21,0,15,1,52,1,2,3
16,79,1,1,1,1,0,24,1,15,1,100,1,0,1
16,79,1,1,1,1,0,21,3,11,0,70,1,0,1
16,79,1,1,1,1,0,29,0,14,0,73,1,2,3
16,79,2,1,1,1,0,18,1,16,0,90,1,2,1
16,79,2,1,1,1,0,21,0,15,1,52,1,2,3
16,79,2,1,1,1,0,24,1,15,1,100,1,0,1
16,79,2,1,1,1,0,21,3,11,0,70,1,0,1
16,79,2,1,1,1,0,29,0,14,0,73,1,2,3
16,79,1,0,0,1,0,18,1,16,0,90,1,2,1
16,79,1,0,0,1,0,21,0,15,1,52,1,2,3
16,79,1,0,0,1,0,24,1,15,1,100,1,0,1
16,79,1,0,0,1,0,21,3,11,0,70,1,0,1
16,79,1,0,0,1,0,29,0,14,0,73,1,2,3
12,85,2,1,2,1,0,29,2,2,0,93,0,1,0
12,85,2,1,2,1,0,23,3,3,1,91,1,2,1
12,85,2,1,2,1,0,24,0,2,1,56,1,1,1
12,85,2,1,2,1,0,25,2,5,0,58,0,2,0
14,76,1,1,0,1,1,27,2,5,1,88,1,1,2
14,76,1,1,0,1,1,20,3,17,0,76,1,1,2
14,76,1,1,1,1,1,27,2,5,1,88,1,1,2
14,76,1,1,1,1,1,20,3,17,0,76,1,1,2
14,76,0,0,0,0,1,27,2,5,1,88,1,1,2
14,76,0,0,0,0,1,20,3,17,0,76,1,1,2
14,76,1,0,2,1,1,27,2,5,1,88,1,1,2
14,76,1,0,2,1,1,20,3,17,0,76,1,1,2
14,76,1,0,0,1,1,27,2,5,1,88,1,1,2
14,76,1,0,0,1,1,20,3,17,0,76,1,1,2
14,76,1,0,1,1,1,27,2,5,1,88,1,1,2
14,76,1,0,1,1,1,20,3,17,0,76,1,1,2
12,68,2,1,1,1,1,22,0,9,1,58,1,2,0
12,68,2,1,1,1,1,29,2,6,0,58,1,0,2
12,68,2,1,1,1,1,21,0,11,1,95,0,2,3
12,68,2,0,1,1,1,22,0,9,1,58,1,2,0
12,68,2,0,1,1,1,29,2,6,0,58,1,0,2
12,68,2,0,1,1,1,21,0,11,1,95,0,2,3
12,68,0,0,0,1,1,22,0,9,1,58,1,2,0
12,68,0,0,0,1,1,29,2,6,0,58,1,0,2
12,68,0,0,0,1,1,21,0,11,1,95,0,2,3
12,68,1,1,0,1,1,22,0,9,1,58,1,2,0
12,68,1,1,0,1,1,29,2,6,0,58,1,0,2
12,68,1,1,0,1,1,21,0,11,1,95,0,2,3
26,80,0,1,1,1,1,22,2,13,0,96,1,2,0
26,80,0,1,1,1,1,19,1,18,1,82,1,1,2
26,80,1,1,1,1,1,22,2,13,0,96,1,2,0
26,80,1,1,1,1,1,19,1,18,1,82,1,1,2
26,80,1,0,0,1,1,22,2,13,0,96,1,2,0
26,80,1,0,0,1,1,19,1,18,1,82,1,1,2
26,80,0,0,2,1,1,22,2,13,0,96,1,2,0
26,80,0,0,2,1,1,19,1,18,1,82,1,1,2
26,80,1,1,1,0,1,22,2,13,0,96,1,2,0
26,80,1,1,1,0,1,19,1,18,1,82,1,1,2
14,89,0,1,0,0,0,28,2,4,1,62,1,2,2
14,89,0,1,0,0,0,21,1,6,1,70,1,2,2
14,89,0,1,0,0,0,24,0,12,1,86,0,2,3
14,89,1,0,2,1,0,28,2,4,1,62,1,2,2
14,89,1,0,2,1,0,21,1,6,1,70,1,2,2
14,89,1,0,2,1,0,24,0,12,1,86,0,2,3
14,89,0,0,0,1,0,28,2,4,1,62,1,2,2
14,89,0,0,0,1,0,21,1,6,1,70,1,2,2
14,89,0,0,0,1,0,24,0,12,1,86,0,2,3
21,76,1,0,1,1,0,27,3,17,0,67,1,2,1
21,76,1,0,0,1,0,27,3,17,0,67,1,2,1
21,76,2,1,0,1,0,27,3,17,0,67,1,2,1
21,76,2,0,1,1,0,27,3,17,0,67,1,2,1
21,76,1,1,0,1,0,27,3,17,0,67,1,2,1
24,82,1,1,1,1,0,23,3,18,0,92,1,2,0
24,82,1,1,1,1,0,21,2,1,0,55,0,2,3
24,82,1,1,1,1,0,25,0,12,1,76,1,0,3
24,82,1,1,1,1,0,27,1,10,1,59,1,1,3
24,82,1,0,1,1,0,23,3,18,0,92,1,2,0
24,82,1,0,1,1,0,21,2,1,0,55,0,2,3
24,82,1,0,1,1,0,25,0,12,1,76,1,0,3
24,82,1,0,1,1,0,27,1,10,1,59,1,1,3
35,65,1,1,2,1,1,27,3,20,1,95,0,1,2
35,65,1,1,2,1,1,25,1,17,1,94,0,2,0
19,80,0,0,1,1,1,23,1,7,0,55,1,2,3
19,80,0,0,1,1,1,23,3,3,1,69,1,2,0
19,80,1,1,1,1,1,23,1,7,0,55,1,2,3
19,80,1,1,1,1,1,23,3,3,1,69,1,2,0
19,80,0,0,2,1,1,23,1,7,0,55,1,2,3
19,80,0,0,2,1,1,23,3,3,1,69,1,2,0
19,80,0,0,0,1,1,23,1,7,0,55,1,2,3
19,80,0,0,0,1,1,23,3,3,1,69,1,2,0
19,80,1,1,0,1,1,23,1,7,0,55,1,2,3
19,80,1,1,0,1,1,23,3,3,1,69,1,2,0
19,80,2,1,1,1,1,23,1,7,0,55,1,2,3
19,80,2,1,1,1,1,23,3,3,1,69,1,2,0
27,67,1,1,1,1,1,25,2,18,1,77,1,2,2
27,67,1,1,1,1,1,23,3,6,1,80,0,0,0
27,67,1,1,1,1,1,27,2,13,0,95,1,2,1
27,67,1,0,1,1,1,25,2,18,1,77,1,2,2
27,67,1,0,1,1,1,23,3,6,1,80,0,0,0
27,67,1,0,1,1,1,27,2,13,0,95,1,2,1
16,65,2,0,0,1,1,28,2,15,1,58,1,1,3
16,65,2,0,0,1,1,19,1,17,1,92,0,1,0
16,65,2,0,0,1,1,26,0,1,0,83,1,2,0
16,65,2,0,0,1,1,24,3,10,1,62,0,2,2
16,65,0,0,1,1,1,28,2,15,1,58,1,1,3
16,65,0,0,1,1,1,19,1,17,1,92,0,1,0
16,65,0,0,1,1,1,26,0,1,0,83,1,2,0
16,65,0,0,1,1,1,24,3,10,1,62,0,2,2
16,65,1,0,1,1,1,28,2,15,1,58,1,1,3
16,65,1,0,1,1,1,19,1,17,1,92,0,1,0
16,65,1,0,1,1,1,26,0,1,0,83,1,2,0
16,65,1,0,1,1,1,24,3,10,1,62,0,2,2
31,76,1,1,1,1,0,20,2,20,0,53,1,1,2
24,96,2,0,1,1,0,18,1,2,0,82,0,1,1
24,96,1,1,0,0,0,18,1,2,0,82,0,1,1
24,96,2,0,0,1,0,18,1,2,0,82,0,1,1
24,96,1,0,1,1,0,18,1,2,0,82,0,1,1
24,96,2,1,1,1,0,18,1,2,0,82,0,1,1
19,67,1,1,1,1,0,29,0,1,1,81,1,1,0
19,67,1,1,2,1,0,29,0,1,1,81,1,1,0
19,67,0,0,2,1,0,29,0,1,1,81,1,1,0
19,67,1,0,1,1,0,29,0,1,1,81,1,1,0
19,67,1,0,0,1,0,29,0,1,1,81,1,1,0
19,67,1,1,0,1,0,29,0,1,1,81,1,1,0
21,71,1,1,0,0,0,29,1,16,0,68,1,0,0
21,71,1,1,0,0,0,24,0,14,1,78,1,0,2
21,71,1,1,0,1,0,29,1,16,0,68,1,0,0
21,71,1,1,0,1,0,24,0,14,1,78,1,0,2
21,71,1,1,1,1,0,29,1,16,0,68,1,0,0
21,71,1,1,1,1,0,24,0,14,1,78,1,0,2
21,71,0,0,2,1,0,29,1,16,0,68,1,0,0
21,71,0,0,2,1,0,24,0,14,1,78,1,0,2
21,71,1,0,0,1,0,29,1,16,0,68,1,0,0
21,71,1,0,0,1,0,24,0,14,1,78,1,0,2
21,71,2,1,1,1,0,29,1,16,0,68,1,0,0
21,71,2,1,1,1,0,24,0,14,1,78,1,0,2
12,94,2,1,1,1,1,18,1,12,0,87,0,2,1
12,94,2,1,1,1,1,26,0,12,0,84,1,2,0
12,94,2,0,2,1,1,18,1,12,0,87,0,2,1
12,94,2,0,2,1,1,26,0,12,0,84,1,2,0
12,94,0,1,1,1,1,18,1,12,0,87,0,2,1
12,94,0,1,1,1,1,26,0,12,0,84,1,2,0
22,61,0,1,0,1,0,27,1,17,1,91,1,0,0
22,61,0,1,0,1,0,24,3,16,1,78,0,2,0
22,61,0,1,0,1,0,24,3,14,1,97,1,2,0
22,61,0,1,0,1,0,27,0,12,1,63,0,2,1
22,61,0,1,0,1,0,27,1,3,0,84,1,2,1
22,61,2,1,1,1,0,27,1,17,1,91,1,0,0
22,61,2,1,1,1,0,24,3,16,1,78,0,2,0
22,61,2,1,1,1,0,24,3,14,1,97,1,2,0
22,61,2,1,1,1,0,27,0,12,1,63,0,2,1
22,61,2,1,1,1,0,27,1,3,0,84,1,2,1
22,61,1,1,0,1,0,27,1,17,1,91,1,0,0
22,61,1,1,0,1,0,24,3,16,1,78,0,2,0
22,61,1,1,0,1,0,24,3,14,1,97,1,2,0
22,61,1,1,0,1,0,27,0,12,1,63,0,2,1
22,61,1,1,0,1,0,27,1,3,0,84,1,2,1
22,61,1,0,0,1,0,27,1,17,1,91,1,0,0
22,61,1,0,0,1,0,24,3,16,1,78,0,2,0
22,61,1,0,0,1,0,24,3,14,1,97,1,2,0
22,61,1,0,0,1,0,27,0,12,1,63,0,2,1
22,61,1,0,0,1,0,27,1,3,0,84,1,2,1
22,61,0,0,2,1,0,27,1,17,1,91,1,0,0
22,61,0,0,2,1,0,24,3,16,1,78,0,2,0
22,61,0,0,2,1,0,24,3,14,1,97,1,2,0
22,61,0,0,2,1,0,27,0,12,1,63,0,2,1
22,61,0,0,2,1,0,27,1,3,0,84,1,2,1
24,63,1,0,0,1,1,27,2,2,0,69,1,2,3
24,63,1,0,0,1,1,27,1,12,1,52,1,1,0
24,63,1,0,0,1,1,22,3,7,1,63,1,2,2
24,63,1,1,1,1,1,27,2,2,0,69,1,2,3
24,63,1,1,1,1,1,27,1,12,1,52,1,1,0
24,63,1,1,1,1,1,22,3,7,1,63,1,2,2
24,63,1,0,1,1,1,27,2,2,0,69,1,2,3
24,63,1,0,1,1,1,27,1,12,1,52,1,1,0
24,63,1,0,1,1,1,22,3,7,1,63,1,2,2
23,71,1,1,2,1,0,25,1,19,1,86,1,1,3
23,71,1,1,2,1,0,26,1,17,1,63,1,1,1
23,71,2,0,1,1,0,25,1,19,1,86,1,1,3
23,71,2,0,1,1,0,26,1,17,1,63,1,1,1
23,71,1,1,0,1,0,25,1,19,1,86,1,1,3
23,71,1,1,0,1,0,26,1,17,1,63,1,1,1
23,71,1,0,0,1,0,25,1,19,1,86,1,1,3
23,71,1,0,0,1,0,26,1,17,1,63,1,1,1
23,71,1,1,1,1,0,25,1,19,1,86,1,1,3
23,71,1,1,1,1,0,26,1,17,1,63,1,1,1
26,68,2,1,1,1,1,24,1,12,1,59,1,1,0
26,68,2,1,1,1,1,26,0,10,1,81,0,2,2
26,68,2,1,1,1,1,20,3,17,1,84,0,2,1
26,68,2,0,2,1,1,24,1,12,1,59,1,1,0
26,68,2,0,2,1,1,26,0,10,1,81,0,2,2
26,68,2,0,2,1,1,20,3,17,1,84,0,2,1
26,68,1,0,1,1,1,24,1,12,1,59,1,1,0
26,68,1,0,1,1,1,26,0,10,1,81,0,2,2
26,68,1,0,1,1,1,20,3,17,1,84,0,2,1
26,68,0,1,1,1,1,24,1,12,1,59,1,1,0
26,68,0,1,1,1,1,26,0,10,1,81,0,2,2
26,68,0,1,1,1,1,20,3,17,1,84,0,2,1
25,69,1,1,1,1,1,19,3,14,1,88,1,2,3
25,69,1,1,1,1,1,26,3,8,0,62,0,1,2
25,69,1,1,1,1,1,19,3,1,0,63,1,0,1
25,69,0,1,2,1,1,19,3,14,1,88,1,2,3
25,69,0,1,2,1,1,26,3,8,0,62,0,1,2
25,69,0,1,2,1,1,19,3,1,0,63,1,0,1
25,69,0,1,1,1,1,19,3,14,1,88,1,2,3
25,69,0,1,1,1,1,26,3,8,0,62,0,1,2
25,69,0,1,1,1,1,19,3,1,0,63,1,0,1
25,69,1,0,1,0,1,19,3,14,1,88,1,2,3
25,69,1,0,1,0,1,26,3,8,0,62,0,1,2
25,69,1,0,1,0,1,19,3,1,0,63,1,0,1
23,92,1,0,1,1,0,20,1,18,1,82,0,2,1
23,92,1,0,1,1,0,22,2,16,1,92,1,1,2
23,92,1,0,1,1,0,25,1,14,1,70,1,0,1
23,92,2,0,2,1,0,20,1,18,1,82,0,2,1
23,92,2,0,2,1,0,22,2,16,1,92,1,1,2
23,92,2,0,2,1,0,25,1,14,1,70,1,0,1
23,92,2,0,1,1,0,20,1,18,1,82,0,2,1
23,92,2,0,1,1,0,22,2,16,1,92,1,1,2
23,92,2,0,1,1,0,25,1,14,1,70,1,0,1
23,92,1,1,2,1,0,20,1,18,1,82,0,2,1
23,92,1,1,2,1,0,22,2,16,1,92,1,1,2
23,92,1,1,2,1,0,25,1,14,1,70,1,0,1
10,60,1,0,1,1,1,25,0,19,1,91,1,1,3
10,60,1,0,0,0,1,25,0,19,1,91,1,1,3
21,76,2,1,1,1,1,29,3,3,0,56,1,0,1
21,76,2,1,1,1,1,18,0,11,1,74,0,2,3
21,76,2,1,1,1,1,19,2,7,0,57,0,2,0
21,76,0,1,2,0,1,29,3,3,0,56,1,0,1
21,76,0,1,2,0,1,18,0,11,1,74,0,2,3
21,76,0,1,2,0,1,19,2,7,0,57,0,2,0
21,76,1,1,1,1,1,29,3,3,0,56,1,0,1
21,76,1,1,1,1,1,18,0,11,1,74,0,2,3
21,76,1,1,1,1,1,19,2,7,0,57,0,2,0
21,76,1,1,0,1,1,29,3,3,0,56,1,0,1
21,76,1,1,0,1,1,18,0,11,1,74,0,2,3
21,76,1,1,0,1,1,19,2,7,0,57,0,2,0
21,76,0,1,2,1,1,29,3,3,0,56,1,0,1
21,76,0,1,2,1,1,18,0,11,1,74,0,2,3
21,76,0,1,2,1,1,19,2,7,0,57,0,2,0
21,76,1,1,2,1,1,29,3,3,0,56,1,0,1
21,76,1,1,2,1,1,18,0,11,1,74,0,2,3
21,76,1,1,2,1,1,19,2,7,0,57,0,2,0
12,87,0,1,1,0,0,25,3,9,1,79,1,2,2
12,87,2,1,1,0,0,25,3,9,1,79,1,2,2
14,88,1,0,1,1,1,18,2,17,0,100,0,2,3
14,88,2,1,1,1,1,18,2,17,0,100,0,2,3
14,88,1,1,1,1,1,18,2,17,0,100,0,2,3
26,89,0,1,1,1,1,25,1,4,1,88,1,2,1
26,89,1,0,1,1,1,25,1,4,1,88,1,2,1
26,89,1,1,0,1,1,25,1,4,1,88,1,2,1
20,98,1,0,2,1,1,25,1,10,1,61,1,2,2
20,98,1,0,2,1,1,18,1,14,1,77,1,1,2
20,98,2,1,1,1,1,25,1,10,1,61,1,2,2
20,98,2,1,1,1,1,18,1,14,1,77,1,1,2
20,98,1,1,2,1,1,25,1,10,1,61,1,2,2
20,98,1,1,2,1,1,18,1,14,1,77,1,1,2
20,98,1,1,1,1,1,25,1,10,1,61,1,2,2
20,98,1,1,1,1,1,18,1,14,1,77,1,1,2
20,98,1,0,1,1,1,25,1,10,1,61,1,2,2
20,98,1,0,1,1,1,18,1,14,1,77,1,1,2
20,98,0,0,0,1,1,25,1,10,1,61,1,2,2
20,98,0,0,0,1,1,18,1,14,1,77,1,1,2
20,98,1,1,0,1,1,25,1,10,1,61,1,2,2
20,98,1,1,0,1,1,18,1,14,1,77,1,1,2
21,97,1,1,1,1,1,19,1,20,1,100,1,2,1
21,97,1,1,1,1,1,19,0,4,0,58,1,2,0
21,97,2,1,0,1,1,19,1,20,1,100,1,2,1
21,97,2,1,0,1,1,19,0,4,0,58,1,2,0
21,97,2,1,2,1,1,19,1,20,1,100,1,2,1
21,97,2,1,2,1,1,19,0,4,0,58,1,2,0
21,97,1,0,2,1,1,19,1,20,1,100,1,2,1
21,97,1,0,2,1,1,19,0,4,0,58,1,2,0
21,97,1,1,0,1,1,19,1,20,1,100,1,2,1
21,97,1,1,0,1,1,19,0,4,0,58,1,2,0
17,92,2,0,1,1,1,22,0,10,1,93,0,2,1
17,92,2,0,1,1,1,24,1,11,1,58,1,2,0
17,92,0,1,2,1,1,22,0,10,1,93,0,2,1
17,92,0,1,2,1,1,24,1,11,1,58,1,2,0
17,92,2,1,1,1,1,22,0,10,1,93,0,2,1
17,92,2,1,1,1,1,24,1,11,1,58,1,2,0
17,92,1,1,1,1,1,22,0,10,1,93,0,2,1
17,92,1,1,1,1,1,24,1,11,1,58,1,2,0
17,92,1,1,2,1,1,22,0,10,1,93,0,2,1
17,92,1,1,2,1,1,24,1,11,1,58,1,2,0
17,92,1,0,0,1,1,22,0,10,1,93,0,2,1
17,92,1,0,0,1,1,24,1,11,1,58,1,2,0
28,87,0,1,1,1,1,29,1,12,1,70,1,2,3
28,87,1,1,1,1,1,29,1,12,1,70,1,2,3
19,98,2,0,0,0,0,28,2,10,1,84,1,1,1
19,98,2,0,0,0,0,22,1,20,1,91,1,2,1
19,98,2,0,0,0,0,29,3,16,0,51,1,2,3
19,98,0,1,2,1,0,28,2,10,1,84,1,1,1
19,98,0,1,2,1,0,22,1,20,1,91,1,2,1
19,98,0,1,2,1,0,29,3,16,0,51,1,2,3
19,98,2,1,1,1,0,28,2,10,1,84,1,1,1
19,98,2,1,1,1,0,22,1,20,1,91,1,2,1
19,98,2,1,1,1,0,29,3,16,0,51,1,2,3
19,98,2,1,2,1,0,28,2,10,1,84,1,1,1
19,98,2,1,2,1,0,22,1,20,1,91,1,2,1
19,98,2,1,2,1,0,29,3,16,0,51,1,2,3
26,97,1,0,0,0,1,27,2,20,0,82,1,2,0
26,97,1,0,0,0,1,27,2,14,1,72,1,0,3
26,97,1,0,0,0,1,19,3,0,0,98,0,2,3
26,97,1,0,0,0,1,20,1,16,0,99,1,2,0
26,97,1,1,0,1,1,27,2,20,0,82,1,2,0
26,97,1,1,0,1,1,27,2,14,1,72,1,0,3
26,97,1,1,0,1,1,19,3,0,0,98,0,2,3
26,97,1,1,0,1,1,20,1,16,0,99,1,2,0
11,63,1,1,2,1,0,20,3,19,1,54,1,1,3
11,63,1,1,2,1,0,22,3,20,0,67,1,2,0
11,63,1,1,2,1,0,22,0,15,1,57,1,2,1
11,63,1,1,2,1,0,25,0,20,0,65,1,0,2
11,63,2,1,2,0,0,20,3,19,1,54,1,1,3
11,63,2,1,2,0,0,22,3,20,0,67,1,2,0
11,63,2,1,2,0,0,22,0,15,1,57,1,2,1
11,63,2,1,2,0,0,25,0,20,0,65,1,0,2
20,92,0,0,0,1,0,19,3,10,1,72,1,1,3
20,92,2,1,1,1,0,19,3,10,1,72,1,1,3
20,92,1,1,0,1,0,19,3,10,1,72,1,1,3
20,92,2,0,1,1,0,19,3,10,1,72,1,1,3
17,96,1,1,1,1,0,22,2,8,1,59,1,2,3
17,96,0,0,0,1,0,22,2,8,1,59,1,2,3
17,96,2,0,0,1,0,22,2,8,1,59,1,2,3
17,96,1,0,1,1,0,22,2,8,1,59,1,2,3
17,96,1,1,0,1,0,22,2,8,1,59,1,2,3
17,96,1,0,0,1,0,22,2,8,1,59,1,2,3
28,98,1,1,1,1,1,21,2,6,1,62,0,2,3
28,98,1,1,1,1,1,29,0,13,0,61,0,2,0
28,98,1,1,1,1,1,19,1,0,1,79,1,1,1
28,98,1,1,1,1,1,25,1,14,1,84,1,2,1
28,98,1,1,1,1,1,21,2,8,1,55,1,0,0
28,98,1,1,1,1,1,21,1,3,0,64,1,2,1
28,98,2,1,1,1,1,21,2,6,1,62,0,2,3
28,98,2,1,1,1,1,29,0,13,0,61,0,2,0
28,98,2,1,1,1,1,19,1,0,1,79,1,1,1
28,98,2,1,1,1,1,25,1,14,1,84,1,2,1
28,98,2,1,1,1,1,21,2,8,1,55,1,0,0
28,98,2,1,1,1,1,21,1,3,0,64,1,2,1
34,63,2,1,1,1,1,28,2,6,1,63,0,2,2
18,76,2,0,1,1,1,28,2,11,1,68,1,2,0
18,76,2,0,1,1,1,23,3,6,1,88,1,2,2
18,76,2,0,1,1,1,20,0,1,1,65,1,1,3
18,76,2,1,2,1,1,28,2,11,1,68,1,2,0
18,76,2,1,2,1,1,23,3,6,1,88,1,2,2
18,76,2,1,2,1,1,20,0,1,1,65,1,1,3
17,61,1,0,2,1,0,28,2,10,1,62,0,2,2
17,61,2,1,0,1,0,28,2,10,1,62,0,2,2
17,61,1,0,0,1,0,28,2,10,1,62,0,2,2
17,61,2,1,1,0,0,28,2,10,1,62,0,2,2
29,73,1,0,1,1,0,18,1,2,1,71,0,1,3
29,73,0,1,1,1,0,18,1,2,1,71,0,1,3
17,96,1,1,1,1,1,27,0,6,0,100,1,1,2
17,96,1,1,1,1,1,23,3,13,1,55,1,0,0
17,96,1,1,1,1,1,25,0,15,0,69,0,1,1
17,96,1,1,1,1,1,22,2,17,0,82,1,1,3
17,96,2,1,1,1,1,27,0,6,0,100,1,1,2
17,96,2,1,1,1,1,23,3,13,1,55,1,0,0
17,96,2,1,1,1,1,25,0,15,0,69,0,1,1
17,96,2,1,1,1,1,22,2,17,0,82,1,1,3
17,96,1,1,0,1,1,27,0,6,0,100,1,1,2
17,96,1,1,0,1,1,23,3,13,1,55,1,0,0
17,96,1,1,0,1,1,25,0,15,0,69,0,1,1
17,96,1,1,0,1,1,22,2,17,0,82,1,1,3
17,96,0,1,0,0,1,27,0,6,0,100,1,1,2
17,96,0,1,0,0,1,23,3,13,1,55,1,0,0
17,96,0,1,0,0,1,25,0,15,0,69,0,1,1
17,96,0,1,0,0,1,22,2,17,0,82,1,1,3
17,96,1,0,0,1,1,27,0,6,0,100,1,1,2
17,96,1,0,0,1,1,23,3,13,1,55,1,0,0
17,96,1,0,0,1,1,25,0,15,0,69,0,1,1
17,96,1,0,0,1,1,22,2,17,0,82,1,1,3
14,84,1,0,1,1,1,18,3,2,1,84,0,1,1
14,84,1,1,1,1,1,18,3,2,1,84,0,1,1
14,84,2,0,0,1,1,18,3,2,1,84,0,1,1
14,84,1,1,1,0,1,18,3,2,1,84,0,1,1
14,84,1,0,0,1,1,18,3,2,1,84,0,1,1
20,96,1,0,1,1,1,22,0,2,1,67,1,0,2
20,96,1,0,1,1,1,29,2,20,1,64,0,0,3
20,96,2,0,0,1,1,22,0,2,1,67,1,0,2
20,96,2,0,0,1,1,29,2,20,1,64,0,0,3
20,96,2,0,1,1,1,22,0,2,1,67,1,0,2
20,96,2,0,1,1,1,29,2,20,1,64,0,0,3
29,76,1,0,0,1,1,26,2,10,0,71,0,2,3
29,76,2,1,0,0,1,26,2,10,0,71,0,2,3
29,76,0,1,1,1,1,26,2,10,0,71,0,2,3
29,76,2,1,1,1,1,26,2,10,0,71,0,2,3
20,79,0,1,0,1,1,23,3,13,1,77,1,2,1
20,79,0,1,0,1,1,25,3,5,1,90,1,1,1
20,79,0,1,2,0,1,23,3,13,1,77,1,2,1
20,79,0,1,2,0,1,25,3,5,1,90,1,1,1
20,79,1,1,0,0,1,23,3,13,1,77,1,2,1
20,79,1,1,0,0,1,25,3,5,1,90,1,1,1
20,79,2,1,0,1,1,23,3,13,1,77,1,2,1
20,79,2,1,0,1,1,25,3,5,1,90,1,1,1
20,79,1,1,1,1,1,23,3,13,1,77,1,2,1
20,79,1,1,1,1,1,25,3,5,1,90,1,1,1
20,79,1,0,1,1,1,23,3,13,1,77,1,2,1
20,79,1,0,1,1,1,25,3,5,1,90,1,1,1
24,65,1,0,0,1,0,23,0,17,0,88,1,2,0
24,65,2,1,1,1,0,23,0,17,0,88,1,2,0
13,97,2,0,1,1,0,28,3,12,1,88,0,0,0
13,97,2,0,1,1,0,25,3,13,1,100,1,0,1
13,97,2,0,1,1,0,19,2,13,0,56,1,2,0
13,97,1,0,2,1,0,28,3,12,1,88,0,0,0
13,97,1,0,2,1,0,25,3,13,1,100,1,0,1
13,97,1,0,2,1,0,19,2,13,0,56,1,2,0
13,97,1,1,1,1,0,28,3,12,1,88,0,0,0
13,97,1,1,1,1,0,25,3,13,1,100,1,0,1
13,97,1,1,1,1,0,19,2,13,0,56,1,2,0
13,97,2,1,0,1,0,28,3,12,1,88,0,0,0
13,97,2,1,0,1,0,25,3,13,1,100,1,0,1
13,97,2,1,0,1,0,19,2,13,0,56,1,2,0
21,89,1,1,0,1,0,23,0,14,0,79,1,2,0
21,89,1,1,0,1,0,18,1,4,1,51,1,0,3
21,89,1,1,0,1,0,25,3,6,0,100,1,2,0
21,89,1,0,1,1,0,23,0,14,0,79,1,2,0
21,89,1,0,1,1,0,18,1,4,1,51,1,0,3
21,89,1,0,1,1,0,25,3,6,0,100,1,2,0
21,89,0,1,1,1,0,23,0,14,0,79,1,2,0
21,89,0,1,1,1,0,18,1,4,1,51,1,0,3
21,89,0,1,1,1,0,25,3,6,0,100,1,2,0
21,89,1,0,1,0,0,23,0,14,0,79,1,2,0
21,89,1,0,1,0,0,18,1,4,1,51,1,0,3
21,89,1,0,1,0,0,25,3,6,0,100,1,2,0
21,89,1,1,2,1,0,23,0,14,0,79,1,2,0
21,89,1,1,2,1,0,18,1,4,1,51,1,0,3
21,89,1,1,2,1,0,25,3,6,0,100,1,2,0
22,61,0,1,2,1,1,28,2,19,0,83,1,1,0
22,61,0,1,2,1,1,18,3,7,1,53,1,2,1
22,61,0,1,2,1,1,20,1,11,1,78,1,2,0
22,61,0,1,2,1,1,28,2,10,1,66,1,1,3
22,61,1,1,2,1,1,28,2,19,0,83,1,1,0
22,61,1,1,2,1,1,18,3,7,1,53,1,2,1
22,61,1,1,2,1,1,20,1,11,1,78,1,2,0
22,61,1,1,2,1,1,28,2,10,1,66,1,1,3
22,61,1,0,0,1,1,28,2,19,0,83,1,1,0
22,61,1,0,0,1,1,18,3,7,1,53,1,2,1
22,61,1,0,0,1,1,20,1,11,1,78,1,2,0
22,61,1,0,0,1,1,28,2,10,1,66,1,1,3
22,61,0,1,1,1,1,28,2,19,0,83,1,1,0
22,61,0,1,1,1,1,18,3,7,1,53,1,2,1
22,61,0,1,1,1,1,20,1,11,1,78,1,2,0
22,61,0,1,1,1,1,28,2,10,1,66,1,1,3
22,61,2,0,2,1,1,28,2,19,0,83,1,1,0
22,61,2,0,2,1,1,18,3,7,1,53,1,2,1
22,61,2,0,2,1,1,20,1,11,1,78,1,2,0
22,61,2,0,2,1,1,28,2,10,1,66,1,1,3
35,64,1,1,1,1,1,20,1,20,0,56,0,2,3
35,64,1,1,1,1,1,19,3,1,0,59,1,2,0
35,64,0,0,2,1,1,20,1,20,0,56,0,2,3
35,64,0,0,2,1,1,19,3,1,0,59,1,2,0
16,88,1,0,1,1,1,24,0,13,1,99,1,2,2
16,88,2,1,2,1,1,24,0,13,1,99,1,2,2
27,88,1,0,1,1,1,19,2,11,1,79,1,2,2
27,88,1,0,1,1,1,19,3,2,0,70,0,1,3
27,88,1,1,0,0,1,19,2,11,1,79,1,2,2
27,88,1,1,0,0,1,19,3,2,0,70,0,1,3
27,88,2,1,1,1,1,19,2,11,1,79,1,2,2
27,88,2,1,1,1,1,19,3,2,0,70,0,1,3
29,80,2,1,1,1,0,26,1,6,0,100,1,0,3
29,80,1,1,1,1,0,26,1,6,0,100,1,0,3
29,80,0,1,1,1,0,26,1,6,0,100,1,0,3
23,78,1,1,0,1,1,23,0,4,0,67,1,1,1
23,78,2,0,1,1,1,23,0,4,0,67,1,1,1
23,78,0,1,1,1,1,23,0,4,0,67,1,1,1
23,78,1,0,2,1,1,23,0,4,0,67,1,1,1
23,78,1,0,1,1,1,23,0,4,0,67,1,1,1
23,78,1,1,1,1,1,23,0,4,0,67,1,1,1
23,78,2,1,1,1,1,23,0,4,0,67,1,1,1
17,68,1,1,2,1,1,19,1,18,1,52,1,2,1
17,68,1,1,2,1,1,27,0,1,1,69,1,2,3
17,68,2,0,1,1,1,19,1,18,1,52,1,2,1
17,68,2,0,1,1,1,27,0,1,1,69,1,2,3
17,68,2,1,1,1,1,19,1,18,1,52,1,2,1
17,68,2,1,1,1,1,27,0,1,1,69,1,2,3
17,68,0,1,1,1,1,19,1,18,1,52,1,2,1
17,68,0,1,1,1,1,27,0,1,1,69,1,2,3
17,68,1,0,1,1,1,19,1,18,1,52,1,2,1
17,68,1,0,1,1,1,27,0,1,1,69,1,2,3
17,68,1,1,1,0,1,19,1,18,1,52,1,2,1
17,68,1,1,1,0,1,27,0,1,1,69,1,2,3
17,68,2,1,2,1,1,19,1,18,1,52,1,2,1
17,68,2,1,2,1,1,27,0,1,1,69,1,2,3
11,85,0,1,0,1,1,29,3,13,1,78,1,2,0
11,85,0,1,0,1,1,29,1,5,1,60,1,2,3
11,85,1,0,0,1,1,29,3,13,1,78,1,2,0
11,85,1,0,0,1,1,29,1,5,1,60,1,2,3
11,85,0,1,2,1,1,29,3,13,1,78,1,2,0
11,85,0,1,2,1,1,29,1,5,1,60,1,2,3
11,85,1,1,1,0,1,29,3,13,1,78,1,2,0
11,85,1,1,1,0,1,29,1,5,1,60,1,2,3
29,70,2,0,0,1,1,18,0,19,0,99,0,2,2
29,70,0,1,0,1,1,18,0,19,0,99,0,2,2
29,70,0,0,2,1,1,18,0,19,0,99,0,2,2
29,70,1,1,0,1,1,18,0,19,0,99,0,2,2
16,91,1,0,2,1,0,25,2,17,1,84,1,2,2
16,91,1,0,2,1,0,21,0,20,0,60,0,0,2
16,91,1,0,2,1,0,25,3,15,1,92,1,0,2
16,91,1,0,2,1,0,27,0,11,1,100,1,1,2
16,91,1,0,2,1,0,27,0,14,1,57,1,2,2
16,91,1,1,1,1,0,25,2,17,1,84,1,2,2
16,91,1,1,1,1,0,21,0,20,0,60,0,0,2
16,91,1,1,1,1,0,25,3,15,1,92,1,0,2
16,91,1,1,1,1,0,27,0,11,1,100,1,1,2
16,91,1,1,1,1,0,27,0,14,1,57,1,2,2
16,91,0,0,0,1,0,25,2,17,1,84,1,2,2
16,91,0,0,0,1,0,21,0,20,0,60,0,0,2
16,91,0,0,0,1,0,25,3,15,1,92,1,0,2
16,91,0,0,0,1,0,27,0,11,1,100,1,1,2
16,91,0,0,0,1,0,27,0,14,1,57,1,2,2
16,91,1,1,2,1,0,25,2,17,1,84,1,2,2
16,91,1,1,2,1,0,21,0,20,0,60,0,0,2
16,91,1,1,2,1,0,25,3,15,1,92,1,0,2
16,91,1,1,2,1,0,27,0,11,1,100,1,1,2
16,91,1,1,2,1,0,27,0,14,1,57,1,2,2
18,73,1,1,0,1,1,29,1,14,1,67,1,2,1
18,73,1,1,0,1,1,29,2,12,1,53,0,2,2
18,73,1,1,0,1,1,25,1,5,1,80,0,2,2
18,73,1,1,0,1,1,18,0,3,0,52,1,2,2
18,73,2,0,1,0,1,29,1,14,1,67,1,2,1
18,73,2,0,1,0,1,29,2,12,1,53,0,2,2
18,73,2,0,1,0,1,25,1,5,1,80,0,2,2
18,73,2,0,1,0,1,18,0,3,0,52,1,2,2
18,73,2,1,0,1,1,29,1,14,1,67,1,2,1
18,73,2,1,0,1,1,29,2,12,1,53,0,2,2
18,73,2,1,0,1,1,25,1,5,1,80,0,2,2
18,73,2,1,0,1,1,18,0,3,0,52,1,2,2
18,73,1,1,0,0,1,29,1,14,1,67,1,2,1
18,73,1,1,0,0,1,29,2,12,1,53,0,2,2
18,73,1,1,0,0,1,25,1,5,1,80,0,2,2
18,73,1,1,0,0,1,18,0,3,0,52,1,2,2
22,70,2,1,1,1,1,27,3,17,0,66,1,2,1
22,70,2,1,1,1,1,18,1,2,1,86,1,0,3
22,70,2,1,2,1,1,27,3,17,0,66,1,2,1
22,70,2,1,2,1,1,18,1,2,1,86,1,0,3
22,70,2,1,0,1,1,27,3,17,0,66,1,2,1
22,70,2,1,0,1,1,18,1,2,1,86,1,0,3
22,70,1,1,2,1,1,27,3,17,0,66,1,2,1
22,70,1,1,2,1,1,18,1,2,1,86,1,0,3
22,70,0,0,1,1,1,27,3,17,0,66,1,2,1
22,70,0,0,1,1,1,18,1,2,1,86,1,0,3
22,70,0,0,0,1,1,27,3,17,0,66,1,2,1
22,70,0,0,0,1,1,18,1,2,1,86,1,0,3
22,70,2,0,0,1,1,27,3,17,0,66,1,2,1
22,70,2,0,0,1,1,18,1,2,1,86,1,0,3
22,70,0,1,0,1,1,27,3,17,0,66,1,2,1
22,70,0,1,0,1,1,18,1,2,1,86,1,0,3
22,70,1,0,1,1,1,27,3,17,0,66,1,2,1
22,70,1,0,1,1,1,18,1,2,1,86,1,0,3
22,67,1,0,0,1,1,23,2,16,1,79,0,2,3
22,67,1,0,0,1,1,18,3,19,0,62,1,2,2
22,67,2,1,1,1,1,23,2,16,1,79,0,2,3
22,67,2,1,1,1,1,18,3,19,0,62,1,2,2
22,67,1,1,2,1,1,23,2,16,1,79,0,2,3
22,67,1,1,2,1,1,18,3,19,0,62,1,2,2
22,67,2,0,1,1,1,23,2,16,1,79,0,2,3
22,67,2,0,1,1,1,18,3,19,0,62,1,2,2
22,67,1,1,0,1,1,23,2,16,1,79,0,2,3
22,67,1,1,0,1,1,18,3,19,0,62,1,2,2
22,67,1,1,1,1,1,23,2,16,1,79,0,2,3
22,67,1,1,1,1,1,18,3,19,0,62,1,2,2
22,67,2,1,2,1,1,23,2,16,1,79,0,2,3
22,67,2,1,2,1,1,18,3,19,0,62,1,2,2
22,67,2,0,2,1,1,23,2,16,1,79,0,2,3
22,67,2,0,2,1,1,18,3,19,0,62,1,2,2
32,65,0,1,0,1,0,22,0,4,0,97,1,2,1
32,65,0,1,0,1,0,19,1,17,1,61,1,2,0
32,65,1,0,1,1,0,22,0,4,0,97,1,2,1
32,65,1,0,1,1,0,19,1,17,1,61,1,2,0
12,87,1,1,0,1,1,29,3,20,1,98,0,2,1
12,87,1,1,0,1,1,23,0,20,1,59,1,0,1
16,85,1,0,2,1,1,21,1,14,1,68,1,2,3
16,85,1,0,2,1,1,25,1,7,1,100,1,0,3
16,85,1,0,2,1,1,25,0,19,0,72,0,2,1
16,85,1,0,2,1,1,28,0,14,1,71,0,1,1
16,85,2,1,2,1,1,21,1,14,1,68,1,2,3
16,85,2,1,2,1,1,25,1,7,1,100,1,0,3
16,85,2,1,2,1,1,25,0,19,0,72,0,2,1
16,85,2,1,2,1,1,28,0,14,1,71,0,1,1
16,85,0,0,0,1,1,21,1,14,1,68,1,2,3
16,85,0,0,0,1,1,25,1,7,1,100,1,0,3
16,85,0,0,0,1,1,25,0,19,0,72,0,2,1
16,85,0,0,0,1,1,28,0,14,1,71,0,1,1
16,85,0,1,0,1,1,21,1,14,1,68,1,2,3
16,85,0,1,0,1,1,25,1,7,1,100,1,0,3
16,85,0,1,0,1,1,25,0,19,0,72,0,2,1
16,85,0,1,0,1,1,28,0,14,1,71,0,1,1
16,85,1,1,0,0,1,21,1,14,1,68,1,2,3
16,85,1,1,0,0,1,25,1,7,1,100,1,0,3
16,85,1,1,0,0,1,25,0,19,0,72,0,2,1
16,85,1,1,0,0,1,28,0,14,1,71,0,1,1
31,62,1,0,1,1,0,21,2,20,0,56,1,2,3
31,62,1,1,1,1,0,21,2,20,0,56,1,2,3
21,71,0,0,1,1,1,24,0,13,1,59,1,2,1
21,71,0,0,1,1,1,24,3,6,1,92,1,0,0
21,71,1,1,0,1,1,24,0,13,1,59,1,2,1
21,71,1,1,0,1,1,24,3,6,1,92,1,0,0
21,71,1,0,2,1,1,24,0,13,1,59,1,2,1
21,71,1,0,2,1,1,24,3,6,1,92,1,0,0
21,71,1,0,0,1,1,24,0,13,1,59,1,2,1
21,71,1,0,0,1,1,24,3,6,1,92,1,0,0
21,71,1,1,1,1,1,24,0,13,1,59,1,2,1
21,71,1,1,1,1,1,24,3,6,1,92,1,0,0
35,72,2,1,1,1,1,25,1,10,1,92,1,2,0
35,72,2,1,1,1,1,20,2,4,1,71,1,2,3
17,81,2,0,1,1,1,21,1,17,1,89,1,1,2
17,81,2,0,1,1,1,29,3,2,1,71,1,2,3
17,81,0,1,0,1,1,21,1,17,1,89,1,1,2
17,81,0,1,0,1,1,29,3,2,1,71,1,2,3
17,81,1,1,1,1,1,21,1,17,1,89,1,1,2
17,81,1,1,1,1,1,29,3,2,1,71,1,2,3
17,81,1,1,0,1,1,21,1,17,1,89,1,1,2
17,81,1,1,0,1,1,29,3,2,1,71,1,2,3
17,81,1,0,1,1,1,21,1,17,1,89,1,1,2
17,81,1,0,1,1,1,29,3,2,1,71,1,2,3
17,81,0,1,2,1,1,21,1,17,1,89,1,1,2
17,81,0,1,2,1,1,29,3,2,1,71,1,2,3
17,81,1,0,2,1,1,21,1,17,1,89,1,1,2
17,81,1,0,2,1,1,29,3,2,1,71,1,2,3
17,87,0,1,1,1,1,20,1,1,1,63,1,0,3
17,87,2,1,1,1,1,20,1,1,1,63,1,0,3
17,87,1,0,0,1,1,20,1,1,1,63,1,0,3
17,87,1,0,1,1,1,20,1,1,1,63,1,0,3
17,87,2,1,2,1,1,20,1,1,1,63,1,0,3
17,87,2,0,1,1,1,20,1,1,1,63,1,0,3
17,87,1,1,1,0,1,20,1,1,1,63,1,0,3
24,89,1,0,1,0,1,23,2,15,0,61,1,1,1
24,89,0,1,0,1,1,23,2,15,0,61,1,1,1
24,89,2,1,1,1,1,23,2,15,0,61,1,1,1
24,89,1,0,0,0,1,23,2,15,0,61,1,1,1
24,89,0,1,1,1,1,23,2,15,0,61,1,1,1
24,89,0,0,2,1,1,23,2,15,0,61,1,1,1
31,73,1,1,1,1,1,19,0,13,1,87,0,2,0
24,72,0,1,1,1,1,18,2,5,1,67,1,0,2
24,72,1,1,1,1,1,18,2,5,1,67,1,0,2
24,72,2,1,2,0,1,18,2,5,1,67,1,0,2
24,72,1,1,2,1,1,18,2,5,1,67,1,0,2
24,72,2,1,0,1,1,18,2,5,1,67,1,0,2
18,82,1,0,0,1,0,19,2,7,0,70,0,1,1
18,82,1,0,0,1,0,25,2,19,1,75,1,2,3
18,82,1,0,1,1,0,19,2,7,0,70,0,1,1
18,82,1,0,1,1,0,25,2,19,1,75,1,2,3
18,82,0,0,0,1,0,19,2,7,0,70,0,1,1
18,82,0,0,0,1,0,25,2,19,1,75,1,2,3
18,82,1,1,2,1,0,19,2,7,0,70,0,1,1
18,82,1,1,2,1,0,25,2,19,1,75,1,2,3
24,61,1,0,2,1,1,20,3,14,0,80,1,0,1
24,61,1,0,2,1,1,22,1,10,0,79,0,2,3
24,61,1,0,2,1,1,28,1,17,1,92,1,1,0
24,61,1,0,1,1,1,20,3,14,0,80,1,0,1
24,61,1,0,1,1,1,22,1,10,0,79,0,2,3
24,61,1,0,1,1,1,28,1,17,1,92,1,1,0
27,63,1,1,1,1,0,18,2,11,1,85,1,1,2
27,63,2,1,1,1,0,18,2,11,1,85,1,1,2
27,63,0,0,1,0,0,18,2,11,1,85,1,1,2
27,63,2,0,0,1,0,18,2,11,1,85,1,1,2
27,63,1,1,0,1,0,18,2,11,1,85,1,1,2
26,89,0,1,0,1,0,19,1,0,1,67,0,2,1
26,89,0,1,0,1,0,26,1,0,1,80,0,2,2
26,89,0,1,0,1,0,29,3,10,1,76,1,0,1
26,89,1,0,2,1,0,19,1,0,1,67,0,2,1
26,89,1,0,2,1,0,26,1,0,1,80,0,2,2
26,89,1,0,2,1,0,29,3,10,1,76,1,0,1
26,89,0,0,0,1,0,19,1,0,1,67,0,2,1
26,89,0,0,0,1,0,26,1,0,1,80,0,2,2
26,89,0,0,0,1,0,29,3,10,1,76,1,0,1
27,64,0,1,1,1,1,19,2,9,1,53,1,1,3
27,64,0,1,1,1,1,18,2,7,1,99,0,0,0
27,64,2,1,2,1,1,19,2,9,1,53,1,1,3
27,64,2,1,2,1,1,18,2,7,1,99,0,0,0
27,64,2,0,1,1,1,19,2,9,1,53,1,1,3
27,64,2,0,1,1,1,18,2,7,1,99,0,0,0
27,64,1,1,2,1,1,19,2,9,1,53,1,1,3
27,64,1,1,2,1,1,18,2,7,1,99,0,0,0
21,93,1,1,1,0,1,18,1,18,1,54,1,2,2
21,93,1,1,1,0,1,26,0,0,0,95,1,2,3
21,93,0,1,0,0,1,18,1,18,1,54,1,2,2
21,93,0,1,0,0,1,26,0,0,0,95,1,2,3
21,93,0,1,1,1,1,18,1,18,1,54,1,2,2
21,93,0,1,1,1,1,26,0,0,0,95,1,2,3
21,93,0,1,0,1,1,18,1,18,1,54,1,2,2
21,93,0,1,0,1,1,26,0,0,0,95,1,2,3
21,93,1,0,1,1,1,18,1,18,1,54,1,2,2
21,93,1,0,1,1,1,26,0,0,0,95,1,2,3
21,93,2,1,0,1,1,18,1,18,1,54,1,2,2
21,93,2,1,0,1,1,26,0,0,0,95,1,2,3
21,93,0,0,1,1,1,18,1,18,1,54,1,2,2
21,93,0,0,1,1,1,26,0,0,0,95,1,2,3
15,69,1,1,1,1,0,26,0,18,1,66,1,2,3
15,69,1,1,1,1,0,29,3,18,1,80,1,1,1
15,69,1,1,1,1,0,18,1,16,0,86,0,1,1
15,69,1,1,1,1,0,22,2,3,1,73,1,1,0
15,69,1,1,1,1,0,26,3,7,1,65,1,2,3
15,69,1,1,1,1,0,23,0,0,0,51,1,2,1
15,69,1,1,2,1,0,26,0,18,1,66,1,2,3
15,69,1,1,2,1,0,29,3,18,1,80,1,1,1
15,69,1,1,2,1,0,18,1,16,0,86,0,1,1
15,69,1,1,2,1,0,22,2,3,1,73,1,1,0
15,69,1,1,2,1,0,26,3,7,1,65,1,2,3
15,69,1,1,2,1,0,23,0,0,0,51,1,2,1
15,69,0,0,0,1,0,26,0,18,1,66,1,2,3
15,69,0,0,0,1,0,29,3,18,1,80,1,1,1
15,69,0,0,0,1,0,18,1,16,0,86,0,1,1
15,69,0,0,0,1,0,22,2,3,1,73,1,1,0
15,69,0,0,0,1,0,26,3,7,1,65,1,2,3
15,69,0,0,0,1,0,23,0,0,0,51,1,2,1
15,69,0,1,1,0,0,26,0,18,1,66,1,2,3
15,69,0,1,1,0,0,29,3,18,1,80,1,1,1
15,69,0,1,1,0,0,18,1,16,0,86,0,1,1
15,69,0,1,1,0,0,22,2,3,1,73,1,1,0
15,69,0,1,1,0,0,26,3,7,1,65,1,2,3
15,69,0,1,1,0,0,23,0,0,0,51,1,2,1
18,82,1,1,0,1,1,28,3,7,0,75,0,0,1
18,82,0,1,1,1,1,28,3,7,0,75,0,0,1
18,82,1,1,2,1,1,28,3,7,0,75,0,0,1
18,82,2,0,1,1,1,28,3,7,0,75,0,0,1
18,82,1,1,2,0,1,28,3,7,0,75,0,0,1
18,82,0,1,2,1,1,28,3,7,0,75,0,0,1
18,82,1,1,1,1,1,28,3,7,0,75,0,0,1
20,82,0,1,1,1,1,26,2,18,0,75,1,2,2
20,82,1,1,0,1,1,26,2,18,0,75,1,2,2
20,82,2,1,0,1,1,26,2,18,0,75,1,2,2
20,82,1,0,0,1,1,26,2,18,0,75,1,2,2
20,82,1,0,1,1,1,26,2,18,0,75,1,2,2
28,83,2,0,1,1,1,19,2,17,0,76,0,1,0
28,83,2,0,1,1,1,26,3,12,1,64,1,1,0
28,83,0,0,1,1,1,19,2,17,0,76,0,1,0
28,83,0,0,1,1,1,26,3,12,1,64,1,1,0
28,83,1,1,1,1,1,19,2,17,0,76,0,1,0
28,83,1,1,1,1,1,26,3,12,1,64,1,1,0
12,95,1,0,2,1,1,27,0,7,1,91,1,2,3
12,95,1,0,2,1,1,25,3,12,1,90,1,2,2
12,95,2,1,1,1,1,27,0,7,1,91,1,2,3
12,95,2,1,1,1,1,25,3,12,1,90,1,2,2
12,95,1,1,2,1,1,27,0,7,1,91,1,2,3
12,95,1,1,2,1,1,25,3,12,1,90,1,2,2
12,95,1,0,1,1,1,27,0,7,1,91,1,2,3
12,95,1,0,1,1,1,25,3,12,1,90,1,2,2
24,92,2,1,0,1,1,28,1,20,0,78,0,2,3
24,92,2,1,0,1,1,27,3,5,0,97,0,0,3
24,92,2,1,0,1,1,18,3,3,0,81,1,2,0
24,92,1,1,1,0,1,28,1,20,0,78,0,2,3
24,92,1,1,1,0,1,27,3,5,0,97,0,0,3
24,92,1,1,1,0,1,18,3,3,0,81,1,2,0
24,92,2,0,2,1,1,28,1,20,0,78,0,2,3
24,92,2,0,2,1,1,27,3,5,0,97,0,0,3
24,92,2,0,2,1,1,18,3,3,0,81,1,2,0
24,92,2,1,2,1,1,28,1,20,0,78,0,2,3
24,92,2,1,2,1,1,27,3,5,0,97,0,0,3
24,92,2,1,2,1,1,18,3,3,0,81,1,2,0
24,92,2,1,1,1,1,28,1,20,0,78,0,2,3
24,92,2,1,1,1,1,27,3,5,0,97,0,0,3
24,92,2,1,1,1,1,18,3,3,0,81,1,2,0
33,64,1,0,1,1,0,20,3,4,1,90,1,2,0
33,64,1,0,1,1,0,25,2,9,0,77,1,1,1
18,71,0,1,0,1,1,24,0,2,1,63,1,1,2
18,71,0,1,0,1,1,22,1,2,0,68,0,0,1
18,71,2,1,1,1,1,24,0,2,1,63,1,1,2
18,71,2,1,1,1,1,22,1,2,0,68,0,0,1
18,71,1,1,1,1,1,24,0,2,1,63,1,1,2
18,71,1,1,1,1,1,22,1,2,0,68,0,0,1
18,71,1,0,1,1,1,24,0,2,1,63,1,1,2
18,71,1,0,1,1,1,22,1,2,0,68,0,0,1
19,90,1,1,2,1,0,20,0,15,1,100,1,0,1
19,90,1,1,2,1,0,19,1,18,1,58,1,2,1
19,90,0,0,1,1,0,20,0,15,1,100,1,0,1
19,90,0,0,1,1,0,19,1,18,1,58,1,2,1
19,90,2,1,0,1,0,20,0,15,1,100,1,0,1
19,90,2,1,0,1,0,19,1,18,1,58,1,2,1
19,90,2,0,1,1,0,20,0,15,1,100,1,0,1
19,90,2,0,1,1,0,19,1,18,1,58,1,2,1
24,70,2,0,1,1,1,20,2,1,0,69,1,2,1
24,70,1,1,1,1,1,20,2,1,0,69,1,2,1
24,70,2,0,0,1,1,20,2,1,0,69,1,2,1
24,70,2,1,0,1,1,20,2,1,0,69,1,2,1
24,70,2,0,0,0,1,20,2,1,0,69,1,2,1
24,70,2,1,2,1,1,20,2,1,0,69,1,2,1
17,67,2,1,2,1,1,27,0,1,1,79,1,2,2
17,67,1,1,1,1,1,27,0,1,1,79,1,2,2
17,67,2,1,1,1,1,27,0,1,1,79,1,2,2
17,67,1,0,2,1,1,27,0,1,1,79,1,2,2
17,67,0,0,1,1,1,27,0,1,1,79,1,2,2
17,67,0,0,2,1,1,27,0,1,1,79,1,2,2
14,74,2,1,2,1,0,20,1,3,0,89,0,0,2
14,74,2,1,2,1,0,27,1,18,1,73,1,1,2
14,74,1,0,2,1,0,20,1,3,0,89,0,0,2
14,74,1,0,2,1,0,27,1,18,1,73,1,1,2
14,74,1,0,0,0,0,20,1,3,0,89,0,0,2
14,74,1,0,0,0,0,27,1,18,1,73,1,1,2
16,75,1,1,1,1,0,26,0,9,0,81,0,2,1
16,75,1,1,1,1,0,18,0,9,1,54,1,2,0
16,75,1,1,1,1,0,26,0,11,0,76,1,2,3
16,75,0,1,1,1,0,26,0,9,0,81,0,2,1
16,75,0,1,1,1,0,18,0,9,1,54,1,2,0
16,75,0,1,1,1,0,26,0,11,0,76,1,2,3
16,75,0,1,2,1,0,26,0,9,0,81,0,2,1
16,75,0,1,2,1,0,18,0,9,1,54,1,2,0
16,75,0,1,2,1,0,26,0,11,0,76,1,2,3
27,82,2,1,0,1,0,26,0,6,1,93,1,1,1
27,82,2,1,0,1,0,29,3,2,0,61,0,2,2
27,82,2,1,0,1,0,26,1,12,0,90,0,1,3
27,82,2,1,0,1,0,27,0,3,1,83,0,2,2
11,64,1,1,0,1,1,21,3,14,1,53,1,1,1
11,64,1,1,0,1,1,19,2,13,1,83,1,2,2
11,64,1,1,0,1,1,20,0,3,0,97,1,0,1
11,64,0,1,2,0,1,21,3,14,1,53,1,1,1
11,64,0,1,2,0,1,19,2,13,1,83,1,2,2
11,64,0,1,2,0,1,20,0,3,0,97,1,0,1
11,64,1,1,1,1,1,21,3,14,1,53,1,1,1
11,64,1,1,1,1,1,19,2,13,1,83,1,2,2
11,64,1,1,1,1,1,20,0,3,0,97,1,0,1
11,64,1,0,0,1,1,21,3,14,1,53,1,1,1
11,64,1,0,0,1,1,19,2,13,1,83,1,2,2
11,64,1,0,0,1,1,20,0,3,0,97,1,0,1
29,86,1,1,1,1,0,18,3,8,0,79,0,2,1
29,86,1,1,1,1,0,26,2,10,1,86,1,2,2
29,86,1,1,1,1,0,22,0,8,1,87,1,1,0
29,86,1,1,1,1,0,23,2,15,1,87,0,1,2
29,86,1,1,1,1,0,23,1,13,1,72,1,2,1
29,86,1,1,1,1,0,20,0,19,1,84,0,2,3
29,86,2,0,0,1,0,18,3,8,0,79,0,2,1
29,86,2,0,0,1,0,26,2,10,1,86,1,2,2
29,86,2,0,0,1,0,22,0,8,1,87,1,1,0
29,86,2,0,0,1,0,23,2,15,1,87,0,1,2
29,86,2,0,0,1,0,23,1,13,1,72,1,2,1
29,86,2,0,0,1,0,20,0,19,1,84,0,2,3
29,86,0,1,1,1,0,18,3,8,0,79,0,2,1
29,86,0,1,1,1,0,26,2,10,1,86,1,2,2
29,86,0,1,1,1,0,22,0,8,1,87,1,1,0
29,86,0,1,1,1,0,23,2,15,1,87,0,1,2
29,86,0,1,1,1,0,23,1,13,1,72,1,2,1
29,86,0,1,1,1,0,20,0,19,1,84,0,2,3
31,95,1,1,1,1,1,21,3,19,0,61,1,2,3
7,77,1,0,1,1,1,25,0,5,1,82,1,1,3
7,77,1,0,1,1,1,27,3,8,0,74,1,0,1
23,67,1,0,0,1,1,23,2,4,1,69,1,0,0
23,67,1,0,0,1,1,28,2,6,1,55,0,2,0
23,67,1,0,0,1,1,22,2,0,0,85,0,1,0
23,67,0,1,1,1,1,23,2,4,1,69,1,0,0
23,67,0,1,1,1,1,28,2,6,1,55,0,2,0
23,67,0,1,1,1,1,22,2,0,0,85,0,1,0
23,67,1,1,2,1,1,23,2,4,1,69,1,0,0
23,67,1,1,2,1,1,28,2,6,1,55,0,2,0
23,67,1,1,2,1,1,22,2,0,0,85,0,1,0
23,67,1,0,1,1,1,23,2,4,1,69,1,0,0
23,67,1,0,1,1,1,28,2,6,1,55,0,2,0
23,67,1,0,1,1,1,22,2,0,0,85,0,1,0
17,98,2,0,2,0,0,28,3,0,0,80,1,1,0
17,98,2,0,2,0,0,25,0,3,1,76,0,2,1
17,98,0,1,1,1,0,28,3,0,0,80,1,1,0
17,98,0,1,1,1,0,25,0,3,1,76,0,2,1
17,98,0,1,0,1,0,28,3,0,0,80,1,1,0
17,98,0,1,0,1,0,25,0,3,1,76,0,2,1
17,98,1,0,1,1,0,28,3,0,0,80,1,1,0
17,98,1,0,1,1,0,25,0,3,1,76,0,2,1
17,98,1,0,0,1,0,28,3,0,0,80,1,1,0
17,98,1,0,0,1,0,25,0,3,1,76,0,2,1
14,90,1,1,1,1,1,24,1,17,0,91,0,0,2
14,90,1,1,1,1,1,23,2,4,0,62,0,2,2
14,90,2,1,1,1,1,24,1,17,0,91,0,0,2
14,90,2,1,1,1,1,23,2,4,0,62,0,2,2
24,78,1,1,0,1,0,29,1,5,0,50,1,2,3
24,78,2,1,2,1,0,29,1,5,0,50,1,2,3
24,78,0,1,0,1,0,29,1,5,0,50,1,2,3
31,75,1,0,0,1,1,19,1,10,0,98,1,2,3
31,75,1,0,0,1,1,25,1,4,1,94,1,1,3
16,99,2,0,2,1,1,20,0,0,1,96,1,2,2
16,99,2,0,2,1,1,19,0,2,1,93,1,1,2
16,99,2,0,2,1,1,26,3,16,1,81,1,2,1
16,99,1,1,2,1,1,20,0,0,1,96,1,2,2
16,99,1,1,2,1,1,19,0,2,1,93,1,1,2
16,99,1,1,2,1,1,26,3,16,1,81,1,2,1
16,99,2,1,1,1,1,20,0,0,1,96,1,2,2
16,99,2,1,1,1,1,19,0,2,1,93,1,1,2
16,99,2,1,1,1,1,26,3,16,1,81,1,2,1
19,87,0,1,0,1,0,22,1,15,1,77,0,2,1
19,87,0,1,0,1,0,20,1,6,1,88,0,2,0
19,87,1,0,0,1,0,22,1,15,1,77,0,2,1
19,87,1,0,0,1,0,20,1,6,1,88,0,2,0
19,87,1,0,1,1,0,22,1,15,1,77,0,2,1
19,87,1,0,1,1,0,20,1,6,1,88,0,2,0
19,87,1,1,1,1,0,22,1,15,1,77,0,2,1
19,87,1,1,1,1,0,20,1,6,1,88,0,2,0
22,82,2,0,1,1,1,26,1,4,0,89,1,0,3
22,82,2,0,1,1,1,25,0,12,1,59,0,2,0
22,82,1,0,2,1,1,26,1,4,0,89,1,0,3
22,82,1,0,2,1,1,25,0,12,1,59,0,2,0
22,82,0,0,1,1,1,26,1,4,0,89,1,0,3
22,82,0,0,1,1,1,25,0,12,1,59,0,2,0
22,82,2,1,1,1,1,26,1,4,0,89,1,0,3
22,82,2,1,1,1,1,25,0,12,1,59,0,2,0
22,82,1,1,0,1,1,26,1,4,0,89,1,0,3
22,82,1,1,0,1,1,25,0,12,1,59,0,2,0
12,94,2,1,0,1,0,25,1,7,1,79,1,1,1
12,94,1,1,1,1,0,25,1,7,1,79,1,1,1
29,90,2,0,1,1,0,24,3,10,0,99,1,2,2
29,90,2,0,1,1,0,25,0,8,1,55,1,2,2
29,90,1,1,1,1,0,24,3,10,0,99,1,2,2
29,90,1,1,1,1,0,25,0,8,1,55,1,2,2
29,90,0,1,0,1,0,24,3,10,0,99,1,2,2
29,90,0,1,0,1,0,25,0,8,1,55,1,2,2
22,90,2,0,2,1,1,20,3,12,1,92,0,2,3
22,90,2,0,2,1,1,22,2,19,0,69,0,1,2
22,90,2,0,2,1,1,19,1,18,1,98,1,0,1
22,90,2,0,2,1,1,25,0,17,1,92,1,2,3
22,90,1,1,0,1,1,20,3,12,1,92,0,2,3
22,90,1,1,0,1,1,22,2,19,0,69,0,1,2
22,90,1,1,0,1,1,19,1,18,1,98,1,0,1
22,90,1,1,0,1,1,25,0,17,1,92,1,2,3
22,90,1,0,0,1,1,20,3,12,1,92,0,2,3
22,90,1,0,0,1,1,22,2,19,0,69,0,1,2
22,90,1,0,0,1,1,19,1,18,1,98,1,0,1
22,90,1,0,0,1,1,25,0,17,1,92,1,2,3
22,90,0,1,1,1,1,20,3,12,1,92,0,2,3
22,90,0,1,1,1,1,22,2,19,0,69,0,1,2
22,90,0,1,1,1,1,19,1,18,1,98,1,0,1
22,90,0,1,1,1,1,25,0,17,1,92,1,2,3
22,90,1,1,1,1,1,20,3,12,1,92,0,2,3
22,90,1,1,1,1,1,22,2,19,0,69,0,1,2
22,90,1,1,1,1,1,19,1,18,1,98,1,0,1
22,90,1,1,1,1,1,25,0,17,1,92,1,2,3
23,94,0,1,1,1,0,25,2,11,1,84,1,2,2
23,94,2,0,1,1,0,25,2,11,1,84,1,2,2
23,94,2,1,1,0,0,25,2,11,1,84,1,2,2
23,94,1,0,2,1,0,25,2,11,1,84,1,2,2
28,74,0,1,1,1,1,24,2,16,1,94,1,2,1
28,74,0,1,1,1,1,27,1,0,1,85,1,2,0
28,74,0,1,1,1,1,18,0,5,0,94,0,2,3
28,74,2,0,2,1,1,24,2,16,1,94,1,2,1
28,74,2,0,2,1,1,27,1,0,1,85,1,2,0
28,74,2,0,2,1,1,18,0,5,0,94,0,2,3
19,63,2,1,1,1,0,22,1,4,1,55,0,0,2
19,63,2,1,1,1,0,27,1,1,1,70,1,1,3
19,63,2,1,1,1,0,27,0,10,0,54,0,2,0
19,63,2,1,1,1,0,23,3,7,0,65,1,2,3
19,63,1,1,0,1,0,22,1,4,1,55,0,0,2
19,63,1,1,0,1,0,27,1,1,1,70,1,1,3
19,63,1,1,0,1,0,27,0,10,0,54,0,2,0
19,63,1,1,0,1,0,23,3,7,0,65,1,2,3
16,93,1,0,1,1,1,22,3,16,0,64,1,2,3
16,93,0,1,1,1,1,22,3,16,0,64,1,2,3
16,93,1,1,0,1,1,22,3,16,0,64,1,2,3
16,93,2,0,1,0,1,22,3,16,0,64,1,2,3
16,93,0,0,1,1,1,22,3,16,0,64,1,2,3
16,93,2,0,2,1,1,22,3,16,0,64,1,2,3
31,67,0,0,2,1,0,28,3,3,1,83,0,0,2
11,87,1,0,2,1,1,28,2,10,0,82,0,2,0
11,87,1,0,2,1,1,21,2,6,0,100,1,1,3
21,81,1,0,1,1,1,23,3,10,1,64,1,0,0
21,81,1,0,1,1,1,28,1,20,1,95,1,2,1
21,81,1,0,1,1,1,21,1,17,1,74,1,2,1
21,81,0,1,2,1,1,23,3,10,1,64,1,0,0
21,81,0,1,2,1,1,28,1,20,1,95,1,2,1
21,81,0,1,2,1,1,21,1,17,1,74,1,2,1
21,81,1,1,1,1,1,23,3,10,1,64,1,0,0
21,81,1,1,1,1,1,28,1,20,1,95,1,2,1
21,81,1,1,1,1,1,21,1,17,1,74,1,2,1
16,68,1,1,2,1,0,24,3,17,1,61,1,2,2
16,68,1,1,1,1,0,24,3,17,1,61,1,2,2
16,68,2,0,2,1,0,24,3,17,1,61,1,2,2
9,80,2,0,0,1,0,21,3,7,1,75,1,2,1
9,80,2,0,0,1,0,26,2,20,0,100,1,2,1
9,80,2,0,0,1,0,29,1,5,0,71,0,1,0
9,80,0,1,0,1,0,21,3,7,1,75,1,2,1
9,80,0,1,0,1,0,26,2,20,0,100,1,2,1
9,80,0,1,0,1,0,29,1,5,0,71,0,1,0
5,92,1,1,1,1,0,21,3,18,1,54,1,0,3
10,92,2,1,0,1,0,21,2,13,0,76,0,0,2
10,92,1,0,2,1,0,21,2,13,0,76,0,0,2
10,92,0,1,2,1,0,21,2,13,0,76,0,0,2
25,83,2,0,1,1,1,21,1,6,1,93,1,0,2
25,83,2,1,0,1,1,21,1,6,1,93,1,0,2
25,83,2,1,2,1,1,21,1,6,1,93,1,0,2
25,83,1,1,0,1,1,21,1,6,1,93,1,0,2
25,91,2,1,1,1,0,24,0,6,0,92,0,2,0
25,91,2,1,1,1,0,21,0,0,0,59,1,1,2
25,91,2,1,1,1,0,28,0,9,1,66,1,2,2
25,91,1,1,1,1,0,24,0,6,0,92,0,2,0
25,91,1,1,1,1,0,21,0,0,0,59,1,1,2
25,91,1,1,1,1,0,28,0,9,1,66,1,2,2
25,91,0,1,0,1,0,24,0,6,0,92,0,2,0
25,91,0,1,0,1,0,21,0,0,0,59,1,1,2
25,91,0,1,0,1,0,28,0,9,1,66,1,2,2
25,91,0,0,1,1,0,24,0,6,0,92,0,2,0
25,91,0,0,1,1,0,21,0,0,0,59,1,1,2
25,91,0,0,1,1,0,28,0,9,1,66,1,2,2
23,68,1,1,1,1,1,23,0,2,1,77,0,2,0
23,68,0,1,1,0,1,23,0,2,1,77,0,2,0
23,68,0,1,1,1,1,23,0,2,1,77,0,2,0
23,68,1,1,0,1,1,23,0,2,1,77,0,2,0
23,68,2,1,1,1,1,23,0,2,1,77,0,2,0
29,88,2,0,0,1,0,24,1,20,1,59,1,2,3
25,76,0,1,0,1,1,29,2,17,1,73,0,2,0
25,76,1,1,1,1,1,29,2,17,1,73,0,2,0
25,76,2,0,2,1,1,29,2,17,1,73,0,2,0
25,76,2,1,0,0,1,29,2,17,1,73,0,2,0
25,76,2,0,1,1,1,29,2,17,1,73,0,2,0
8,72,1,1,1,1,0,29,1,6,0,72,1,2,0
8,72,1,1,1,1,0,23,3,16,1,68,1,2,3
8,72,1,1,1,1,0,28,0,12,1,60,1,2,3
8,72,1,1,1,1,0,21,0,1,0,90,1,2,1
8,72,1,1,1,1,0,25,0,0,1,81,0,0,0
19,83,1,0,2,1,1,22,0,8,0,66,1,1,0
19,83,1,0,2,1,1,23,0,18,1,91,1,1,1
19,83,0,0,1,1,1,22,0,8,0,66,1,1,0
19,83,0,0,1,1,1,23,0,18,1,91,1,1,1
19,83,0,1,1,1,1,22,0,8,0,66,1,1,0
19,83,0,1,1,1,1,23,0,18,1,91,1,1,1
19,83,1,0,2,0,1,22,0,8,0,66,1,1,0
19,83,1,0,2,0,1,23,0,18,1,91,1,1,1
18,95,2,0,1,1,0,27,2,5,0,76,1,1,0
18,95,2,0,1,1,0,19,0,9,1,63,1,0,3
18,95,2,0,1,1,0,29,2,9,1,66,0,2,3
18,95,2,1,0,1,0,27,2,5,0,76,1,1,0
18,95,2,1,0,1,0,19,0,9,1,63,1,0,3
18,95,2,1,0,1,0,29,2,9,1,66,0,2,3
18,95,2,1,1,1,0,27,2,5,0,76,1,1,0
18,95,2,1,1,1,0,19,0,9,1,63,1,0,3
18,95,2,1,1,1,0,29,2,9,1,66,0,2,3
18,95,1,0,1,1,0,27,2,5,0,76,1,1,0
18,95,1,0,1,1,0,19,0,9,1,63,1,0,3
18,95,1,0,1,1,0,29,2,9,1,66,0,2,3
18,95,0,1,0,1,0,27,2,5,0,76,1,1,0
18,95,0,1,0,1,0,19,0,9,1,63,1,0,3
18,95,0,1,0,1,0,29,2,9,1,66,0,2,3
18,95,1,1,2,1,0,27,2,5,0,76,1,1,0
18,95,1,1,2,1,0,19,0,9,1,63,1,0,3
18,95,1,1,2,1,0,29,2,9,1,66,0,2,3
18,95,1,1,0,1,0,27,2,5,0,76,1,1,0
18,95,1,1,0,1,0,19,0,9,1,63,1,0,3
18,95,1,1,0,1,0,29,2,9,1,66,0,2,3
31,96,1,1,0,1,1,18,3,1,0,73,1,2,1
31,96,1,1,0,1,1,26,0,5,1,59,1,2,2
31,96,2,1,2,1,1,18,3,1,0,73,1,2,1
31,96,2,1,2,1,1,26,0,5,1,59,1,2,2
31,96,0,1,1,1,1,18,3,1,0,73,1,2,1
31,96,0,1,1,1,1,26,0,5,1,59,1,2,2
28,98,1,1,1,1,0,26,1,14,1,87,1,2,2
26,100,2,0,0,1,0,18,1,15,1,84,0,1,1
26,100,2,0,0,1,0,19,1,15,0,97,1,0,3
26,100,2,1,2,1,0,18,1,15,1,84,0,1,1
26,100,2,1,2,1,0,19,1,15,0,97,1,0,3
20,69,1,0,0,1,0,29,3,6,1,99,1,2,2
20,69,1,0,0,1,0,20,1,2,1,65,1,2,3
20,69,1,0,1,1,0,29,3,6,1,99,1,2,2
20,69,1,0,1,1,0,20,1,2,1,65,1,2,3
20,69,2,1,1,1,0,29,3,6,1,99,1,2,2
20,69,2,1,1,1,0,20,1,2,1,65,1,2,3
20,69,0,1,2,1,0,29,3,6,1,99,1,2,2
20,69,0,1,2,1,0,20,1,2,1,65,1,2,3
20,69,0,0,1,1,0,29,3,6,1,99,1,2,2
20,69,0,0,1,1,0,20,1,2,1,65,1,2,3
20,69,1,1,2,1,0,29,3,6,1,99,1,2,2
20,69,1,1,2,1,0,20,1,2,1,65,1,2,3
16,89,1,1,1,0,1,25,2,2,0,52,0,2,0
16,89,1,1,1,0,1,18,3,13,0,82,0,2,3
16,89,1,1,1,0,1,21,2,16,1,83,1,1,2
16,89,1,0,1,1,1,25,2,2,0,52,0,2,0
16,89,1,0,1,1,1,18,3,13,0,82,0,2,3
16,89,1,0,1,1,1,21,2,16,1,83,1,1,2
16,89,1,1,2,1,1,25,2,2,0,52,0,2,0
16,89,1,1,2,1,1,18,3,13,0,82,0,2,3
16,89,1,1,2,1,1,21,2,16,1,83,1,1,2
16,89,1,1,0,1,1,25,2,2,0,52,0,2,0
16,89,1,1,0,1,1,18,3,13,0,82,0,2,3
16,89,1,1,0,1,1,21,2,16,1,83,1,1,2
22,60,1,0,0,1,1,22,1,14,1,69,0,2,0
22,60,1,1,1,1,1,22,1,14,1,69,0,2,0
22,60,1,0,1,1,1,22,1,14,1,69,0,2,0
25,60,0,1,0,1,1,28,3,5,1,83,0,1,1
25,60,0,0,0,1,1,28,3,5,1,83,0,1,1
16,72,1,1,0,1,1,20,2,7,1,79,1,0,0
16,72,1,1,0,1,1,19,3,1,1,82,1,0,1
16,72,1,1,0,1,1,28,0,3,0,67,1,1,2
16,72,1,1,0,1,1,23,2,0,1,85,1,2,3
16,72,2,0,0,1,1,20,2,7,1,79,1,0,0
16,72,2,0,0,1,1,19,3,1,1,82,1,0,1
16,72,2,0,0,1,1,28,0,3,0,67,1,1,2
16,72,2,0,0,1,1,23,2,0,1,85,1,2,3
16,72,1,1,2,1,1,20,2,7,1,79,1,0,0
16,72,1,1,2,1,1,19,3,1,1,82,1,0,1
16,72,1,1,2,1,1,28,0,3,0,67,1,1,2
16,72,1,1,2,1,1,23,2,0,1,85,1,2,3
16,72,2,0,1,1,1,20,2,7,1,79,1,0,0
16,72,2,0,1,1,1,19,3,1,1,82,1,0,1
16,72,2,0,1,1,1,28,0,3,0,67,1,1,2
16,72,2,0,1,1,1,23,2,0,1,85,1,2,3
30,67,2,1,2,1,1,21,0,20,1,70,1,2,0
30,67,2,1,2,1,1,18,0,2,0,75,1,1,0
30,67,2,1,2,1,1,24,0,7,1,65,0,2,1
30,67,2,1,2,1,1,23,3,2,1,50,1,1,1
30,67,2,1,2,1,1,24,1,2,0,88,1,1,2
30,67,1,0,2,1,1,21,0,20,1,70,1,2,0
30,67,1,0,2,1,1,18,0,2,0,75,1,1,0
30,67,1,0,2,1,1,24,0,7,1,65,0,2,1
30,67,1,0,2,1,1,23,3,2,1,50,1,1,1
30,67,1,0,2,1,1,24,1,2,0,88,1,1,2
16,69,2,1,1,1,0,21,3,15,1,77,1,2,0
23,66,2,0,1,1,0,22,1,4,0,67,1,2,3
23,66,2,0,1,1,0,28,0,7,0,67,1,2,2
23,66,0,1,2,1,0,22,1,4,0,67,1,2,3
23,66,0,1,2,1,0,28,0,7,0,67,1,2,2
23,66,0,1,1,1,0,22,1,4,0,67,1,2,3
23,66,0,1,1,1,0,28,0,7,0,67,1,2,2
23,66,1,1,1,1,0,22,1,4,0,67,1,2,3
23,66,1,1,1,1,0,28,0,7,0,67,1,2,2
23,66,2,1,1,1,0,22,1,4,0,67,1,2,3
23,66,2,1,1,1,0,28,0,7,0,67,1,2,2
23,66,2,1,2,1,0,22,1,4,0,67,1,2,3
23,66,2,1,2,1,0,28,0,7,0,67,1,2,2
33,64,0,1,0,1,1,23,2,10,1,82,1,0,0
33,64,1,1,1,1,1,23,2,10,1,82,1,0,0
33,64,1,0,0,0,1,23,2,10,1,82,1,0,0
30,79,1,0,1,1,0,25,2,4,1,64,1,1,2
30,79,1,0,1,1,0,19,0,6,1,65,1,2,1
30,79,2,0,1,1,0,25,2,4,1,64,1,1,2
30,79,2,0,1,1,0,19,0,6,1,65,1,2,1
30,79,2,0,1,0,0,25,2,4,1,64,1,1,2
30,79,2,0,1,0,0,19,0,6,1,65,1,2,1
23,63,0,1,0,1,1,28,3,5,0,96,1,1,3
23,63,1,0,2,1,1,28,3,5,0,96,1,1,3
23,63,1,1,2,1,1,28,3,5,0,96,1,1,3
23,63,1,0,1,1,1,28,3,5,0,96,1,1,3
23,63,1,1,1,1,1,28,3,5,0,96,1,1,3
23,63,1,0,0,1,1,28,3,5,0,96,1,1,3
24,81,2,1,1,1,1,19,3,11,1,58,1,0,1
24,81,2,1,1,1,1,25,3,17,0,64,1,0,2
24,81,2,1,1,1,1,28,2,18,0,98,1,2,2
24,81,1,1,0,1,1,19,3,11,1,58,1,0,1
24,81,1,1,0,1,1,25,3,17,0,64,1,0,2
24,81,1,1,0,1,1,28,2,18,0,98,1,2,2
24,81,1,1,1,0,1,19,3,11,1,58,1,0,1
24,81,1,1,1,0,1,25,3,17,0,64,1,0,2
24,81,1,1,1,0,1,28,2,18,0,98,1,2,2
24,81,0,1,1,1,1,19,3,11,1,58,1,0,1
24,81,0,1,1,1,1,25,3,17,0,64,1,0,2
24,81,0,1,1,1,1,28,2,18,0,98,1,2,2
24,81,1,0,1,1,1,19,3,11,1,58,1,0,1
24,81,1,0,1,1,1,25,3,17,0,64,1,0,2
24,81,1,0,1,1,1,28,2,18,0,98,1,2,2
24,81,2,1,2,1,1,19,3,11,1,58,1,0,1
24,81,2,1,2,1,1,25,3,17,0,64,1,0,2
24,81,2,1,2,1,1,28,2,18,0,98,1,2,2
24,81,1,1,1,1,1,19,3,11,1,58,1,0,1
24,81,1,1,1,1,1,25,3,17,0,64,1,0,2
24,81,1,1,1,1,1,28,2,18,0,98,1,2,2
24,81,1,1,2,1,1,19,3,11,1,58,1,0,1
24,81,1,1,2,1,1,25,3,17,0,64,1,0,2
24,81,1,1,2,1,1,28,2,18,0,98,1,2,2
18,97,1,0,0,1,0,29,3,18,0,72,1,2,1
18,97,1,0,0,1,0,25,3,1,1,75,0,2,3
18,97,2,0,0,1,0,29,3,18,0,72,1,2,1
18,97,2,0,0,1,0,25,3,1,1,75,0,2,3
18,97,2,1,1,1,0,29,3,18,0,72,1,2,1
18,97,2,1,1,1,0,25,3,1,1,75,0,2,3
18,97,0,0,1,1,0,29,3,18,0,72,1,2,1
18,97,0,0,1,1,0,25,3,1,1,75,0,2,3
10,82,1,0,0,1,1,28,1,6,0,57,0,1,2
10,82,1,0,0,1,1,28,3,5,0,66,1,2,1
29,91,2,1,1,0,0,27,3,6,0,66,1,2,1
29,91,1,0,0,1,0,27,3,6,0,66,1,2,1
13,71,2,0,0,1,1,22,1,8,0,56,1,2,0
13,71,2,0,0,1,1,29,3,12,0,57,1,2,3
13,71,1,1,1,1,1,22,1,8,0,56,1,2,0
13,71,1,1,1,1,1,29,3,12,0,57,1,2,3
13,71,1,0,1,1,1,22,1,8,0,56,1,2,0
13,71,1,0,1,1,1,29,3,12,0,57,1,2,3
13,71,0,0,0,1,1,22,1,8,0,56,1,2,0
13,71,0,0,0,1,1,29,3,12,0,57,1,2,3
26,93,1,0,1,1,1,28,3,10,0,98,1,1,0
26,93,1,0,1,1,1,18,1,9,1,79,1,0,0
26,93,2,1,1,1,1,28,3,10,0,98,1,1,0
26,93,2,1,1,1,1,18,1,9,1,79,1,0,0
30,93,2,1,1,1,0,22,2,8,1,73,0,0,0
25,72,2,1,1,1,1,21,1,18,0,73,1,1,2
25,72,2,1,1,1,1,19,3,13,1,81,1,0,2
25,72,0,1,0,1,1,21,1,18,0,73,1,1,2
25,72,0,1,0,1,1,19,3,13,1,81,1,0,2
25,72,1,1,0,1,1,21,1,18,0,73,1,1,2
25,72,1,1,0,1,1,19,3,13,1,81,1,0,2
25,72,1,0,0,1,1,21,1,18,0,73,1,1,2
25,72,1,0,0,1,1,19,3,13,1,81,1,0,2
25,72,1,1,2,1,1,21,1,18,0,73,1,1,2
25,72,1,1,2,1,1,19,3,13,1,81,1,0,2
25,72,0,1,2,1,1,21,1,18,0,73,1,1,2
25,72,0,1,2,1,1,19,3,13,1,81,1,0,2
11,69,1,0,1,1,1,19,0,5,1,76,0,2,0
11,69,1,1,0,1,1,19,0,5,1,76,0,2,0
29,60,2,1,1,1,0,23,3,7,1,99,1,0,2
29,60,2,1,1,1,0,21,2,17,0,55,1,2,3
23,70,2,1,2,1,0,22,1,20,1,87,1,2,3
23,70,2,1,2,1,0,28,3,5,0,72,1,2,0
23,70,2,1,1,1,0,22,1,20,1,87,1,2,3
23,70,2,1,1,1,0,28,3,5,0,72,1,2,0
23,70,2,0,0,1,0,22,1,20,1,87,1,2,3
23,70,2,0,0,1,0,28,3,5,0,72,1,2,0
22,75,0,1,1,1,0,23,3,2,1,89,0,2,0
22,75,1,0,2,1,0,23,3,2,1,89,0,2,0
16,62,1,0,2,1,0,18,3,6,0,56,1,2,3
16,62,1,0,2,1,0,21,1,5,1,63,1,2,2
16,62,2,0,1,0,0,18,3,6,0,56,1,2,3
16,62,2,0,1,0,0,21,1,5,1,63,1,2,2
16,62,1,0,0,1,0,18,3,6,0,56,1,2,3
16,62,1,0,0,1,0,21,1,5,1,63,1,2,2
16,62,1,0,1,1,0,18,3,6,0,56,1,2,3
16,62,1,0,1,1,0,21,1,5,1,63,1,2,2
16,62,0,0,2,1,0,18,3,6,0,56,1,2,3
16,62,0,0,2,1,0,21,1,5,1,63,1,2,2
20,99,1,0,1,1,0,27,2,4,1,62,1,2,0
20,99,1,0,1,1,0,27,3,14,1,61,0,0,0
20,99,0,1,0,1,0,27,2,4,1,62,1,2,0
20,99,0,1,0,1,0,27,3,14,1,61,0,0,0
27,89,1,0,1,1,0,26,3,4,1,74,1,1,0
27,89,1,0,1,1,0,21,3,17,0,97,1,1,3
27,89,0,0,1,1,0,26,3,4,1,74,1,1,0
27,89,0,0,1,1,0,21,3,17,0,97,1,1,3
27,89,1,1,1,1,0,26,3,4,1,74,1,1,0
27,89,1,1,1,1,0,21,3,17,0,97,1,1,3
23,73,1,1,1,1,0,24,1,5,1,96,1,1,0
23,73,1,1,1,1,0,21,0,6,0,96,0,2,1
23,73,1,1,1,1,0,23,1,17,1,58,1,1,0
23,73,1,1,1,1,0,27,0,0,1,92,0,2,2
23,73,2,0,0,1,0,24,1,5,1,96,1,1,0
23,73,2,0,0,1,0,21,0,6,0,96,0,2,1
23,73,2,0,0,1,0,23,1,17,1,58,1,1,0
23,73,2,0,0,1,0,27,0,0,1,92,0,2,2
23,73,2,0,2,1,0,24,1,5,1,96,1,1,0
23,73,2,0,2,1,0,21,0,6,0,96,0,2,1
23,73,2,0,2,1,0,23,1,17,1,58,1,1,0
23,73,2,0,2,1,0,27,0,0,1,92,0,2,2
25,78,1,0,1,1,0,27,3,3,0,86,1,2,2
25,78,1,0,1,1,0,26,2,20,1,86,0,2,1
27,95,2,0,0,1,1,24,0,4,0,99,1,0,0
27,95,2,0,0,1,1,29,3,20,1,62,0,1,2
27,95,2,0,0,1,1,22,0,16,1,77,1,0,1
27,95,2,0,0,1,1,22,2,15,0,66,1,1,1
27,95,1,0,0,1,1,24,0,4,0,99,1,0,0
27,95,1,0,0,1,1,29,3,20,1,62,0,1,2
27,95,1,0,0,1,1,22,0,16,1,77,1,0,1
27,95,1,0,0,1,1,22,2,15,0,66,1,1,1
20,87,1,0,1,1,1,21,1,13,1,57,1,2,3
20,87,1,0,0,1,1,21,1,13,1,57,1,2,3
20,87,2,1,1,1,1,21,1,13,1,57,1,2,3
20,87,1,1,0,1,1,21,1,13,1,57,1,2,3
20,87,1,1,2,1,1,21,1,13,1,57,1,2,3
20,87,0,0,1,1,1,21,1,13,1,57,1,2,3
12,79,1,1,1,1,1,18,2,11,1,69,1,1,1
12,79,1,1,1,1,1,22,3,2,1,94,1,1,3
12,79,1,0,1,1,1,18,2,11,1,69,1,1,1
12,79,1,0,1,1,1,22,3,2,1,94,1,1,3
12,79,0,0,0,1,1,18,2,11,1,69,1,1,1
12,79,0,0,0,1,1,22,3,2,1,94,1,1,3
11,97,1,1,0,1,0,21,0,19,1,75,1,0,2
11,97,1,1,0,1,0,25,1,19,1,52,1,1,1
11,97,1,1,0,1,0,19,0,18,0,85,1,1,1
11,97,1,1,0,1,0,29,2,19,1,62,1,2,1
11,97,0,1,1,1,0,21,0,19,1,75,1,0,2
11,97,0,1,1,1,0,25,1,19,1,52,1,1,1
11,97,0,1,1,1,0,19,0,18,0,85,1,1,1
11,97,0,1,1,1,0,29,2,19,1,62,1,2,1
11,97,1,0,2,1,0,21,0,19,1,75,1,0,2
11,97,1,0,2,1,0,25,1,19,1,52,1,1,1
11,97,1,0,2,1,0,19,0,18,0,85,1,1,1
11,97,1,0,2,1,0,29,2,19,1,62,1,2,1
29,80,0,0,2,1,1,23,2,18,1,52,1,2,3
29,80,0,0,2,1,1,29,0,0,0,69,0,2,0
29,80,1,1,2,0,1,23,2,18,1,52,1,2,3
29,80,1,1,2,0,1,29,0,0,0,69,0,2,0
18,88,2,1,0,1,0,27,1,3,1,89,1,2,0
18,88,2,1,0,1,0,24,3,13,1,96,0,2,3
18,88,1,0,0,1,0,27,1,3,1,89,1,2,0
18,88,1,0,0,1,0,24,3,13,1,96,0,2,3
18,88,0,1,1,1,0,27,1,3,1,89,1,2,0
18,88,0,1,1,1,0,24,3,13,1,96,0,2,3
18,88,1,0,1,1,0,27,1,3,1,89,1,2,0
18,88,1,0,1,1,0,24,3,13,1,96,0,2,3
23,93,0,1,2,0,1,18,1,1,1,56,1,0,2
23,93,0,0,1,1,1,18,1,1,1,56,1,0,2
23,93,0,1,0,1,1,18,1,1,1,56,1,0,2
23,93,2,0,2,1,1,18,1,1,1,56,1,0,2
23,93,1,1,0,0,1,18,1,1,1,56,1,0,2
26,99,2,1,2,1,0,24,2,13,0,65,1,2,2
26,99,2,1,2,1,0,29,0,1,1,93,1,1,1
21,95,0,1,1,1,0,25,1,20,0,53,1,1,0
21,95,0,1,1,1,0,21,2,13,0,60,0,0,0
21,95,1,1,1,1,0,25,1,20,0,53,1,1,0
21,95,1,1,1,1,0,21,2,13,0,60,0,0,0
18,71,0,0,1,1,0,25,3,13,0,83,0,2,2
18,71,0,0,1,1,0,20,0,14,0,67,1,2,3
18,71,1,0,2,1,0,25,3,13,0,83,0,2,2
18,71,1,0,2,1,0,20,0,14,0,67,1,2,3
18,71,1,1,0,1,0,25,3,13,0,83,0,2,2
18,71,1,1,0,1,0,20,0,14,0,67,1,2,3
18,71,1,0,1,1,0,25,3,13,0,83,0,2,2
18,71,1,0,1,1,0,20,0,14,0,67,1,2,3
18,71,2,1,1,1,0,25,3,13,0,83,0,2,2
18,71,2,1,1,1,0,20,0,14,0,67,1,2,3
18,71,0,1,1,1,0,25,3,13,0,83,0,2,2
18,71,0,1,1,1,0,20,0,14,0,67,1,2,3
20,64,2,0,1,1,0,27,2,20,0,82,0,0,3
20,64,1,1,1,1,0,27,2,20,0,82,0,0,3
20,64,2,0,2,0,0,27,2,20,0,82,0,0,3
20,64,1,0,1,1,0,27,2,20,0,82,0,0,3
20,64,0,1,2,1,0,27,2,20,0,82,0,0,3
24,85,1,1,1,1,0,20,1,8,1,95,1,1,3
24,85,1,1,1,1,0,23,0,5,1,100,1,1,2
24,85,1,1,1,0,0,20,1,8,1,95,1,1,3
24,85,1,1,1,0,0,23,0,5,1,100,1,1,2
24,85,1,1,2,1,0,20,1,8,1,95,1,1,3
24,85,1,1,2,1,0,23,0,5,1,100,1,1,2
24,85,1,1,0,1,0,20,1,8,1,95,1,1,3
24,85,1,1,0,1,0,23,0,5,1,100,1,1,2
24,85,2,0,1,1,0,20,1,8,1,95,1,1,3
24,85,2,0,1,1,0,23,0,5,1,100,1,1,2
20,85,2,0,1,1,0,19,1,0,1,89,0,2,0
20,85,2,0,1,1,0,20,1,11,1,84,1,0,3
8,67,1,1,0,1,0,29,1,19,1,68,0,2,2
8,67,1,1,0,1,0,29,1,19,1,72,1,0,3
25,64,0,1,0,1,0,21,1,9,1,87,1,0,3
25,64,0,1,0,1,0,18,1,3,1,94,1,1,1
25,64,0,1,0,1,0,18,2,12,0,85,1,0,2
25,64,0,1,0,1,0,26,3,1,0,98,1,2,0
25,64,0,1,0,1,0,23,2,4,1,58,1,1,2
25,64,0,1,0,1,0,28,3,18,0,60,1,2,0
25,64,0,1,0,1,0,21,2,8,1,71,0,1,3
33,74,1,0,1,1,0,20,2,15,1,87,1,2,3
24,80,1,0,1,1,1,24,3,16,1,98,1,2,3
24,80,1,0,1,1,1,22,1,20,0,51,1,1,3
24,80,1,0,1,1,1,27,1,1,1,96,0,2,2
24,80,1,0,1,1,1,28,1,16,0,71,1,2,0
24,80,1,0,1,1,1,28,1,15,0,88,0,2,1
24,80,2,1,2,1,1,24,3,16,1,98,1,2,3
24,80,2,1,2,1,1,22,1,20,0,51,1,1,3
24,80,2,1,2,1,1,27,1,1,1,96,0,2,2
24,80,2,1,2,1,1,28,1,16,0,71,1,2,0
24,80,2,1,2,1,1,28,1,15,0,88,0,2,1
24,80,1,1,0,1,1,24,3,16,1,98,1,2,3
24,80,1,1,0,1,1,22,1,20,0,51,1,1,3
24,80,1,1,0,1,1,27,1,1,1,96,0,2,2
24,80,1,1,0,1,1,28,1,16,0,71,1,2,0
24,80,1,1,0,1,1,28,1,15,0,88,0,2,1
24,80,2,0,1,1,1,24,3,16,1,98,1,2,3
24,80,2,0,1,1,1,22,1,20,0,51,1,1,3
24,80,2,0,1,1,1,27,1,1,1,96,0,2,2
24,80,2,0,1,1,1,28,1,16,0,71,1,2,0
24,80,2,0,1,1,1,28,1,15,0,88,0,2,1
24,80,2,0,2,1,1,24,3,16,1,98,1,2,3
24,80,2,0,2,1,1,22,1,20,0,51,1,1,3
24,80,2,0,2,1,1,27,1,1,1,96,0,2,2
24,80,2,0,2,1,1,28,1,16,0,71,1,2,0
24,80,2,0,2,1,1,28,1,15,0,88,0,2,1
24,80,1,0,0,1,1,24,3,16,1,98,1,2,3
24,80,1,0,0,1,1,22,1,20,0,51,1,1,3
24,80,1,0,0,1,1,27,1,1,1,96,0,2,2
24,80,1,0,0,1,1,28,1,16,0,71,1,2,0
24,80,1,0,0,1,1,28,1,15,0,88,0,2,1
24,80,2,1,1,1,1,24,3,16,1,98,1,2,3
24,80,2,1,1,1,1,22,1,20,0,51,1,1,3
24,80,2,1,1,1,1,27,1,1,1,96,0,2,2
24,80,2,1,1,1,1,28,1,16,0,71,1,2,0
24,80,2,1,1,1,1,28,1,15,0,88,0,2,1
14,77,2,0,1,1,0,21,1,5,0,68,1,0,0
14,77,2,0,1,1,0,20,1,13,1,77,1,2,0
14,77,2,0,1,1,0,18,2,20,1,67,1,2,2
14,77,0,0,0,1,0,21,1,5,0,68,1,0,0
14,77,0,0,0,1,0,20,1,13,1,77,1,2,0
14,77,0,0,0,1,0,18,2,20,1,67,1,2,2
14,77,1,1,0,1,0,21,1,5,0,68,1,0,0
14,77,1,1,0,1,0,20,1,13,1,77,1,2,0
14,77,1,1,0,1,0,18,2,20,1,67,1,2,2
16,98,0,1,1,1,1,23,0,1,1,79,1,2,2
16,98,0,1,1,1,1,28,0,11,0,63,1,2,3
16,98,0,1,1,1,1,18,3,19,0,73,0,1,1
16,98,0,1,1,1,1,24,0,16,0,65,0,1,2
16,98,0,1,1,1,1,27,0,0,1,84,1,2,0
16,98,0,0,0,1,1,23,0,1,1,79,1,2,2
16,98,0,0,0,1,1,28,0,11,0,63,1,2,3
16,98,0,0,0,1,1,18,3,19,0,73,0,1,1
16,98,0,0,0,1,1,24,0,16,0,65,0,1,2
16,98,0,0,0,1,1,27,0,0,1,84,1,2,0
16,98,1,1,0,1,1,23,0,1,1,79,1,2,2
16,98,1,1,0,1,1,28,0,11,0,63,1,2,3
16,98,1,1,0,1,1,18,3,19,0,73,0,1,1
16,98,1,1,0,1,1,24,0,16,0,65,0,1,2
16,98,1,1,0,1,1,27,0,0,1,84,1,2,0
31,69,1,0,1,0,1,29,1,3,0,55,1,1,0
31,69,1,0,1,0,1,20,1,20,0,98,1,2,2
31,69,0,1,1,1,1,29,1,3,0,55,1,1,0
31,69,0,1,1,1,1,20,1,20,0,98,1,2,2
31,69,0,1,0,1,1,29,1,3,0,55,1,1,0
31,69,0,1,0,1,1,20,1,20,0,98,1,2,2
19,81,2,0,0,0,0,18,1,16,0,85,1,0,2
19,81,2,0,0,0,0,20,2,2,1,76,1,2,1
19,81,1,0,1,1,0,18,1,16,0,85,1,0,2
19,81,1,0,1,1,0,20,2,2,1,76,1,2,1
19,81,2,1,1,0,0,18,1,16,0,85,1,0,2
19,81,2,1,1,0,0,20,2,2,1,76,1,2,1
19,81,2,0,1,1,0,18,1,16,0,85,1,0,2
19,81,2,0,1,1,0,20,2,2,1,76,1,2,1
21,89,1,1,0,1,1,29,0,4,0,86,1,1,3
21,89,0,1,1,1,1,29,0,4,0,86,1,1,3
21,89,2,1,1,1,1,29,0,4,0,86,1,1,3
21,89,1,0,1,1,1,29,0,4,0,86,1,1,3
21,89,1,0,0,1,1,29,0,4,0,86,1,1,3
23,97,0,1,1,1,1,23,0,11,0,86,1,2,1
23,97,0,1,1,1,1,29,1,17,0,55,1,1,1
23,97,0,1,1,1,1,20,2,9,0,60,1,0,0
23,97,2,1,0,1,1,23,0,11,0,86,1,2,1
23,97,2,1,0,1,1,29,1,17,0,55,1,1,1
23,97,2,1,0,1,1,20,2,9,0,60,1,0,0
23,97,2,0,1,0,1,23,0,11,0,86,1,2,1
23,97,2,0,1,0,1,29,1,17,0,55,1,1,1
23,97,2,0,1,0,1,20,2,9,0,60,1,0,0
23,97,1,1,1,1,1,23,0,11,0,86,1,2,1
23,97,1,1,1,1,1,29,1,17,0,55,1,1,1
23,97,1,1,1,1,1,20,2,9,0,60,1,0,0
23,97,2,1,0,0,1,23,0,11,0,86,1,2,1
23,97,2,1,0,0,1,29,1,17,0,55,1,1,1
23,97,2,1,0,0,1,20,2,9,0,60,1,0,0
23,97,0,1,2,1,1,23,0,11,0,86,1,2,1
23,97,0,1,2,1,1,29,1,17,0,55,1,1,1
23,97,0,1,2,1,1,20,2,9,0,60,1,0,0
23,97,2,1,1,1,1,23,0,11,0,86,1,2,1
23,97,2,1,1,1,1,29,1,17,0,55,1,1,1
23,97,2,1,1,1,1,20,2,9,0,60,1,0,0
21,75,1,1,0,1,1,18,1,12,1,100,0,2,2
21,75,1,1,0,1,1,25,1,2,1,56,1,2,2
21,75,1,1,0,1,1,25,2,12,1,86,0,2,2
21,75,1,1,0,1,1,20,1,10,0,69,0,1,3
21,75,1,1,0,1,1,19,3,9,1,50,1,1,0
21,75,2,1,1,1,1,18,1,12,1,100,0,2,2
21,75,2,1,1,1,1,25,1,2,1,56,1,2,2
21,75,2,1,1,1,1,25,2,12,1,86,0,2,2
21,75,2,1,1,1,1,20,1,10,0,69,0,1,3
21,75,2,1,1,1,1,19,3,9,1,50,1,1,0
21,75,0,1,2,1,1,18,1,12,1,100,0,2,2
21,75,0,1,2,1,1,25,1,2,1,56,1,2,2
21,75,0,1,2,1,1,25,2,12,1,86,0,2,2
21,75,0,1,2,1,1,20,1,10,0,69,0,1,3
21,75,0,1,2,1,1,19,3,9,1,50,1,1,0
21,75,1,1,1,1,1,18,1,12,1,100,0,2,2
21,75,1,1,1,1,1,25,1,2,1,56,1,2,2
21,75,1,1,1,1,1,25,2,12,1,86,0,2,2
21,75,1,1,1,1,1,20,1,10,0,69,0,1,3
21,75,1,1,1,1,1,19,3,9,1,50,1,1,0
21,75,0,1,1,1,1,18,1,12,1,100,0,2,2
21,75,0,1,1,1,1,25,1,2,1,56,1,2,2
21,75,0,1,1,1,1,25,2,12,1,86,0,2,2
21,75,0,1,1,1,1,20,1,10,0,69,0,1,3
21,75,0,1,1,1,1,19,3,9,1,50,1,1,0
34,64,1,0,2,1,0,26,3,2,0,85,1,1,1
21,72,2,0,0,0,0,25,2,13,1,94,1,1,2
21,72,2,0,0,0,0,23,2,3,0,84,0,2,0
21,72,2,1,0,1,0,25,2,13,1,94,1,1,2
21,72,2,1,0,1,0,23,2,3,0,84,0,2,0
21,72,0,1,0,1,0,25,2,13,1,94,1,1,2
21,72,0,1,0,1,0,23,2,3,0,84,0,2,0
26,66,1,0,1,1,0,27,3,8,1,66,1,2,3
26,66,1,0,1,1,0,24,3,14,0,57,1,1,0
26,66,1,0,1,1,0,22,3,0,0,90,0,0,1
26,66,1,1,2,1,0,27,3,8,1,66,1,2,3
26,66,1,1,2,1,0,24,3,14,0,57,1,1,0
26,66,1,1,2,1,0,22,3,0,0,90,0,0,1
26,66,2,0,2,1,0,27,3,8,1,66,1,2,3
26,66,2,0,2,1,0,24,3,14,0,57,1,1,0
26,66,2,0,2,1,0,22,3,0,0,90,0,0,1
26,66,2,1,1,1,0,27,3,8,1,66,1,2,3
26,66,2,1,1,1,0,24,3,14,0,57,1,1,0
26,66,2,1,1,1,0,22,3,0,0,90,0,0,1
27,82,2,0,0,1,1,26,1,16,0,55,1,2,0
27,82,2,0,0,1,1,27,1,11,1,69,0,1,3
27,82,2,0,0,1,1,27,3,17,1,73,1,1,3
27,82,2,0,0,1,1,19,3,1,0,62,0,1,2
27,82,1,1,0,1,1,26,1,16,0,55,1,2,0
27,82,1,1,0,1,1,27,1,11,1,69,0,1,3
27,82,1,1,0,1,1,27,3,17,1,73,1,1,3
27,82,1,1,0,1,1,19,3,1,0,62,0,1,2
27,82,1,1,0,0,1,26,1,16,0,55,1,2,0
27,82,1,1,0,0,1,27,1,11,1,69,0,1,3
27,82,1,1,0,0,1,27,3,17,1,73,1,1,3
27,82,1,1,0,0,1,19,3,1,0,62,0,1,2
27,82,1,0,2,1,1,26,1,16,0,55,1,2,0
27,82,1,0,2,1,1,27,1,11,1,69,0,1,3
27,82,1,0,2,1,1,27,3,17,1,73,1,1,3
27,82,1,0,2,1,1,19,3,1,0,62,0,1,2
27,82,0,1,1,1,1,26,1,16,0,55,1,2,0
27,82,0,1,1,1,1,27,1,11,1,69,0,1,3
27,82,0,1,1,1,1,27,3,17,1,73,1,1,3
27,82,0,1,1,1,1,19,3,1,0,62,0,1,2
27,81,1,0,1,1,1,21,3,17,1,95,0,1,0
27,81,1,0,1,1,1,18,2,5,1,59,1,0,0
27,81,1,0,1,1,1,25,2,7,0,89,1,0,0
27,81,0,1,1,1,1,21,3,17,1,95,0,1,0
27,81,0,1,1,1,1,18,2,5,1,59,1,0,0
27,81,0,1,1,1,1,25,2,7,0,89,1,0,0
27,81,2,0,0,1,1,21,3,17,1,95,0,1,0
27,81,2,0,0,1,1,18,2,5,1,59,1,0,0
27,81,2,0,0,1,1,25,2,7,0,89,1,0,0
13,88,0,1,0,1,0,25,2,20,1,95,1,0,1
13,88,1,0,0,1,0,25,2,20,1,95,1,0,1
13,88,1,1,1,1,0,25,2,20,1,95,1,0,1
13,88,1,1,2,1,0,25,2,20,1,95,1,0,1
30,85,1,1,0,1,0,18,1,2,1,76,1,0,1
30,85,1,1,0,1,0,29,1,16,1,57,0,2,1
30,85,1,1,0,1,0,28,3,1,1,72,0,0,1
30,85,1,1,0,1,0,28,1,10,1,99,1,2,0
30,85,1,1,0,1,0,19,2,7,1,53,0,2,3
30,85,0,1,2,1,0,18,1,2,1,76,1,0,1
30,85,0,1,2,1,0,29,1,16,1,57,0,2,1
30,85,0,1,2,1,0,28,3,1,1,72,0,0,1
30,85,0,1,2,1,0,28,1,10,1,99,1,2,0
30,85,0,1,2,1,0,19,2,7,1,53,0,2,3
30,85,1,0,1,1,0,18,1,2,1,76,1,0,1
30,85,1,0,1,1,0,29,1,16,1,57,0,2,1
30,85,1,0,1,1,0,28,3,1,1,72,0,0,1
30,85,1,0,1,1,0,28,1,10,1,99,1,2,0
30,85,1,0,1,1,0,19,2,7,1,53,0,2,3
30,85,1,0,0,1,0,18,1,2,1,76,1,0,1
30,85,1,0,0,1,0,29,1,16,1,57,0,2,1
30,85,1,0,0,1,0,28,3,1,1,72,0,0,1
30,85,1,0,0,1,0,28,1,10,1,99,1,2,0
30,85,1,0,0,1,0,19,2,7,1,53,0,2,3
13,68,1,1,1,1,1,19,2,10,0,78,1,2,2
13,68,1,1,1,1,1,25,0,9,0,88,1,1,3
13,68,1,1,1,1,1,27,3,17,0,93,1,2,0
13,68,0,1,1,1,1,19,2,10,0,78,1,2,2
13,68,0,1,1,1,1,25,0,9,0,88,1,1,3
13,68,0,1,1,1,1,27,3,17,0,93,1,2,0
30,98,0,1,2,1,1,21,2,10,1,60,1,2,3
30,98,0,1,1,1,1,21,2,10,1,60,1,2,3
30,98,2,0,2,1,1,21,2,10,1,60,1,2,3
30,98,1,0,2,1,1,21,2,10,1,60,1,2,3
30,98,1,1,1,1,1,21,2,10,1,60,1,2,3
23,87,2,0,1,1,0,22,2,13,1,62,1,1,2
23,87,2,0,1,1,0,22,2,1,1,81,1,2,3
23,87,0,0,0,1,0,22,2,13,1,62,1,1,2
23,87,0,0,0,1,0,22,2,1,1,81,1,2,3
23,87,2,0,2,1,0,22,2,13,1,62,1,1,2
23,87,2,0,2,1,0,22,2,1,1,81,1,2,3
23,87,2,1,2,1,0,22,2,13,1,62,1,1,2
23,87,2,1,2,1,0,22,2,1,1,81,1,2,3
23,87,1,0,1,1,0,22,2,13,1,62,1,1,2
23,87,1,0,1,1,0,22,2,1,1,81,1,2,3
23,87,0,1,1,1,0,22,2,13,1,62,1,1,2
23,87,0,1,1,1,0,22,2,1,1,81,1,2,3
26,78,2,1,0,1,0,19,2,15,0,53,1,2,1
26,78,2,1,0,1,0,18,1,14,1,65,1,1,3
26,78,2,1,0,1,0,20,0,5,0,59,1,2,1
26,78,2,1,0,1,0,25,0,13,0,78,0,1,2
26,78,2,1,1,0,0,19,2,15,0,53,1,2,1
26,78,2,1,1,0,0,18,1,14,1,65,1,1,3
26,78,2,1,1,0,0,20,0,5,0,59,1,2,1
26,78,2,1,1,0,0,25,0,13,0,78,0,1,2
26,78,1,0,1,1,0,19,2,15,0,53,1,2,1
26,78,1,0,1,1,0,18,1,14,1,65,1,1,3
26,78,1,0,1,1,0,20,0,5,0,59,1,2,1
26,78,1,0,1,1,0,25,0,13,0,78,0,1,2
27,96,2,1,0,0,1,28,2,0,0,89,1,2,3
27,96,0,1,1,1,1,28,2,0,0,89,1,2,3
27,96,1,0,1,1,1,28,2,0,0,89,1,2,3
13,64,0,1,1,1,1,21,1,11,1,72,0,2,0
13,64,2,1,0,1,1,21,1,11,1,72,0,2,0
13,64,0,1,2,1,1,21,1,11,1,72,0,2,0
13,64,2,1,1,1,1,21,1,11,1,72,0,2,0
18,63,2,0,1,1,0,21,0,18,1,85,0,1,0
18,63,2,0,1,1,0,27,1,18,1,93,0,2,3
18,63,0,0,1,1,0,21,0,18,1,85,0,1,0
18,63,0,0,1,1,0,27,1,18,1,93,0,2,3
18,63,2,1,1,1,0,21,0,18,1,85,0,1,0
18,63,2,1,1,1,0,27,1,18,1,93,0,2,3
18,63,1,1,0,1,0,21,0,18,1,85,0,1,0
18,63,1,1,0,1,0,27,1,18,1,93,0,2,3
28,97,1,0,0,1,0,21,1,3,1,98,1,2,1
28,97,0,1,0,1,0,21,1,3,1,98,1,2,1
19,75,1,0,2,1,1,19,3,18,0,57,0,0,3
19,75,1,0,2,1,1,28,3,1,0,57,0,2,3
19,75,2,1,2,1,1,19,3,18,0,57,0,0,3
19,75,2,1,2,1,1,28,3,1,0,57,0,2,3
19,75,1,0,0,1,1,19,3,18,0,57,0,0,3
19,75,1,0,0,1,1,28,3,1,0,57,0,2,3
19,75,1,1,0,1,1,19,3,18,0,57,0,0,3
19,75,1,1,0,1,1,28,3,1,0,57,0,2,3
20,78,1,0,0,1,0,22,3,3,1,93,1,2,2
20,78,1,0,0,1,0,21,1,9,1,51,0,2,2
20,78,1,0,0,1,0,19,1,10,0,51,1,0,0
20,78,2,1,1,1,0,22,3,3,1,93,1,2,2
20,78,2,1,1,1,0,21,1,9,1,51,0,2,2
20,78,2,1,1,1,0,19,1,10,0,51,1,0,0
20,78,1,0,2,0,0,22,3,3,1,93,1,2,2
20,78,1,0,2,0,0,21,1,9,1,51,0,2,2
20,78,1,0,2,0,0,19,1,10,0,51,1,0,0
20,78,0,0,1,1,0,22,3,3,1,93,1,2,2
20,78,0,0,1,1,0,21,1,9,1,51,0,2,2
20,78,0,0,1,1,0,19,1,10,0,51,1,0,0
13,85,2,1,1,0,0,27,0,2,1,75,0,2,1
13,85,2,1,1,0,0,28,1,18,1,75,0,1,3
13,85,0,1,1,1,0,27,0,2,1,75,0,2,1
13,85,0,1,1,1,0,28,1,18,1,75,0,1,3
13,85,2,1,1,1,0,27,0,2,1,75,0,2,1
13,85,2,1,1,1,0,28,1,18,1,75,0,1,3
13,85,2,1,2,1,0,27,0,2,1,75,0,2,1
13,85,2,1,2,1,0,28,1,18,1,75,0,1,3
30,61,2,0,0,1,1,27,0,17,1,75,1,0,2
14,67,2,0,0,1,0,26,1,16,1,89,1,1,1
14,67,2,0,0,1,0,19,1,2,0,91,1,2,1
14,67,2,0,0,1,0,29,0,19,1,78,1,2,1
14,67,2,0,0,1,0,21,0,13,1,75,1,2,0
14,67,2,0,0,1,0,29,1,15,1,78,1,0,1
14,67,0,0,1,1,0,26,1,16,1,89,1,1,1
14,67,0,0,1,1,0,19,1,2,0,91,1,2,1
14,67,0,0,1,1,0,29,0,19,1,78,1,2,1
14,67,0,0,1,1,0,21,0,13,1,75,1,2,0
14,67,0,0,1,1,0,29,1,15,1,78,1,0,1
14,67,0,1,0,1,0,26,1,16,1,89,1,1,1
14,67,0,1,0,1,0,19,1,2,0,91,1,2,1
14,67,0,1,0,1,0,29,0,19,1,78,1,2,1
14,67,0,1,0,1,0,21,0,13,1,75,1,2,0
14,67,0,1,0,1,0,29,1,15,1,78,1,0,1
14,67,1,1,1,0,0,26,1,16,1,89,1,1,1
14,67,1,1,1,0,0,19,1,2,0,91,1,2,1
14,67,1,1,1,0,0,29,0,19,1,78,1,2,1
14,67,1,1,1,0,0,21,0,13,1,75,1,2,0
14,67,1,1,1,0,0,29,1,15,1,78,1,0,1
7,74,2,0,2,1,1,26,3,13,1,61,1,1,3
7,74,1,0,2,1,1,26,3,13,1,61,1,1,3
16,74,0,0,2,1,0,18,0,15,1,72,0,1,0
16,74,0,0,2,1,0,21,1,17,1,59,1,0,3
16,74,1,1,0,1,0,18,0,15,1,72,0,1,0
16,74,1,1,0,1,0,21,1,17,1,59,1,0,3
16,74,2,1,1,1,0,18,0,15,1,72,0,1,0
16,74,2,1,1,1,0,21,1,17,1,59,1,0,3
16,74,2,1,0,1,0,18,0,15,1,72,0,1,0
16,74,2,1,0,1,0,21,1,17,1,59,1,0,3
16,74,0,1,1,1,0,18,0,15,1,72,0,1,0
16,74,0,1,1,1,0,21,1,17,1,59,1,0,3
16,74,1,0,1,1,0,18,0,15,1,72,0,1,0
16,74,1,0,1,1,0,21,1,17,1,59,1,0,3
12,79,2,0,1,1,0,26,3,8,0,50,1,2,2
12,79,1,0,2,1,0,26,3,8,0,50,1,2,2
12,79,1,1,0,1,0,26,3,8,0,50,1,2,2
30,73,1,0,1,1,1,29,0,12,0,64,1,1,0
30,73,1,0,1,1,1,25,0,18,1,65,0,1,0
30,73,1,0,1,1,1,27,2,5,1,65,1,0,1
30,73,1,0,1,1,1,28,1,4,1,74,1,2,0
30,73,1,0,1,1,1,22,2,16,1,89,1,2,1
30,73,1,1,0,1,1,29,0,12,0,64,1,1,0
30,73,1,1,0,1,1,25,0,18,1,65,0,1,0
30,73,1,1,0,1,1,27,2,5,1,65,1,0,1
30,73,1,1,0,1,1,28,1,4,1,74,1,2,0
30,73,1,1,0,1,1,22,2,16,1,89,1,2,1
26,64,2,0,0,1,1,28,0,12,1,52,1,1,0
26,64,2,0,0,1,1,27,1,2,1,53,1,1,1
26,64,1,0,2,1,1,28,0,12,1,52,1,1,0
26,64,1,0,2,1,1,27,1,2,1,53,1,1,1
26,64,2,0,1,1,1,28,0,12,1,52,1,1,0
26,64,2,0,1,1,1,27,1,2,1,53,1,1,1
26,64,1,0,1,1,1,28,0,12,1,52,1,1,0
26,64,1,0,1,1,1,27,1,2,1,53,1,1,1
26,64,0,1,0,1,1,28,0,12,1,52,1,1,0
26,64,0,1,0,1,1,27,1,2,1,53,1,1,1
26,64,1,1,2,1,1,28,0,12,1,52,1,1,0
26,64,1,1,2,1,1,27,1,2,1,53,1,1,1
26,64,2,1,1,0,1,28,0,12,1,52,1,1,0
26,64,2,1,1,0,1,27,1,2,1,53,1,1,1
16,66,0,0,0,1,1,29,3,20,0,57,1,0,1
16,66,0,0,0,1,1,26,1,13,0,82,0,2,1
16,66,0,0,0,1,1,25,3,7,1,66,0,2,2
16,66,1,1,1,1,1,29,3,20,0,57,1,0,1
16,66,1,1,1,1,1,26,1,13,0,82,0,2,1
16,66,1,1,1,1,1,25,3,7,1,66,0,2,2
16,66,1,0,1,1,1,29,3,20,0,57,1,0,1
16,66,1,0,1,1,1,26,1,13,0,82,0,2,1
16,66,1,0,1,1,1,25,3,7,1,66,0,2,2
16,66,1,1,0,1,1,29,3,20,0,57,1,0,1
16,66,1,1,0,1,1,26,1,13,0,82,0,2,1
16,66,1,1,0,1,1,25,3,7,1,66,0,2,2
16,66,2,0,1,1,1,29,3,20,0,57,1,0,1
16,66,2,0,1,1,1,26,1,13,0,82,0,2,1
16,66,2,0,1,1,1,25,3,7,1,66,0,2,2
16,66,2,0,2,0,1,29,3,20,0,57,1,0,1
16,66,2,0,2,0,1,26,1,13,0,82,0,2,1
16,66,2,0,2,0,1,25,3,7,1,66,0,2,2
16,66,1,1,2,1,1,29,3,20,0,57,1,0,1
16,66,1,1,2,1,1,26,1,13,0,82,0,2,1
16,66,1,1,2,1,1,25,3,7,1,66,0,2,2
34,61,1,0,1,1,1,28,3,11,1,97,1,1,1
34,61,1,0,1,1,1,20,1,10,0,53,1,1,2
34,61,1,0,1,1,1,21,1,15,1,69,1,2,3
34,61,1,0,1,1,1,29,3,9,1,51,1,1,2
34,61,1,1,2,1,1,28,3,11,1,97,1,1,1
34,61,1,1,2,1,1,20,1,10,0,53,1,1,2
34,61,1,1,2,1,1,21,1,15,1,69,1,2,3
34,61,1,1,2,1,1,29,3,9,1,51,1,1,2
26,79,0,0,1,1,1,25,2,13,1,93,1,2,3
26,79,0,0,1,1,1,29,2,20,1,90,1,1,1
26,79,0,0,1,1,1,27,3,0,0,89,1,1,1
26,79,0,0,1,1,1,25,3,7,0,55,0,0,1
26,79,2,0,1,1,1,25,2,13,1,93,1,2,3
26,79,2,0,1,1,1,29,2,20,1,90,1,1,1
26,79,2,0,1,1,1,27,3,0,0,89,1,1,1
26,79,2,0,1,1,1,25,3,7,0,55,0,0,1
26,79,0,1,1,1,1,25,2,13,1,93,1,2,3
26,79,0,1,1,1,1,29,2,20,1,90,1,1,1
26,79,0,1,1,1,1,27,3,0,0,89,1,1,1
26,79,0,1,1,1,1,25,3,7,0,55,0,0,1
26,79,2,1,0,0,1,25,2,13,1,93,1,2,3
26,79,2,1,0,0,1,29,2,20,1,90,1,1,1
26,79,2,1,0,0,1,27,3,0,0,89,1,1,1
26,79,2,1,0,0,1,25,3,7,0,55,0,0,1
18,98,0,0,1,1,1,26,0,8,1,72,1,2,3
18,98,2,1,1,1,1,26,0,8,1,72,1,2,3
18,98,1,1,1,1,1,26,0,8,1,72,1,2,3
18,98,1,0,1,1,1,26,0,8,1,72,1,2,3
18,98,1,0,0,1,1,26,0,8,1,72,1,2,3
18,98,0,1,0,1,1,26,0,8,1,72,1,2,3
5,65,2,1,0,1,1,28,0,16,0,62,1,0,0
5,65,2,1,0,1,1,19,2,19,1,55,1,1,1
5,65,2,1,0,1,1,21,3,8,1,90,0,2,3
5,65,2,0,1,1,1,28,0,16,0,62,1,0,0
5,65,2,0,1,1,1,19,2,19,1,55,1,1,1
5,65,2,0,1,1,1,21,3,8,1,90,0,2,3
34,98,2,0,1,1,1,26,2,11,1,64,0,2,3
34,98,2,0,1,1,1,20,1,10,1,53,0,1,3
34,98,2,0,1,1,1,25,3,0,1,82,0,1,3
12,89,1,1,1,1,1,23,3,9,0,65,1,2,3
12,89,1,1,1,1,1,29,0,11,1,93,1,1,0
12,89,1,1,1,1,1,19,2,19,1,88,0,1,0
12,89,1,1,1,1,1,29,1,14,0,58,1,2,3
12,89,1,1,1,1,1,27,2,18,1,55,1,2,1
12,89,0,1,0,1,1,23,3,9,0,65,1,2,3
12,89,0,1,0,1,1,29,0,11,1,93,1,1,0
12,89,0,1,0,1,1,19,2,19,1,88,0,1,0
12,89,0,1,0,1,1,29,1,14,0,58,1,2,3
12,89,0,1,0,1,1,27,2,18,1,55,1,2,1
12,89,0,1,1,1,1,23,3,9,0,65,1,2,3
12,89,0,1,1,1,1,29,0,11,1,93,1,1,0
12,89,0,1,1,1,1,19,2,19,1,88,0,1,0
12,89,0,1,1,1,1,29,1,14,0,58,1,2,3
12,89,0,1,1,1,1,27,2,18,1,55,1,2,1
12,89,2,0,1,0,1,23,3,9,0,65,1,2,3
12,89,2,0,1,0,1,29,0,11,1,93,1,1,0
12,89,2,0,1,0,1,19,2,19,1,88,0,1,0
12,89,2,0,1,0,1,29,1,14,0,58,1,2,3
12,89,2,0,1,0,1,27,2,18,1,55,1,2,1
10,85,1,1,0,1,1,25,1,2,1,59,0,2,2
10,85,0,1,2,1,1,25,1,2,1,59,0,2,2
26,86,2,1,1,1,0,19,1,9,1,91,1,0,0
26,86,0,0,0,1,0,19,1,9,1,91,1,0,0
26,86,0,0,1,1,0,19,1,9,1,91,1,0,0
35,93,1,1,1,1,0,26,3,16,0,88,1,2,1
35,93,1,1,1,1,0,23,3,5,1,62,1,2,0
28,64,2,1,0,1,1,23,3,19,1,80,1,1,1
28,64,2,1,0,1,1,20,0,2,1,100,1,1,2
28,64,2,1,0,1,1,24,0,10,0,63,0,1,2
28,64,1,1,1,1,1,23,3,19,1,80,1,1,1
28,64,1,1,1,1,1,20,0,2,1,100,1,1,2
28,64,1,1,1,1,1,24,0,10,0,63,0,1,2
28,64,0,1,1,1,1,23,3,19,1,80,1,1,1
28,64,0,1,1,1,1,20,0,2,1,100,1,1,2
28,64,0,1,1,1,1,24,0,10,0,63,0,1,2
28,64,1,0,0,1,1,23,3,19,1,80,1,1,1
28,64,1,0,0,1,1,20,0,2,1,100,1,1,2
28,64,1,0,0,1,1,24,0,10,0,63,0,1,2
24,88,1,0,0,1,0,25,0,11,1,96,0,1,2
24,88,1,0,0,1,0,23,1,5,0,66,0,2,0
24,88,1,0,0,1,0,20,3,6,1,62,1,2,3
24,88,1,0,0,1,0,24,0,6,1,61,1,2,2
24,88,1,1,1,1,0,25,0,11,1,96,0,1,2
24,88,1,1,1,1,0,23,1,5,0,66,0,2,0
24,88,1,1,1,1,0,20,3,6,1,62,1,2,3
24,88,1,1,1,1,0,24,0,6,1,61,1,2,2
24,88,2,0,1,1,0,25,0,11,1,96,0,1,2
24,88,2,0,1,1,0,23,1,5,0,66,0,2,0
24,88,2,0,1,1,0,20,3,6,1,62,1,2,3
24,88,2,0,1,1,0,24,0,6,1,61,1,2,2
15,75,2,1,2,1,0,23,0,18,0,56,0,0,0
15,75,1,0,0,0,0,23,0,18,0,56,0,0,0
15,75,1,1,1,1,0,23,0,18,0,56,0,0,0
15,75,2,0,0,1,0,23,0,18,0,56,0,0,0
18,74,1,0,2,1,0,22,3,13,1,84,1,0,2
18,74,1,0,2,1,0,28,1,16,1,77,1,2,2
18,74,1,0,2,1,0,27,1,18,0,53,0,2,1
18,74,1,0,2,1,0,20,3,12,0,85,1,2,3
18,74,1,0,2,1,0,21,1,8,0,52,1,1,3
18,74,0,0,2,1,0,22,3,13,1,84,1,0,2
18,74,0,0,2,1,0,28,1,16,1,77,1,2,2
18,74,0,0,2,1,0,27,1,18,0,53,0,2,1
18,74,0,0,2,1,0,20,3,12,0,85,1,2,3
18,74,0,0,2,1,0,21,1,8,0,52,1,1,3
18,74,2,1,1,1,0,22,3,13,1,84,1,0,2
18,74,2,1,1,1,0,28,1,16,1,77,1,2,2
18,74,2,1,1,1,0,27,1,18,0,53,0,2,1
18,74,2,1,1,1,0,20,3,12,0,85,1,2,3
18,74,2,1,1,1,0,21,1,8,0,52,1,1,3
18,74,1,0,1,1,0,22,3,13,1,84,1,0,2
18,74,1,0,1,1,0,28,1,16,1,77,1,2,2
18,74,1,0,1,1,0,27,1,18,0,53,0,2,1
18,74,1,0,1,1,0,20,3,12,0,85,1,2,3
18,74,1,0,1,1,0,21,1,8,0,52,1,1,3
10,85,1,1,0,1,0,27,3,14,1,55,1,1,0
10,85,1,1,1,1,0,27,3,14,1,55,1,1,0
10,85,2,1,1,1,0,27,3,14,1,55,1,1,0
26,62,2,0,1,1,1,28,2,6,1,70,1,0,3
26,62,2,0,1,1,1,27,2,14,1,82,0,0,0
26,62,1,1,1,1,1,28,2,6,1,70,1,0,3
26,62,1,1,1,1,1,27,2,14,1,82,0,0,0
26,62,1,0,1,1,1,28,2,6,1,70,1,0,3
26,62,1,0,1,1,1,27,2,14,1,82,0,0,0
11,62,2,1,2,0,0,20,3,3,1,58,0,2,1
11,62,2,1,2,0,0,19,3,15,0,80,1,1,3
11,62,2,1,2,0,0,26,2,16,0,50,0,0,3
11,62,2,1,2,0,0,28,0,0,0,86,1,1,3
14,75,0,1,0,1,0,20,1,13,1,88,1,1,2
14,75,0,0,1,1,0,20,1,13,1,88,1,1,2
26,73,1,1,2,1,1,29,3,9,1,92,1,1,3
26,73,1,1,2,1,1,23,1,17,0,89,1,2,0
26,73,2,0,0,1,1,29,3,9,1,92,1,1,3
26,73,2,0,0,1,1,23,1,17,0,89,1,2,0
26,73,1,0,1,1,1,29,3,9,1,92,1,1,3
26,73,1,0,1,1,1,23,1,17,0,89,1,2,0
26,73,2,1,0,1,1,29,3,9,1,92,1,1,3
26,73,2,1,0,1,1,23,1,17,0,89,1,2,0
26,73,2,0,1,1,1,29,3,9,1,92,1,1,3
26,73,2,0,1,1,1,23,1,17,0,89,1,2,0
19,90,1,0,0,1,1,26,1,16,1,64,0,2,1
19,90,1,1,1,1,1,26,1,16,1,64,0,2,1
19,90,1,0,1,1,1,26,1,16,1,64,0,2,1
19,90,2,0,1,1,1,26,1,16,1,64,0,2,1
19,90,0,1,2,1,1,26,1,16,1,64,0,2,1
19,90,2,0,0,1,1,26,1,16,1,64,0,2,1
23,62,2,0,2,1,0,27,1,11,1,84,0,0,1
23,62,2,0,2,1,0,26,3,20,1,72,0,2,3
23,62,0,1,2,1,0,27,1,11,1,84,0,0,1
23,62,0,1,2,1,0,26,3,20,1,72,0,2,3
23,62,0,0,1,1,0,27,1,11,1,84,0,0,1
23,62,0,0,1,1,0,26,3,20,1,72,0,2,3
23,62,0,1,1,1,0,27,1,11,1,84,0,0,1
23,62,0,1,1,1,0,26,3,20,1,72,0,2,3
23,62,2,1,0,1,0,27,1,11,1,84,0,0,1
23,62,2,1,0,1,0,26,3,20,1,72,0,2,3
14,69,2,0,2,1,1,20,3,5,1,97,1,0,2
14,69,2,0,2,1,1,18,2,20,0,61,1,1,3
14,69,2,1,0,0,1,20,3,5,1,97,1,0,2
14,69,2,1,0,0,1,18,2,20,0,61,1,1,3
14,69,1,0,1,1,1,20,3,5,1,97,1,0,2
14,69,1,0,1,1,1,18,2,20,0,61,1,1,3
22,65,1,1,2,1,1,27,1,3,1,66,1,2,2
22,65,1,1,2,1,1,28,0,15,1,86,1,1,3
22,65,0,1,1,1,1,27,1,3,1,66,1,2,2
22,65,0,1,1,1,1,28,0,15,1,86,1,1,3
22,65,0,1,0,0,1,27,1,3,1,66,1,2,2
22,65,0,1,0,0,1,28,0,15,1,86,1,1,3
22,65,1,0,1,0,1,27,1,3,1,66,1,2,2
22,65,1,0,1,0,1,28,0,15,1,86,1,1,3
22,65,1,0,1,1,1,27,1,3,1,66,1,2,2
22,65,1,0,1,1,1,28,0,15,1,86,1,1,3
10,98,1,1,1,1,1,28,0,1,1,83,1,0,0
10,98,1,1,1,1,1,25,2,1,0,50,1,2,0
10,98,1,1,1,1,1,27,3,5,0,71,1,2,0
10,98,1,1,1,1,1,20,0,8,1,81,0,2,3
10,98,1,1,1,1,1,24,0,14,0,95,1,0,2
10,98,2,0,0,1,1,28,0,1,1,83,1,0,0
10,98,2,0,0,1,1,25,2,1,0,50,1,2,0
10,98,2,0,0,1,1,27,3,5,0,71,1,2,0
10,98,2,0,0,1,1,20,0,8,1,81,0,2,3
10,98,2,0,0,1,1,24,0,14,0,95,1,0,2
20,67,2,0,2,1,0,21,2,2,1,72,1,0,3
20,67,2,0,2,1,0,23,1,15,1,81,1,2,2
20,67,2,0,2,1,0,28,2,7,1,91,0,2,2
20,67,2,0,2,1,0,27,3,19,0,86,1,2,2
20,67,2,0,0,1,0,21,2,2,1,72,1,0,3
20,67,2,0,0,1,0,23,1,15,1,81,1,2,2
20,67,2,0,0,1,0,28,2,7,1,91,0,2,2
20,67,2,0,0,1,0,27,3,19,0,86,1,2,2
20,67,1,0,2,1,0,21,2,2,1,72,1,0,3
20,67,1,0,2,1,0,23,1,15,1,81,1,2,2
20,67,1,0,2,1,0,28,2,7,1,91,0,2,2
20,67,1,0,2,1,0,27,3,19,0,86,1,2,2
23,76,1,1,2,1,0,24,1,9,1,54,1,1,2
23,76,1,1,2,1,0,21,3,3,1,61,1,0,1
23,76,1,0,2,1,0,24,1,9,1,54,1,1,2
23,76,1,0,2,1,0,21,3,3,1,61,1,0,1
23,76,0,1,1,1,0,24,1,9,1,54,1,1,2
23,76,0,1,1,1,0,21,3,3,1,61,1,0,1
23,76,1,1,0,1,0,24,1,9,1,54,1,1,2
23,76,1,1,0,1,0,21,3,3,1,61,1,0,1
23,76,2,1,0,1,0,24,1,9,1,54,1,1,2
23,76,2,1,0,1,0,21,3,3,1,61,1,0,1
23,76,2,1,1,1,0,24,1,9,1,54,1,1,2
23,76,2,1,1,1,0,21,3,3,1,61,1,0,1
23,76,1,0,1,1,0,24,1,9,1,54,1,1,2
23,76,1,0,1,1,0,21,3,3,1,61,1,0,1
28,92,1,0,1,1,0,21,2,11,0,66,0,1,2
28,92,1,0,1,1,0,23,0,6,0,61,1,0,2
28,92,1,1,0,1,0,21,2,11,0,66,0,1,2
28,92,1,1,0,1,0,23,0,6,0,61,1,0,2
21,90,1,1,2,1,0,26,2,2,1,99,0,1,3
21,90,0,1,0,1,0,26,2,2,1,99,0,1,3
21,90,1,0,1,1,0,26,2,2,1,99,0,1,3
21,90,0,0,1,1,0,26,2,2,1,99,0,1,3
21,90,2,1,2,1,0,26,2,2,1,99,0,1,3
20,75,0,1,1,1,1,22,2,13,0,72,0,2,2
20,75,0,1,1,1,1,26,0,20,0,90,1,1,0
20,75,1,0,2,1,1,22,2,13,0,72,0,2,2
20,75,1,0,2,1,1,26,0,20,0,90,1,1,0
20,75,2,1,2,1,1,22,2,13,0,72,0,2,2
20,75,2,1,2,1,1,26,0,20,0,90,1,1,0
20,75,2,0,1,1,1,22,2,13,0,72,0,2,2
20,75,2,0,1,1,1,26,0,20,0,90,1,1,0
20,75,1,0,1,1,1,22,2,13,0,72,0,2,2
20,75,1,0,1,1,1,26,0,20,0,90,1,1,0
16,80,2,1,0,1,0,23,2,13,1,89,1,2,0
16,80,2,1,0,1,0,19,1,1,1,94,1,2,0
16,80,2,1,0,1,0,21,0,15,1,59,0,2,3
16,80,0,0,0,1,0,23,2,13,1,89,1,2,0
16,80,0,0,0,1,0,19,1,1,1,94,1,2,0
16,80,0,0,0,1,0,21,0,15,1,59,0,2,3
12,70,2,0,1,1,1,19,2,0,1,95,0,2,3
12,70,2,0,1,1,1,22,2,7,1,56,1,2,3
12,70,2,1,1,1,1,19,2,0,1,95,0,2,3
12,70,2,1,1,1,1,22,2,7,1,56,1,2,3
12,70,1,1,0,1,1,19,2,0,1,95,0,2,3
12,70,1,1,0,1,1,22,2,7,1,56,1,2,3
12,70,2,0,2,1,1,19,2,0,1,95,0,2,3
12,70,2,0,2,1,1,22,2,7,1,56,1,2,3
30,76,1,1,0,1,0,28,1,11,0,50,1,2,0
30,76,1,1,0,1,0,20,2,5,0,68,1,2,0
30,76,1,1,0,1,0,22,1,8,1,61,1,1,3
30,76,1,1,0,1,0,24,1,5,1,51,0,2,0
30,76,1,1,0,1,0,25,1,3,0,51,1,2,2
30,76,1,1,0,1,0,25,2,14,1,91,0,0,0
13,61,0,0,0,0,1,21,3,20,1,99,1,2,1
13,61,0,0,0,0,1,21,2,19,0,55,0,2,2
13,61,1,1,2,0,1,21,3,20,1,99,1,2,1
13,61,1,1,2,0,1,21,2,19,0,55,0,2,2
13,61,0,1,1,1,1,21,3,20,1,99,1,2,1
13,61,0,1,1,1,1,21,2,19,0,55,0,2,2
25,62,1,0,0,1,0,21,0,19,1,79,0,2,1
25,62,1,0,0,1,0,19,2,2,0,56,1,1,1
25,62,1,0,0,1,0,21,3,4,1,69,1,2,1
25,62,0,1,1,1,0,21,0,19,1,79,0,2,1
25,62,0,1,1,1,0,19,2,2,0,56,1,1,1
25,62,0,1,1,1,0,21,3,4,1,69,1,2,1
25,62,0,0,2,1,0,21,0,19,1,79,0,2,1
25,62,0,0,2,1,0,19,2,2,0,56,1,1,1
25,62,0,0,2,1,0,21,3,4,1,69,1,2,1
18,86,0,1,0,1,1,21,0,3,0,59,1,1,2
18,86,0,1,0,1,1,21,2,9,0,62,1,2,1
18,86,1,0,1,1,1,21,0,3,0,59,1,1,2
18,86,1,0,1,1,1,21,2,9,0,62,1,2,1
18,86,1,1,1,1,1,21,0,3,0,59,1,1,2
18,86,1,1,1,1,1,21,2,9,0,62,1,2,1
18,86,1,0,2,1,1,21,0,3,0,59,1,1,2
18,86,1,0,2,1,1,21,2,9,0,62,1,2,1
18,86,1,0,0,1,1,21,0,3,0,59,1,1,2
18,86,1,0,0,1,1,21,2,9,0,62,1,2,1
27,91,2,1,1,1,1,18,2,12,0,63,1,2,2
27,91,2,1,1,1,1,22,3,11,0,98,1,0,0
27,91,2,1,0,1,1,18,2,12,0,63,1,2,2
27,91,2,1,0,1,1,22,3,11,0,98,1,0,0
27,91,0,0,1,1,1,18,2,12,0,63,1,2,2
27,91,0,0,1,1,1,22,3,11,0,98,1,0,0
27,91,1,1,0,1,1,18,2,12,0,63,1,2,2
27,91,1,1,0,1,1,22,3,11,0,98,1,0,0
27,91,1,0,0,1,1,18,2,12,0,63,1,2,2
27,91,1,0,0,1,1,22,3,11,0,98,1,0,0
22,80,1,0,0,1,1,26,1,0,0,100,1,0,0
22,80,1,0,0,1,1,22,3,0,1,86,0,2,1
22,80,2,1,1,1,1,26,1,0,0,100,1,0,0
22,80,2,1,1,1,1,22,3,0,1,86,0,2,1
22,80,2,0,1,1,1,26,1,0,0,100,1,0,0
22,80,2,0,1,1,1,22,3,0,1,86,0,2,1
22,80,0,0,0,1,1,26,1,0,0,100,1,0,0
22,80,0,0,0,1,1,22,3,0,1,86,0,2,1
22,80,1,1,2,1,1,26,1,0,0,100,1,0,0
22,80,1,1,2,1,1,22,3,0,1,86,0,2,1
15,68,1,1,0,1,0,25,2,1,1,69,0,1,2
15,68,1,1,0,1,0,25,2,1,0,72,1,1,1
15,68,1,1,0,1,0,21,1,4,1,97,0,2,0
15,68,1,1,0,1,0,23,1,20,1,98,1,2,0
15,68,1,1,0,1,0,24,2,20,1,71,1,2,0
15,68,1,1,1,1,0,25,2,1,1,69,0,1,2
15,68,1,1,1,1,0,25,2,1,0,72,1,1,1
15,68,1,1,1,1,0,21,1,4,1,97,0,2,0
15,68,1,1,1,1,0,23,1,20,1,98,1,2,0
15,68,1,1,1,1,0,24,2,20,1,71,1,2,0
15,68,1,0,0,1,0,25,2,1,1,69,0,1,2
15,68,1,0,0,1,0,25,2,1,0,72,1,1,1
15,68,1,0,0,1,0,21,1,4,1,97,0,2,0
15,68,1,0,0,1,0,23,1,20,1,98,1,2,0
15,68,1,0,0,1,0,24,2,20,1,71,1,2,0
15,68,2,0,2,1,0,25,2,1,1,69,0,1,2
15,68,2,0,2,1,0,25,2,1,0,72,1,1,1
15,68,2,0,2,1,0,21,1,4,1,97,0,2,0
15,68,2,0,2,1,0,23,1,20,1,98,1,2,0
15,68,2,0,2,1,0,24,2,20,1,71,1,2,0
15,68,2,0,1,0,0,25,2,1,1,69,0,1,2
15,68,2,0,1,0,0,25,2,1,0,72,1,1,1
15,68,2,0,1,0,0,21,1,4,1,97,0,2,0
15,68,2,0,1,0,0,23,1,20,1,98,1,2,0
15,68,2,0,1,0,0,24,2,20,1,71,1,2,0
15,68,1,0,1,1,0,25,2,1,1,69,0,1,2
15,68,1,0,1,1,0,25,2,1,0,72,1,1,1
15,68,1,0,1,1,0,21,1,4,1,97,0,2,0
15,68,1,0,1,1,0,23,1,20,1,98,1,2,0
15,68,1,0,1,1,0,24,2,20,1,71,1,2,0
33,89,1,0,1,1,1,20,0,11,1,65,1,1,2
20,88,0,0,0,1,1,19,0,8,1,98,1,0,2
20,88,0,0,0,1,1,26,2,5,1,97,0,2,1
20,88,0,0,0,1,1,29,0,7,1,73,1,1,2
20,88,1,1,1,1,1,19,0,8,1,98,1,0,2
20,88,1,1,1,1,1,26,2,5,1,97,0,2,1
20,88,1,1,1,1,1,29,0,7,1,73,1,1,2
20,88,1,0,0,1,1,19,0,8,1,98,1,0,2
20,88,1,0,0,1,1,26,2,5,1,97,0,2,1
20,88,1,0,0,1,1,29,0,7,1,73,1,1,2
20,88,2,1,1,0,1,19,0,8,1,98,1,0,2
20,88,2,1,1,0,1,26,2,5,1,97,0,2,1
20,88,2,1,1,0,1,29,0,7,1,73,1,1,2
19,98,1,1,1,1,1,22,0,19,1,86,1,2,0
19,98,1,1,1,1,1,23,0,3,1,89,1,2,3
19,98,1,1,1,1,1,25,3,12,0,61,1,1,3
19,98,1,1,1,1,1,19,1,5,1,74,0,1,2
19,98,0,1,1,0,1,22,0,19,1,86,1,2,0
19,98,0,1,1,0,1,23,0,3,1,89,1,2,3
19,98,0,1,1,0,1,25,3,12,0,61,1,1,3
19,98,0,1,1,0,1,19,1,5,1,74,0,1,2
19,98,0,1,1,1,1,22,0,19,1,86,1,2,0
19,98,0,1,1,1,1,23,0,3,1,89,1,2,3
19,98,0,1,1,1,1,25,3,12,0,61,1,1,3
19,98,0,1,1,1,1,19,1,5,1,74,0,1,2
19,98,2,1,1,1,1,22,0,19,1,86,1,2,0
19,98,2,1,1,1,1,23,0,3,1,89,1,2,3
19,98,2,1,1,1,1,25,3,12,0,61,1,1,3
19,98,2,1,1,1,1,19,1,5,1,74,0,1,2
19,98,2,1,2,1,1,22,0,19,1,86,1,2,0
19,98,2,1,2,1,1,23,0,3,1,89,1,2,3
19,98,2,1,2,1,1,25,3,12,0,61,1,1,3
19,98,2,1,2,1,1,19,1,5,1,74,0,1,2
33,68,0,1,1,1,1,22,2,11,1,59,1,2,2
33,68,0,1,1,1,1,23,3,2,1,79,1,2,3
33,68,0,1,1,1,1,26,2,15,0,51,1,2,1
33,68,0,1,1,1,1,24,0,19,1,94,0,0,2
12,63,2,0,0,1,1,18,3,4,0,54,1,0,2
12,63,2,0,0,1,1,24,2,7,1,75,1,1,1
12,63,1,0,0,1,1,18,3,4,0,54,1,0,2
12,63,1,0,0,1,1,24,2,7,1,75,1,1,1
19,76,2,1,1,1,0,24,1,14,1,63,1,1,1
19,76,2,1,1,1,0,29,0,0,1,51,1,0,2
19,76,1,1,1,1,0,24,1,14,1,63,1,1,1
19,76,1,1,1,1,0,29,0,0,1,51,1,0,2
19,76,2,0,0,1,0,24,1,14,1,63,1,1,1
19,76,2,0,0,1,0,29,0,0,1,51,1,0,2
19,76,0,1,1,1,0,24,1,14,1,63,1,1,1
19,76,0,1,1,1,0,29,0,0,1,51,1,0,2
19,76,2,1,0,1,0,24,1,14,1,63,1,1,1
19,76,2,1,0,1,0,29,0,0,1,51,1,0,2
19,76,0,1,0,1,0,24,1,14,1,63,1,1,1
19,76,0,1,0,1,0,29,0,0,1,51,1,0,2
35,90,1,1,0,0,1,21,1,0,1,55,1,2,0
35,90,1,1,0,0,1,20,3,5,1,89,1,1,0
35,90,1,1,0,0,1,28,3,5,1,78,1,2,1
15,75,2,1,2,1,1,20,3,16,0,87,0,2,3
15,75,2,1,2,1,1,27,1,7,1,85,1,1,1
15,75,2,1,2,1,1,29,3,4,0,91,0,0,3
15,75,1,0,1,1,1,20,3,16,0,87,0,2,3
15,75,1,0,1,1,1,27,1,7,1,85,1,1,1
15,75,1,0,1,1,1,29,3,4,0,91,0,0,3
30,73,1,1,1,1,0,19,0,10,0,65,1,2,0
30,73,0,0,1,1,0,19,0,10,0,65,1,2,0
30,84,1,0,0,1,1,19,0,8,0,84,1,2,2
30,84,1,0,0,1,1,23,1,13,1,55,1,2,2
30,84,1,0,0,1,1,27,1,6,1,98,0,2,0
30,84,1,0,0,1,1,25,2,12,1,65,1,2,1
30,84,1,0,0,1,1,21,2,17,0,82,1,0,0
30,84,1,0,0,1,1,19,1,17,0,88,1,2,0
30,84,1,0,1,1,1,19,0,8,0,84,1,2,2
30,84,1,0,1,1,1,23,1,13,1,55,1,2,2
30,84,1,0,1,1,1,27,1,6,1,98,0,2,0
30,84,1,0,1,1,1,25,2,12,1,65,1,2,1
30,84,1,0,1,1,1,21,2,17,0,82,1,0,0
30,84,1,0,1,1,1,19,1,17,0,88,1,2,0
30,84,1,1,1,1,1,19,0,8,0,84,1,2,2
30,84,1,1,1,1,1,23,1,13,1,55,1,2,2
30,84,1,1,1,1,1,27,1,6,1,98,0,2,0
30,84,1,1,1,1,1,25,2,12,1,65,1,2,1
30,84,1,1,1,1,1,21,2,17,0,82,1,0,0
30,84,1,1,1,1,1,19,1,17,0,88,1,2,0
17,95,2,0,1,1,0,29,1,1,1,66,0,2,0
17,95,2,0,1,1,0,25,0,10,0,74,0,2,1
17,95,2,0,1,1,0,22,3,18,0,71,1,2,0
17,95,0,1,0,0,0,29,1,1,1,66,0,2,0
17,95,0,1,0,0,0,25,0,10,0,74,0,2,1
17,95,0,1,0,0,0,22,3,18,0,71,1,2,0
17,95,1,0,0,1,0,29,1,1,1,66,0,2,0
17,95,1,0,0,1,0,25,0,10,0,74,0,2,1
17,95,1,0,0,1,0,22,3,18,0,71,1,2,0
23,62,2,1,1,1,1,24,1,15,0,58,0,2,0
23,62,2,1,1,1,1,26,0,0,1,93,1,0,0
23,62,0,0,1,1,1,24,1,15,0,58,0,2,0
23,62,0,0,1,1,1,26,0,0,1,93,1,0,0
23,62,1,0,1,1,1,24,1,15,0,58,0,2,0
23,62,1,0,1,1,1,26,0,0,1,93,1,0,0
23,62,2,1,0,1,1,24,1,15,0,58,0,2,0
23,62,2,1,0,1,1,26,0,0,1,93,1,0,0
23,62,1,1,0,1,1,24,1,15,0,58,0,2,0
23,62,1,1,0,1,1,26,0,0,1,93,1,0,0
23,62,1,0,2,0,1,24,1,15,0,58,0,2,0
23,62,1,0,2,0,1,26,0,0,1,93,1,0,0
18,66,1,0,1,1,0,19,2,19,1,58,0,1,1
18,66,1,0,1,1,0,27,0,4,0,83,1,0,3
18,66,1,0,1,1,0,28,2,15,0,66,1,2,3
18,66,1,0,1,1,0,22,1,14,0,82,1,1,1
18,66,2,1,1,1,0,19,2,19,1,58,0,1,1
18,66,2,1,1,1,0,27,0,4,0,83,1,0,3
18,66,2,1,1,1,0,28,2,15,0,66,1,2,3
18,66,2,1,1,1,0,22,1,14,0,82,1,1,1
18,66,1,1,1,1,0,19,2,19,1,58,0,1,1
18,66,1,1,1,1,0,27,0,4,0,83,1,0,3
18,66,1,1,1,1,0,28,2,15,0,66,1,2,3
18,66,1,1,1,1,0,22,1,14,0,82,1,1,1
18,66,2,0,1,1,0,19,2,19,1,58,0,1,1
18,66,2,0,1,1,0,27,0,4,0,83,1,0,3
18,66,2,0,1,1,0,28,2,15,0,66,1,2,3
18,66,2,0,1,1,0,22,1,14,0,82,1,1,1
17,64,1,0,1,1,0,25,1,11,1,66,1,1,0
17,64,1,0,1,1,0,20,1,6,1,84,1,0,3
17,64,2,0,1,1,0,25,1,11,1,66,1,1,0
17,64,2,0,1,1,0,20,1,6,1,84,1,0,3
17,64,0,1,0,1,0,25,1,11,1,66,1,1,0
17,64,0,1,0,1,0,20,1,6,1,84,1,0,3
17,64,0,1,1,1,0,25,1,11,1,66,1,1,0
17,64,0,1,1,1,0,20,1,6,1,84,1,0,3
15,61,2,1,1,1,1,26,1,7,0,100,1,2,0
15,61,1,0,1,1,1,26,1,7,0,100,1,2,0
15,61,0,1,1,1,1,26,1,7,0,100,1,2,0
15,61,1,0,2,1,1,26,1,7,0,100,1,2,0
22,79,1,0,0,1,0,22,3,11,0,67,1,2,0
22,79,1,0,0,1,0,21,2,5,1,73,1,1,3
22,79,1,0,0,1,0,29,2,2,1,86,1,2,3
22,79,1,0,0,1,0,25,1,5,0,94,0,2,1
22,79,1,0,0,1,0,27,1,19,1,62,1,1,1
22,79,1,0,0,1,0,29,1,16,0,99,1,2,1
22,79,1,0,0,1,0,21,3,5,1,52,1,0,1
22,79,1,0,0,1,0,26,1,12,1,88,0,0,0
22,79,1,0,0,1,0,22,2,12,1,65,1,2,1
22,79,1,0,1,0,0,22,3,11,0,67,1,2,0
22,79,1,0,1,0,0,21,2,5,1,73,1,1,3
22,79,1,0,1,0,0,29,2,2,1,86,1,2,3
22,79,1,0,1,0,0,25,1,5,0,94,0,2,1
22,79,1,0,1,0,0,27,1,19,1,62,1,1,1
22,79,1,0,1,0,0,29,1,16,0,99,1,2,1
22,79,1,0,1,0,0,21,3,5,1,52,1,0,1
22,79,1,0,1,0,0,26,1,12,1,88,0,0,0
22,79,1,0,1,0,0,22,2,12,1,65,1,2,1
22,79,1,1,1,1,0,22,3,11,0,67,1,2,0
22,79,1,1,1,1,0,21,2,5,1,73,1,1,3
22,79,1,1,1,1,0,29,2,2,1,86,1,2,3
22,79,1,1,1,1,0,25,1,5,0,94,0,2,1
22,79,1,1,1,1,0,27,1,19,1,62,1,1,1
22,79,1,1,1,1,0,29,1,16,0,99,1,2,1
22,79,1,1,1,1,0,21,3,5,1,52,1,0,1
22,79,1,1,1,1,0,26,1,12,1,88,0,0,0
22,79,1,1,1,1,0,22,2,12,1,65,1,2,1
22,79,2,1,1,1,0,22,3,11,0,67,1,2,0
22,79,2,1,1,1,0,21,2,5,1,73,1,1,3
22,79,2,1,1,1,0,29,2,2,1,86,1,2,3
22,79,2,1,1,1,0,25,1,5,0,94,0,2,1
22,79,2,1,1,1,0,27,1,19,1,62,1,1,1
22,79,2,1,1,1,0,29,1,16,0,99,1,2,1
22,79,2,1,1,1,0,21,3,5,1,52,1,0,1
22,79,2,1,1,1,0,26,1,12,1,88,0,0,0
22,79,2,1,1,1,0,22,2,12,1,65,1,2,1
8,73,1,1,2,1,1,26,1,12,1,75,1,2,0
8,73,2,1,1,1,1,26,1,12,1,75,1,2,0
8,73,2,0,2,1,1,26,1,12,1,75,1,2,0
8,73,2,1,0,1,1,26,1,12,1,75,1,2,0
27,75,1,1,2,1,1,25,3,16,0,88,1,2,1
27,75,0,1,1,1,1,25,3,16,0,88,1,2,1
13,87,1,1,0,1,1,26,1,10,1,83,1,1,0
13,87,1,1,0,1,1,21,0,13,1,80,1,2,2
30,91,1,1,2,1,1,28,2,6,1,83,1,2,3
20,68,1,0,2,1,0,18,1,13,1,61,1,2,3
20,68,1,0,2,1,0,23,2,4,1,88,1,1,1
20,68,1,0,2,1,0,27,3,8,0,67,1,1,0
20,68,1,0,2,1,0,25,2,16,0,93,1,2,3
20,68,1,0,2,1,0,23,0,0,1,84,1,2,0
20,68,1,1,0,1,0,18,1,13,1,61,1,2,3
20,68,1,1,0,1,0,23,2,4,1,88,1,1,1
20,68,1,1,0,1,0,27,3,8,0,67,1,1,0
20,68,1,1,0,1,0,25,2,16,0,93,1,2,3
20,68,1,1,0,1,0,23,0,0,1,84,1,2,0
20,68,0,1,2,1,0,18,1,13,1,61,1,2,3
20,68,0,1,2,1,0,23,2,4,1,88,1,1,1
20,68,0,1,2,1,0,27,3,8,0,67,1,1,0
20,68,0,1,2,1,0,25,2,16,0,93,1,2,3
20,68,0,1,2,1,0,23,0,0,1,84,1,2,0
20,68,2,1,1,0,0,18,1,13,1,61,1,2,3
20,68,2,1,1,0,0,23,2,4,1,88,1,1,1
20,68,2,1,1,0,0,27,3,8,0,67,1,1,0
20,68,2,1,1,0,0,25,2,16,0,93,1,2,3
20,68,2,1,1,0,0,23,0,0,1,84,1,2,0
20,68,1,1,2,1,0,18,1,13,1,61,1,2,3
20,68,1,1,2,1,0,23,2,4,1,88,1,1,1
20,68,1,1,2,1,0,27,3,8,0,67,1,1,0
20,68,1,1,2,1,0,25,2,16,0,93,1,2,3
20,68,1,1,2,1,0,23,0,0,1,84,1,2,0
20,68,1,1,1,1,0,18,1,13,1,61,1,2,3
20,68,1,1,1,1,0,23,2,4,1,88,1,1,1
20,68,1,1,1,1,0,27,3,8,0,67,1,1,0
20,68,1,1,1,1,0,25,2,16,0,93,1,2,3
20,68,1,1,1,1,0,23,0,0,1,84,1,2,0
20,68,2,1,1,1,0,18,1,13,1,61,1,2,3
20,68,2,1,1,1,0,23,2,4,1,88,1,1,1
20,68,2,1,1,1,0,27,3,8,0,67,1,1,0
20,68,2,1,1,1,0,25,2,16,0,93,1,2,3
20,68,2,1,1,1,0,23,0,0,1,84,1,2,0
20,68,2,0,0,1,0,18,1,13,1,61,1,2,3
20,68,2,0,0,1,0,23,2,4,1,88,1,1,1
20,68,2,0,0,1,0,27,3,8,0,67,1,1,0
20,68,2,0,0,1,0,25,2,16,0,93,1,2,3
20,68,2,0,0,1,0,23,0,0,1,84,1,2,0
21,81,1,1,1,1,0,23,2,6,1,68,1,2,1
21,81,1,1,2,1,0,23,2,6,1,68,1,2,1
12,83,0,1,1,1,0,28,1,2,0,71,1,2,2
12,83,1,0,1,1,0,28,1,2,0,71,1,2,2
12,83,1,1,0,1,0,28,1,2,0,71,1,2,2
15,68,1,1,2,1,1,27,3,4,1,73,1,1,3
15,68,0,1,1,0,1,27,3,4,1,73,1,1,3
15,68,1,1,1,1,1,27,3,4,1,73,1,1,3
16,86,1,1,1,1,0,25,2,17,1,60,0,0,0
16,86,1,1,1,1,0,23,1,2,0,89,0,2,3
16,86,1,1,1,1,0,23,3,8,1,54,1,2,1
16,86,1,1,0,1,0,25,2,17,1,60,0,0,0
16,86,1,1,0,1,0,23,1,2,0,89,0,2,3
16,86,1,1,0,1,0,23,3,8,1,54,1,2,1
16,86,0,1,0,1,0,25,2,17,1,60,0,0,0
16,86,0,1,0,1,0,23,1,2,0,89,0,2,3
16,86,0,1,0,1,0,23,3,8,1,54,1,2,1
16,86,2,1,0,1,0,25,2,17,1,60,0,0,0
16,86,2,1,0,1,0,23,1,2,0,89,0,2,3
16,86,2,1,0,1,0,23,3,8,1,54,1,2,1
24,70,2,0,1,1,0,25,3,2,0,73,0,0,1
24,70,0,1,2,1,0,25,3,2,0,73,0,0,1
24,70,2,0,0,1,0,25,3,2,0,73,0,0,1
18,62,2,1,2,0,1,26,1,3,1,67,1,1,1
18,62,2,1,2,0,1,29,0,16,0,88,1,1,3
18,62,1,1,1,1,1,26,1,3,1,67,1,1,1
18,62,1,1,1,1,1,29,0,16,0,88,1,1,3
18,62,2,0,0,1,1,26,1,3,1,67,1,1,1
18,62,2,0,0,1,1,29,0,16,0,88,1,1,3
27,72,0,1,1,1,0,24,3,16,0,71,1,2,0
27,72,0,1,1,1,0,18,3,18,1,78,1,2,3
27,72,2,1,1,1,0,24,3,16,0,71,1,2,0
27,72,2,1,1,1,0,18,3,18,1,78,1,2,3
27,72,1,0,1,1,0,24,3,16,0,71,1,2,0
27,72,1,0,1,1,0,18,3,18,1,78,1,2,3
34,62,0,0,0,1,0,22,2,12,1,81,0,2,0
22,69,2,1,1,1,0,24,0,5,0,76,1,1,0
22,69,2,1,1,1,0,25,1,17,1,93,1,2,0
22,69,2,1,1,1,0,23,2,0,1,65,0,2,2
22,69,2,0,0,1,0,24,0,5,0,76,1,1,0
22,69,2,0,0,1,0,25,1,17,1,93,1,2,0
22,69,2,0,0,1,0,23,2,0,1,65,0,2,2
22,69,1,0,0,1,0,24,0,5,0,76,1,1,0
22,69,1,0,0,1,0,25,1,17,1,93,1,2,0
22,69,1,0,0,1,0,23,2,0,1,65,0,2,2
22,69,1,0,2,1,0,24,0,5,0,76,1,1,0
22,69,1,0,2,1,0,25,1,17,1,93,1,2,0
22,69,1,0,2,1,0,23,2,0,1,65,0,2,2
22,69,1,0,0,0,0,24,0,5,0,76,1,1,0
22,69,1,0,0,0,0,25,1,17,1,93,1,2,0
22,69,1,0,0,0,0,23,2,0,1,65,0,2,2
26,66,1,1,1,1,1,29,1,16,1,90,1,1,2
26,66,1,1,1,1,1,22,3,1,0,97,1,1,1
9,98,1,0,1,1,1,27,0,2,1,89,1,0,2
9,98,1,0,1,1,1,18,1,19,1,68,1,0,2
9,98,1,0,1,1,1,21,2,16,0,67,0,1,2
9,98,1,0,0,1,1,27,0,2,1,89,1,0,2
9,98,1,0,0,1,1,18,1,19,1,68,1,0,2
9,98,1,0,0,1,1,21,2,16,0,67,0,1,2
9,98,2,0,1,1,1,27,0,2,1,89,1,0,2
9,98,2,0,1,1,1,18,1,19,1,68,1,0,2
9,98,2,0,1,1,1,21,2,16,0,67,0,1,2
9,98,1,1,1,1,1,27,0,2,1,89,1,0,2
9,98,1,1,1,1,1,18,1,19,1,68,1,0,2
9,98,1,1,1,1,1,21,2,16,0,67,0,1,2
13,80,2,1,2,1,0,20,0,13,0,82,1,2,1
13,80,2,1,2,1,0,27,3,13,0,67,1,1,2
13,80,2,1,2,1,0,24,0,7,1,56,1,0,3
13,80,2,1,2,1,0,22,2,1,1,84,1,2,3
13,80,2,1,2,1,0,19,3,3,0,82,1,0,3
13,80,2,1,2,1,0,29,3,5,1,98,1,1,1
13,80,1,1,2,1,0,20,0,13,0,82,1,2,1
13,80,1,1,2,1,0,27,3,13,0,67,1,1,2
13,80,1,1,2,1,0,24,0,7,1,56,1,0,3
13,80,1,1,2,1,0,22,2,1,1,84,1,2,3
13,80,1,1,2,1,0,19,3,3,0,82,1,0,3
13,80,1,1,2,1,0,29,3,5,1,98,1,1,1
13,80,1,0,1,1,0,20,0,13,0,82,1,2,1
13,80,1,0,1,1,0,27,3,13,0,67,1,1,2
13,80,1,0,1,1,0,24,0,7,1,56,1,0,3
13,80,1,0,1,1,0,22,2,1,1,84,1,2,3
13,80,1,0,1,1,0,19,3,3,0,82,1,0,3
13,80,1,0,1,1,0,29,3,5,1,98,1,1,1
7,73,1,1,1,1,0,27,2,0,0,69,1,0,2
7,73,1,1,1,1,0,29,2,2,1,92,0,2,3
7,73,1,1,1,1,0,29,0,18,1,88,1,0,0
7,73,1,1,1,1,0,21,1,15,1,65,0,1,2
7,73,1,1,1,1,0,21,1,5,1,60,1,0,1
35,61,2,1,0,1,1,25,1,15,1,80,0,1,3
35,61,2,1,0,1,1,19,1,18,0,61,0,2,2
25,93,2,0,0,1,1,28,2,17,1,50,1,1,1
25,93,2,0,0,1,1,22,0,15,0,72,0,1,1
25,93,2,0,2,1,1,28,2,17,1,50,1,1,1
25,93,2,0,2,1,1,22,0,15,0,72,0,1,1
25,93,1,1,0,1,1,28,2,17,1,50,1,1,1
25,93,1,1,0,1,1,22,0,15,0,72,0,1,1
25,93,1,0,1,1,1,28,2,17,1,50,1,1,1
25,93,1,0,1,1,1,22,0,15,0,72,0,1,1
26,71,0,0,1,1,0,23,3,3,1,62,1,1,2
26,71,0,0,1,1,0,27,0,3,0,55,0,0,1
26,71,0,0,1,1,0,19,3,17,1,61,1,2,0
26,71,0,0,1,1,0,18,1,13,1,50,1,1,1
26,71,0,0,1,1,0,28,3,13,0,97,1,0,3
26,71,0,0,1,1,0,18,1,12,1,60,1,2,0
26,71,0,0,1,1,0,25,3,12,0,57,1,2,0
26,71,2,0,0,1,0,23,3,3,1,62,1,1,2
26,71,2,0,0,1,0,27,0,3,0,55,0,0,1
26,71,2,0,0,1,0,19,3,17,1,61,1,2,0
26,71,2,0,0,1,0,18,1,13,1,50,1,1,1
26,71,2,0,0,1,0,28,3,13,0,97,1,0,3
26,71,2,0,0,1,0,18,1,12,1,60,1,2,0
26,71,2,0,0,1,0,25,3,12,0,57,1,2,0
26,71,1,1,1,0,0,23,3,3,1,62,1,1,2
26,71,1,1,1,0,0,27,0,3,0,55,0,0,1
26,71,1,1,1,0,0,19,3,17,1,61,1,2,0
26,71,1,1,1,0,0,18,1,13,1,50,1,1,1
26,71,1,1,1,0,0,28,3,13,0,97,1,0,3
26,71,1,1,1,0,0,18,1,12,1,60,1,2,0
26,71,1,1,1,0,0,25,3,12,0,57,1,2,0
22,93,1,0,0,1,1,28,0,7,1,92,0,2,3
22,93,2,1,2,1,1,28,0,7,1,92,0,2,3
22,93,0,1,1,1,1,28,0,7,1,92,0,2,3
22,93,1,1,2,1,1,28,0,7,1,92,0,2,3
16,99,1,1,0,1,0,19,0,0,1,55,0,2,2
16,99,2,1,2,1,0,19,0,0,1,55,0,2,2
16,99,1,0,0,0,0,19,0,0,1,55,0,2,2
16,99,1,0,2,0,0,19,0,0,1,55,0,2,2
16,99,1,0,0,1,0,19,0,0,1,55,0,2,2
16,99,1,1,1,1,0,19,0,0,1,55,0,2,2
15,82,2,1,1,1,1,22,2,1,1,97,1,2,2
15,82,2,1,1,1,1,26,1,14,1,80,1,1,3
15,82,2,1,1,1,1,24,1,15,1,67,0,2,0
15,82,2,1,1,1,1,27,3,17,0,75,1,1,0
15,82,2,1,1,1,1,25,2,6,1,81,0,1,3
15,82,2,1,2,0,1,22,2,1,1,97,1,2,2
15,82,2,1,2,0,1,26,1,14,1,80,1,1,3
15,82,2,1,2,0,1,24,1,15,1,67,0,2,0
15,82,2,1,2,0,1,27,3,17,0,75,1,1,0
15,82,2,1,2,0,1,25,2,6,1,81,0,1,3
23,92,0,1,2,1,1,24,2,0,1,80,1,2,2
23,92,1,1,0,1,1,24,2,0,1,80,1,2,2
23,92,1,1,1,1,1,24,2,0,1,80,1,2,2
23,92,2,0,1,1,1,24,2,0,1,80,1,2,2
23,92,2,1,2,1,1,24,2,0,1,80,1,2,2
20,91,1,1,1,1,1,25,3,20,1,59,1,0,1
20,91,2,1,0,1,1,25,3,20,1,59,1,0,1
20,91,0,1,1,1,1,25,3,20,1,59,1,0,1
20,91,1,0,1,1,1,25,3,20,1,59,1,0,1
20,91,1,1,2,1,1,25,3,20,1,59,1,0,1
16,74,2,1,0,1,1,19,3,1,0,61,1,2,2
16,74,2,1,0,1,1,28,0,13,1,82,1,0,2
16,74,2,0,0,1,1,19,3,1,0,61,1,2,2
16,74,2,0,0,1,1,28,0,13,1,82,1,0,2
16,74,2,0,1,1,1,19,3,1,0,61,1,2,2
16,74,2,0,1,1,1,28,0,13,1,82,1,0,2
19,82,2,1,1,1,1,23,0,12,1,64,0,1,2
19,82,2,1,1,1,1,29,1,18,1,86,0,2,1
19,82,2,1,1,1,1,29,1,13,0,99,1,2,2
19,82,2,1,1,1,1,18,0,5,1,68,0,1,0
19,82,0,0,1,1,1,23,0,12,1,64,0,1,2
19,82,0,0,1,1,1,29,1,18,1,86,0,2,1
19,82,0,0,1,1,1,29,1,13,0,99,1,2,2
19,82,0,0,1,1,1,18,0,5,1,68,0,1,0
19,82,1,0,0,1,1,23,0,12,1,64,0,1,2
19,82,1,0,0,1,1,29,1,18,1,86,0,2,1
19,82,1,0,0,1,1,29,1,13,0,99,1,2,2
19,82,1,0,0,1,1,18,0,5,1,68,0,1,0
19,82,1,0,1,1,1,23,0,12,1,64,0,1,2
19,82,1,0,1,1,1,29,1,18,1,86,0,2,1
19,82,1,0,1,1,1,29,1,13,0,99,1,2,2
19,82,1,0,1,1,1,18,0,5,1,68,0,1,0
23,69,1,1,2,1,0,25,1,2,0,67,0,2,3
23,69,1,1,2,1,0,22,3,3,0,86,1,0,3
8,80,0,0,2,1,0,23,1,4,1,67,1,2,3
19,71,2,0,2,1,0,28,0,17,0,67,1,2,2
19,71,2,0,2,1,0,22,0,2,1,68,1,2,2
19,71,2,0,2,1,0,23,1,3,1,73,1,2,1
19,71,1,1,1,1,0,28,0,17,0,67,1,2,2
19,71,1,1,1,1,0,22,0,2,1,68,1,2,2
19,71,1,1,1,1,0,23,1,3,1,73,1,2,1
19,71,1,1,0,1,0,28,0,17,0,67,1,2,2
19,71,1,1,0,1,0,22,0,2,1,68,1,2,2
19,71,1,1,0,1,0,23,1,3,1,73,1,2,1
19,71,2,1,0,1,0,28,0,17,0,67,1,2,2
19,71,2,1,0,1,0,22,0,2,1,68,1,2,2
19,71,2,1,0,1,0,23,1,3,1,73,1,2,1
13,67,1,1,2,1,1,19,1,12,0,78,0,2,2
13,67,1,1,2,1,1,26,0,19,1,77,1,1,3
13,67,1,1,2,1,1,26,0,2,0,50,1,1,3
13,67,1,1,1,1,1,19,1,12,0,78,0,2,2
13,67,1,1,1,1,1,26,0,19,1,77,1,1,3
13,67,1,1,1,1,1,26,0,2,0,50,1,1,3
13,67,0,1,1,1,1,19,1,12,0,78,0,2,2
13,67,0,1,1,1,1,26,0,19,1,77,1,1,3
13,67,0,1,1,1,1,26,0,2,0,50,1,1,3
13,67,2,1,1,1,1,19,1,12,0,78,0,2,2
13,67,2,1,1,1,1,26,0,19,1,77,1,1,3
13,67,2,1,1,1,1,26,0,2,0,50,1,1,3
16,93,1,1,1,1,0,27,1,6,1,84,1,1,3
16,93,2,1,0,1,0,27,1,6,1,84,1,1,3
18,68,1,0,2,1,0,25,2,11,1,80,1,2,1
18,68,1,0,2,1,0,20,1,10,0,55,0,1,1
18,68,2,0,1,1,0,25,2,11,1,80,1,2,1
18,68,2,0,1,1,0,20,1,10,0,55,0,1,1
18,67,1,0,1,1,0,27,3,0,1,57,0,2,1
18,67,1,0,1,1,0,24,0,15,1,62,1,2,0
18,67,1,0,1,1,0,27,1,9,1,61,0,2,1
18,67,2,1,0,1,0,27,3,0,1,57,0,2,1
18,67,2,1,0,1,0,24,0,15,1,62,1,2,0
18,67,2,1,0,1,0,27,1,9,1,61,0,2,1
21,66,1,0,0,0,1,21,2,16,0,68,0,2,1
21,66,1,0,1,1,1,21,2,16,0,68,0,2,1
21,66,1,1,1,1,1,21,2,16,0,68,0,2,1
26,90,2,0,0,1,0,21,0,3,1,62,0,2,1
26,90,2,0,0,1,0,29,0,7,0,63,1,2,0
26,90,2,0,0,1,0,28,0,11,0,67,1,1,2
26,90,2,0,0,1,0,21,3,8,1,88,1,2,0
26,90,2,0,0,1,0,21,2,1,1,80,1,2,2
26,90,1,1,1,1,0,21,0,3,1,62,0,2,1
26,90,1,1,1,1,0,29,0,7,0,63,1,2,0
26,90,1,1,1,1,0,28,0,11,0,67,1,1,2
26,90,1,1,1,1,0,21,3,8,1,88,1,2,0
26,90,1,1,1,1,0,21,2,1,1,80,1,2,2
26,90,1,0,2,1,0,21,0,3,1,62,0,2,1
26,90,1,0,2,1,0,29,0,7,0,63,1,2,0
26,90,1,0,2,1,0,28,0,11,0,67,1,1,2
26,90,1,0,2,1,0,21,3,8,1,88,1,2,0
26,90,1,0,2,1,0,21,2,1,1,80,1,2,2
11,84,1,1,2,1,0,27,1,6,1,75,1,2,3
11,84,1,0,0,1,0,27,1,6,1,75,1,2,3
11,84,0,1,0,1,0,27,1,6,1,75,1,2,3
5,87,0,0,1,1,0,26,0,19,1,77,0,1,2
19,86,0,0,0,1,1,20,0,20,1,56,1,2,1
19,86,2,1,2,1,1,20,0,20,1,56,1,2,1
19,86,1,0,1,1,1,20,0,20,1,56,1,2,1
19,86,1,1,0,1,1,20,0,20,1,56,1,2,1
13,60,1,1,1,1,1,28,0,8,0,71,0,1,0
13,60,1,0,0,1,1,28,0,8,0,71,0,1,0
13,60,0,0,0,1,1,28,0,8,0,71,0,1,0
13,60,1,0,2,1,1,28,0,8,0,71,0,1,0
9,61,1,1,0,0,1,25,1,3,0,70,1,1,1
9,61,2,1,1,1,1,25,1,3,0,70,1,1,1
17,71,2,1,0,1,0,19,2,2,0,55,1,0,3
17,71,2,1,0,1,0,29,0,14,0,72,1,1,3
17,71,2,1,0,1,0,25,2,16,1,58,1,2,2
17,71,0,0,1,1,0,19,2,2,0,55,1,0,3
17,71,0,0,1,1,0,29,0,14,0,72,1,1,3
17,71,0,0,1,1,0,25,2,16,1,58,1,2,2
17,71,1,0,0,1,0,19,2,2,0,55,1,0,3
17,71,1,0,0,1,0,29,0,14,0,72,1,1,3
17,71,1,0,0,1,0,25,2,16,1,58,1,2,2
11,61,1,1,2,1,0,27,1,20,1,80,1,0,2
11,61,1,1,2,1,0,19,0,10,1,53,0,2,3
11,61,1,1,2,1,0,28,3,8,0,72,1,2,1
20,74,2,0,0,1,1,21,2,19,1,59,1,2,3
20,74,2,0,0,1,1,27,2,6,1,96,1,2,0
20,74,1,1,2,1,1,21,2,19,1,59,1,2,3
20,74,1,1,2,1,1,27,2,6,1,96,1,2,0
20,74,1,0,2,1,1,21,2,19,1,59,1,2,3
20,74,1,0,2,1,1,27,2,6,1,96,1,2,0
20,74,1,1,1,1,1,21,2,19,1,59,1,2,3
20,74,1,1,1,1,1,27,2,6,1,96,1,2,0
20,74,1,0,1,1,1,21,2,19,1,59,1,2,3
20,74,1,0,1,1,1,27,2,6,1,96,1,2,0
23,64,1,0,1,1,1,29,2,3,0,86,1,1,0
23,64,1,0,1,1,1,25,1,9,0,64,0,2,1
23,64,1,1,2,1,1,29,2,3,0,86,1,1,0
23,64,1,1,2,1,1,25,1,9,0,64,0,2,1
23,64,2,1,1,1,1,29,2,3,0,86,1,1,0
23,64,2,1,1,1,1,25,1,9,0,64,0,2,1
23,64,0,1,1,1,1,29,2,3,0,86,1,1,0
23,64,0,1,1,1,1,25,1,9,0,64,0,2,1
23,64,2,0,0,1,1,29,2,3,0,86,1,1,0
23,64,2,0,0,1,1,25,1,9,0,64,0,2,1
23,64,1,1,1,1,1,29,2,3,0,86,1,1,0
23,64,1,1,1,1,1,25,1,9,0,64,0,2,1
21,80,2,0,1,1,0,25,2,0,1,50,1,2,1
21,80,2,0,1,1,0,25,0,15,1,96,0,1,0
21,80,2,0,1,1,0,22,0,16,1,64,1,0,0
21,80,2,1,1,1,0,25,2,0,1,50,1,2,1
21,80,2,1,1,1,0,25,0,15,1,96,0,1,0
21,80,2,1,1,1,0,22,0,16,1,64,1,0,0
21,80,2,1,0,1,0,25,2,0,1,50,1,2,1
21,80,2,1,0,1,0,25,0,15,1,96,0,1,0
21,80,2,1,0,1,0,22,0,16,1,64,1,0,0
21,80,0,1,1,1,0,25,2,0,1,50,1,2,1
21,80,0,1,1,1,0,25,0,15,1,96,0,1,0
21,80,0,1,1,1,0,22,0,16,1,64,1,0,0
21,80,1,1,0,1,0,25,2,0,1,50,1,2,1
21,80,1,1,0,1,0,25,0,15,1,96,0,1,0
21,80,1,1,0,1,0,22,0,16,1,64,1,0,0
21,80,0,0,1,1,0,25,2,0,1,50,1,2,1
21,80,0,0,1,1,0,25,0,15,1,96,0,1,0
21,80,0,0,1,1,0,22,0,16,1,64,1,0,0
14,91,1,1,1,1,1,26,0,16,0,86,1,1,1
14,91,2,1,1,1,1,26,0,16,0,86,1,1,1
27,69,1,0,1,1,1,23,2,16,0,77,0,0,0
27,69,2,1,0,1,1,23,2,16,0,77,0,0,0
27,69,0,1,1,1,1,23,2,16,0,77,0,0,0
14,100,1,0,0,1,1,22,0,10,1,79,1,1,2
14,100,1,0,0,1,1,26,1,5,1,73,0,2,1
30,66,2,0,0,1,1,23,2,0,1,55,1,2,2
30,66,2,0,0,0,1,23,2,0,1,55,1,2,2
26,90,0,1,0,1,1,19,0,18,1,73,0,1,3
26,90,2,1,1,1,1,19,0,18,1,73,0,1,3
16,77,2,0,0,1,1,26,2,2,1,95,0,1,3
16,77,1,1,1,1,1,26,2,2,1,95,0,1,3
16,77,0,1,1,0,1,26,2,2,1,95,0,1,3
24,92,1,1,2,1,0,29,3,2,1,82,0,0,0
24,92,1,1,2,1,0,18,0,16,0,70,1,2,0
24,92,2,0,2,1,0,29,3,2,1,82,0,0,0
24,92,2,0,2,1,0,18,0,16,0,70,1,2,0
24,92,2,0,1,1,0,29,3,2,1,82,0,0,0
24,92,2,0,1,1,0,18,0,16,0,70,1,2,0
24,92,0,0,1,1,0,29,3,2,1,82,0,0,0
24,92,0,0,1,1,0,18,0,16,0,70,1,2,0
24,92,1,0,1,1,0,29,3,2,1,82,0,0,0
24,92,1,0,1,1,0,18,0,16,0,70,1,2,0
24,92,1,1,0,1,0,29,3,2,1,82,0,0,0
24,92,1,1,0,1,0,18,0,16,0,70,1,2,0
28,82,1,1,1,1,1,25,2,7,1,80,1,1,2
28,82,1,1,1,1,1,27,0,14,1,93,1,1,1
28,82,1,1,1,1,1,20,2,0,1,51,1,2,0
28,82,2,0,0,1,1,25,2,7,1,80,1,1,2
28,82,2,0,0,1,1,27,0,14,1,93,1,1,1
28,82,2,0,0,1,1,20,2,0,1,51,1,2,0
28,82,2,1,0,1,1,25,2,7,1,80,1,1,2
28,82,2,1,0,1,1,27,0,14,1,93,1,1,1
28,82,2,1,0,1,1,20,2,0,1,51,1,2,0
29,100,2,1,1,1,0,24,3,20,0,87,1,2,2
29,100,2,1,1,1,0,21,1,20,1,90,0,2,2
29,100,1,1,1,0,0,24,3,20,0,87,1,2,2
29,100,1,1,1,0,0,21,1,20,1,90,0,2,2
15,85,1,0,2,1,1,25,0,14,1,76,1,0,2
15,85,1,0,2,1,1,25,2,5,1,60,1,2,3
15,85,1,0,2,1,1,23,3,5,0,54,0,2,1
15,85,2,1,1,1,1,25,0,14,1,76,1,0,2
15,85,2,1,1,1,1,25,2,5,1,60,1,2,3
15,85,2,1,1,1,1,23,3,5,0,54,0,2,1
15,85,1,0,1,1,1,25,0,14,1,76,1,0,2
15,85,1,0,1,1,1,25,2,5,1,60,1,2,3
15,85,1,0,1,1,1,23,3,5,0,54,0,2,1
15,85,1,1,1,1,1,25,0,14,1,76,1,0,2
15,85,1,1,1,1,1,25,2,5,1,60,1,2,3
15,85,1,1,1,1,1,23,3,5,0,54,0,2,1
32,88,1,0,0,1,1,22,1,11,1,70,1,2,2
32,88,1,0,0,1,1,20,1,11,1,88,1,2,3
32,88,0,1,0,1,1,22,1,11,1,70,1,2,2
32,88,0,1,0,1,1,20,1,11,1,88,1,2,3
27,80,2,0,2,1,1,29,3,11,0,84,1,2,3
27,80,0,1,1,1,1,29,3,11,0,84,1,2,3
27,80,0,1,2,1,1,29,3,11,0,84,1,2,3
27,80,0,0,0,1,1,29,3,11,0,84,1,2,3
27,80,1,0,2,0,1,29,3,11,0,84,1,2,3
27,80,0,1,0,1,1,29,3,11,0,84,1,2,3
14,70,1,1,0,1,0,26,3,5,1,97,1,0,1
14,70,1,1,0,1,0,25,1,10,0,67,0,2,2
14,70,1,1,0,1,0,25,3,19,1,81,1,1,0
14,70,1,1,0,1,0,19,0,16,1,73,1,0,0
14,70,1,1,2,1,0,26,3,5,1,97,1,0,1
14,70,1,1,2,1,0,25,1,10,0,67,0,2,2
14,70,1,1,2,1,0,25,3,19,1,81,1,1,0
14,70,1,1,2,1,0,19,0,16,1,73,1,0,0
27,61,2,1,1,1,0,25,0,4,1,100,1,2,0
26,81,1,0,0,1,0,20,2,1,0,56,1,2,2
26,81,1,0,0,1,0,24,3,5,1,77,1,2,3
26,81,1,0,0,1,0,26,2,1,0,50,0,0,0
26,81,1,0,0,1,0,25,1,9,1,100,0,2,1
26,81,1,1,1,1,0,20,2,1,0,56,1,2,2
26,81,1,1,1,1,0,24,3,5,1,77,1,2,3
26,81,1,1,1,1,0,26,2,1,0,50,0,0,0
26,81,1,1,1,1,0,25,1,9,1,100,0,2,1
26,81,0,0,2,1,0,20,2,1,0,56,1,2,2
26,81,0,0,2,1,0,24,3,5,1,77,1,2,3
26,81,0,0,2,1,0,26,2,1,0,50,0,0,0
26,81,0,0,2,1,0,25,1,9,1,100,0,2,1
26,81,1,1,0,1,0,20,2,1,0,56,1,2,2
26,81,1,1,0,1,0,24,3,5,1,77,1,2,3
26,81,1,1,0,1,0,26,2,1,0,50,0,0,0
26,81,1,1,0,1,0,25,1,9,1,100,0,2,1
11,97,1,1,0,1,1,28,2,5,0,51,1,2,3
11,97,2,1,1,1,1,28,2,5,0,51,1,2,3
11,97,1,0,1,1,1,28,2,5,0,51,1,2,3
18,77,2,1,1,1,0,18,2,19,0,80,1,1,2
18,77,2,1,1,1,0,20,1,6,0,73,0,2,3
18,77,2,1,1,1,0,27,2,8,0,70,0,2,0
18,77,1,1,2,1,0,18,2,19,0,80,1,1,2
18,77,1,1,2,1,0,20,1,6,0,73,0,2,3
18,77,1,1,2,1,0,27,2,8,0,70,0,2,0
18,77,2,1,2,0,0,18,2,19,0,80,1,1,2
18,77,2,1,2,0,0,20,1,6,0,73,0,2,3
18,77,2,1,2,0,0,27,2,8,0,70,0,2,0
18,77,1,0,0,1,0,18,2,19,0,80,1,1,2
18,77,1,0,0,1,0,20,1,6,0,73,0,2,3
18,77,1,0,0,1,0,27,2,8,0,70,0,2,0
28,91,1,0,0,1,1,23,2,1,0,61,1,1,1
28,91,1,0,0,1,1,19,3,5,1,86,1,1,2
28,91,2,1,2,1,1,23,2,1,0,61,1,1,1
28,91,2,1,2,1,1,19,3,5,1,86,1,1,2
28,91,1,1,0,1,1,23,2,1,0,61,1,1,1
28,91,1,1,0,1,1,19,3,5,1,86,1,1,2
28,91,1,0,1,1,1,23,2,1,0,61,1,1,1
28,91,1,0,1,1,1,19,3,5,1,86,1,1,2
23,65,2,1,0,1,0,26,3,10,0,94,1,2,3
23,65,2,1,0,1,0,19,1,12,1,90,1,0,1
23,65,1,0,1,1,0,26,3,10,0,94,1,2,3
23,65,1,0,1,1,0,19,1,12,1,90,1,0,1
23,65,1,1,0,1,0,26,3,10,0,94,1,2,3
23,65,1,1,0,1,0,19,1,12,1,90,1,0,1
33,87,2,0,0,1,1,21,1,19,1,81,0,0,2
33,87,2,0,0,1,1,18,2,9,1,52,1,2,1
33,87,2,0,0,1,1,24,2,19,0,74,0,2,1
33,87,2,0,0,1,1,21,1,19,0,82,1,2,0
26,92,0,1,1,1,0,18,1,6,0,56,1,2,2
26,92,0,1,1,1,0,22,2,6,0,60,1,1,0
26,92,0,1,1,1,0,19,0,18,0,58,0,0,1
26,92,0,1,1,1,0,25,3,20,0,76,1,1,3
29,99,1,1,2,0,1,22,2,12,0,90,1,1,1
29,99,1,1,2,0,1,22,2,17,1,96,0,1,0
29,99,1,1,0,1,1,22,2,12,0,90,1,1,1
29,99,1,1,0,1,1,22,2,17,1,96,0,1,0
26,93,1,0,0,1,0,26,1,1,1,76,0,0,0
26,93,1,0,0,1,0,24,1,8,1,97,1,0,0
26,93,1,0,0,1,0,23,1,7,0,78,1,0,1
26,93,0,0,1,1,0,26,1,1,1,76,0,0,0
26,93,0,0,1,1,0,24,1,8,1,97,1,0,0
26,93,0,0,1,1,0,23,1,7,0,78,1,0,1
26,93,2,0,1,1,0,26,1,1,1,76,0,0,0
26,93,2,0,1,1,0,24,1,8,1,97,1,0,0
26,93,2,0,1,1,0,23,1,7,0,78,1,0,1
26,93,1,1,1,1,0,26,1,1,1,76,0,0,0
26,93,1,1,1,1,0,24,1,8,1,97,1,0,0
26,93,1,1,1,1,0,23,1,7,0,78,1,0,1
26,93,2,1,0,1,0,26,1,1,1,76,0,0,0
26,93,2,1,0,1,0,24,1,8,1,97,1,0,0
26,93,2,1,0,1,0,23,1,7,0,78,1,0,1
18,70,1,1,1,1,1,23,1,3,1,96,1,0,3
18,70,1,1,1,1,1,24,3,8,1,90,0,2,2
18,70,1,1,1,1,1,29,1,12,0,63,1,1,3
18,70,0,1,1,1,1,23,1,3,1,96,1,0,3
18,70,0,1,1,1,1,24,3,8,1,90,0,2,2
18,70,0,1,1,1,1,29,1,12,0,63,1,1,3
18,70,2,0,1,1,1,23,1,3,1,96,1,0,3
18,70,2,0,1,1,1,24,3,8,1,90,0,2,2
18,70,2,0,1,1,1,29,1,12,0,63,1,1,3
15,91,1,0,0,1,0,18,3,6,1,90,0,0,1
15,91,1,0,0,1,0,26,2,18,0,91,0,1,0
15,91,2,0,1,1,0,18,3,6,1,90,0,0,1
15,91,2,0,1,1,0,26,2,18,0,91,0,1,0
15,91,0,1,0,1,0,18,3,6,1,90,0,0,1
15,91,0,1,0,1,0,26,2,18,0,91,0,1,0
15,91,2,1,2,1,0,18,3,6,1,90,0,0,1
15,91,2,1,2,1,0,26,2,18,0,91,0,1,0
8,88,1,1,2,1,1,23,2,15,1,64,0,2,2
32,84,1,1,1,1,0,21,2,16,0,88,1,2,2
19,75,1,0,0,1,0,25,2,13,0,54,1,2,2
19,75,1,0,0,1,0,29,1,15,0,87,0,1,3
19,75,1,0,0,1,0,20,2,20,1,86,0,0,0
19,75,0,0,2,1,0,25,2,13,0,54,1,2,2
19,75,0,0,2,1,0,29,1,15,0,87,0,1,3
19,75,0,0,2,1,0,20,2,20,1,86,0,0,0
19,75,2,0,1,1,0,25,2,13,0,54,1,2,2
19,75,2,0,1,1,0,29,1,15,0,87,0,1,3
19,75,2,0,1,1,0,20,2,20,1,86,0,0,0
19,75,2,0,0,1,0,25,2,13,0,54,1,2,2
19,75,2,0,0,1,0,29,1,15,0,87,0,1,3
19,75,2,0,0,1,0,20,2,20,1,86,0,0,0
19,75,2,1,1,1,0,25,2,13,0,54,1,2,2
19,75,2,1,1,1,0,29,1,15,0,87,0,1,3
19,75,2,1,1,1,0,20,2,20,1,86,0,0,0
19,75,2,1,2,1,0,25,2,13,0,54,1,2,2
19,75,2,1,2,1,0,29,1,15,0,87,0,1,3
19,75,2,1,2,1,0,20,2,20,1,86,0,0,0
19,75,1,1,2,1,0,25,2,13,0,54,1,2,2
19,75,1,1,2,1,0,29,1,15,0,87,0,1,3
19,75,1,1,2,1,0,20,2,20,1,86,0,0,0
22,85,1,0,2,1,0,29,3,14,1,63,0,2,0
22,85,1,0,2,1,0,21,3,6,0,52,1,0,2
22,85,1,1,0,1,0,29,3,14,1,63,0,2,0
22,85,1,1,0,1,0,21,3,6,0,52,1,0,2
22,85,1,1,1,1,0,29,3,14,1,63,0,2,0
22,85,1,1,1,1,0,21,3,6,0,52,1,0,2
25,87,2,1,0,0,0,27,2,0,1,97,1,2,0
25,87,2,1,0,0,0,23,3,16,1,51,0,1,1
25,87,1,1,1,1,0,27,2,0,1,97,1,2,0
25,87,1,1,1,1,0,23,3,16,1,51,0,1,1
25,87,2,1,1,1,0,27,2,0,1,97,1,2,0
25,87,2,1,1,1,0,23,3,16,1,51,0,1,1
22,92,2,1,0,1,0,26,3,18,0,91,1,0,1
22,92,1,1,0,0,0,26,3,18,0,91,1,0,1
22,92,2,0,0,1,0,26,3,18,0,91,1,0,1
27,96,2,0,0,1,0,24,0,16,1,56,1,2,2
27,96,2,0,0,1,0,25,3,10,1,53,1,1,0
27,96,2,0,0,1,0,19,3,20,1,84,1,2,0
27,96,1,1,1,1,0,24,0,16,1,56,1,2,2
27,96,1,1,1,1,0,25,3,10,1,53,1,1,0
27,96,1,1,1,1,0,19,3,20,1,84,1,2,0
21,67,1,1,2,1,1,18,1,13,0,100,0,2,3
21,67,1,1,2,1,1,22,2,6,0,67,0,2,3
21,67,1,1,1,1,1,18,1,13,0,100,0,2,3
21,67,1,1,1,1,1,22,2,6,0,67,0,2,3
30,100,1,1,0,1,0,23,0,3,1,99,1,1,1
30,100,1,1,0,1,0,18,3,5,1,72,1,2,2
30,100,1,1,0,1,0,20,0,20,1,91,1,1,2
30,100,2,0,1,1,0,23,0,3,1,99,1,1,1
30,100,2,0,1,1,0,18,3,5,1,72,1,2,2
30,100,2,0,1,1,0,20,0,20,1,91,1,1,2
36,88,2,0,2,1,0,19,2,5,0,85,0,1,1
36,88,2,0,2,1,0,21,1,11,0,73,1,0,0
36,88,2,0,2,1,0,25,3,3,0,72,0,2,3
36,88,2,0,2,1,0,28,1,11,0,77,1,1,2
36,88,2,0,2,1,0,21,3,19,0,71,1,2,2
23,65,1,1,1,1,1,20,0,12,1,75,1,1,0
23,65,1,1,1,1,1,24,3,17,1,95,1,0,1
23,65,1,1,1,1,1,29,3,14,1,77,0,1,3
23,65,2,0,0,0,1,20,0,12,1,75,1,1,0
23,65,2,0,0,0,1,24,3,17,1,95,1,0,1
23,65,2,0,0,0,1,29,3,14,1,77,0,1,3
23,65,1,0,2,0,1,20,0,12,1,75,1,1,0
23,65,1,0,2,0,1,24,3,17,1,95,1,0,1
23,65,1,0,2,0,1,29,3,14,1,77,0,1,3
9,76,1,0,1,1,1,28,0,2,0,86,0,1,0
9,76,1,0,1,1,1,19,1,16,1,95,1,1,2
9,76,2,0,0,0,1,28,0,2,0,86,0,1,0
9,76,2,0,0,0,1,19,1,16,1,95,1,1,2
9,76,1,1,1,1,1,28,0,2,0,86,0,1,0
9,76,1,1,1,1,1,19,1,16,1,95,1,1,2
25,94,2,0,0,1,0,19,0,4,0,51,1,2,3
25,94,0,1,0,1,0,19,0,4,0,51,1,2,3
25,94,2,0,2,1,0,19,0,4,0,51,1,2,3
25,94,0,1,1,1,0,19,0,4,0,51,1,2,3
28,84,1,1,1,0,0,23,2,17,1,90,1,2,2
28,84,1,1,1,1,0,23,2,17,1,90,1,2,2
19,86,1,0,1,1,0,22,2,19,1,96,1,2,2
19,86,1,0,1,1,0,21,2,12,1,51,1,1,1
19,86,1,0,1,1,0,21,1,10,1,76,1,1,2
19,62,1,1,0,1,0,29,3,12,0,89,0,1,2
19,62,1,1,0,1,0,28,2,20,0,90,0,2,0
19,62,1,1,1,1,0,29,3,12,0,89,0,1,2
19,62,1,1,1,1,0,28,2,20,0,90,0,2,0
19,62,0,1,1,1,0,29,3,12,0,89,0,1,2
19,62,0,1,1,1,0,28,2,20,0,90,0,2,0
24,79,0,1,2,1,1,28,3,4,1,85,1,2,0
24,79,2,0,2,0,1,28,3,4,1,85,1,2,0
24,79,1,0,2,1,1,28,3,4,1,85,1,2,0
30,63,1,0,1,1,0,29,0,2,0,67,1,2,3
30,63,1,0,1,1,0,20,3,6,1,66,1,2,0
30,63,2,1,1,1,0,29,0,2,0,67,1,2,3
30,63,2,1,1,1,0,20,3,6,1,66,1,2,0
30,63,2,0,1,1,0,29,0,2,0,67,1,2,3
30,63,2,0,1,1,0,20,3,6,1,66,1,2,0
30,63,0,0,2,1,0,29,0,2,0,67,1,2,3
30,63,0,0,2,1,0,20,3,6,1,66,1,2,0
13,73,1,1,1,1,1,26,3,16,1,99,1,2,0
13,73,1,1,1,1,1,20,2,7,1,52,1,2,2
13,73,0,0,1,1,1,26,3,16,1,99,1,2,0
13,73,0,0,1,1,1,20,2,7,1,52,1,2,2
23,66,0,0,0,1,1,29,2,10,1,92,1,0,3
23,66,2,0,1,1,1,29,2,10,1,92,1,0,3
23,66,2,1,2,1,1,29,2,10,1,92,1,0,3
23,66,1,0,0,1,1,29,2,10,1,92,1,0,3
27,94,1,1,1,1,1,24,2,3,1,84,1,2,1
18,81,0,1,0,1,1,28,0,17,1,87,1,2,2
18,81,2,1,0,1,1,28,0,17,1,87,1,2,2
18,81,2,0,0,1,1,28,0,17,1,87,1,2,2
18,81,1,0,0,1,1,28,0,17,1,87,1,2,2
18,81,2,1,1,1,1,28,0,17,1,87,1,2,2
18,81,0,1,2,1,1,28,0,17,1,87,1,2,2
18,81,1,0,1,1,1,28,0,17,1,87,1,2,2
30,71,1,1,2,0,1,20,0,2,0,81,1,2,0
30,71,1,1,2,0,1,20,0,10,0,53,1,2,3
9,75,0,0,2,1,1,29,2,2,1,88,1,1,3
11,89,1,1,1,1,0,25,2,7,0,56,0,0,3
11,89,1,1,1,1,0,25,3,16,1,51,0,2,0
28,82,1,1,1,1,0,24,0,1,0,67,1,2,0
28,82,1,1,1,1,0,23,0,9,1,56,1,2,0
29,62,1,1,1,1,1,26,3,15,1,79,1,0,2
32,87,2,1,1,1,1,25,1,17,1,86,1,0,3
32,96,0,1,0,1,1,19,0,0,0,62,1,2,2
27,92,1,0,2,1,1,26,0,13,1,100,1,0,2
27,92,1,0,2,1,1,27,3,14,1,75,1,2,0
27,92,1,0,2,1,1,20,2,17,1,97,1,2,0
27,92,1,1,2,1,1,26,0,13,1,100,1,0,2
27,92,1,1,2,1,1,27,3,14,1,75,1,2,0
27,92,1,1,2,1,1,20,2,17,1,97,1,2,0
27,92,1,1,0,1,1,26,0,13,1,100,1,0,2
27,92,1,1,0,1,1,27,3,14,1,75,1,2,0
27,92,1,1,0,1,1,20,2,17,1,97,1,2,0
27,92,1,1,1,1,1,26,0,13,1,100,1,0,2
27,92,1,1,1,1,1,27,3,14,1,75,1,2,0
27,92,1,1,1,1,1,20,2,17,1,97,1,2,0
27,92,1,0,1,1,1,26,0,13,1,100,1,0,2
27,92,1,0,1,1,1,27,3,14,1,75,1,2,0
27,92,1,0,1,1,1,20,2,17,1,97,1,2,0
27,92,2,1,1,1,1,26,0,13,1,100,1,0,2
27,92,2,1,1,1,1,27,3,14,1,75,1,2,0
27,92,2,1,1,1,1,20,2,17,1,97,1,2,0
26,67,1,1,2,1,1,27,2,9,0,51,0,2,2
26,67,1,1,2,1,1,27,1,0,1,75,1,1,3
26,67,1,1,2,1,1,19,3,14,0,94,1,1,0
26,67,1,1,2,1,1,28,2,7,1,66,1,2,2
26,67,2,1,1,1,1,27,2,9,0,51,0,2,2
26,67,2,1,1,1,1,27,1,0,1,75,1,1,3
26,67,2,1,1,1,1,19,3,14,0,94,1,1,0
26,67,2,1,1,1,1,28,2,7,1,66,1,2,2
26,67,0,1,2,1,1,27,2,9,0,51,0,2,2
26,67,0,1,2,1,1,27,1,0,1,75,1,1,3
26,67,0,1,2,1,1,19,3,14,0,94,1,1,0
26,67,0,1,2,1,1,28,2,7,1,66,1,2,2
26,67,1,1,1,1,1,27,2,9,0,51,0,2,2
26,67,1,1,1,1,1,27,1,0,1,75,1,1,3
26,67,1,1,1,1,1,19,3,14,0,94,1,1,0
26,67,1,1,1,1,1,28,2,7,1,66,1,2,2
26,67,1,1,0,1,1,27,2,9,0,51,0,2,2
26,67,1,1,0,1,1,27,1,0,1,75,1,1,3
26,67,1,1,0,1,1,19,3,14,0,94,1,1,0
26,67,1,1,0,1,1,28,2,7,1,66,1,2,2
26,67,1,0,1,1,1,27,2,9,0,51,0,2,2
26,67,1,0,1,1,1,27,1,0,1,75,1,1,3
26,67,1,0,1,1,1,19,3,14,0,94,1,1,0
26,67,1,0,1,1,1,28,2,7,1,66,1,2,2
26,67,2,1,2,1,1,27,2,9,0,51,0,2,2
26,67,2,1,2,1,1,27,1,0,1,75,1,1,3
26,67,2,1,2,1,1,19,3,14,0,94,1,1,0
26,67,2,1,2,1,1,28,2,7,1,66,1,2,2
17,63,1,0,2,1,1,20,3,20,0,83,0,2,2
17,63,1,0,2,1,1,25,0,14,0,81,0,1,3
17,63,1,0,2,1,1,28,3,11,1,83,1,2,0
17,63,1,0,2,1,1,18,0,20,1,57,0,1,0
17,63,1,0,0,1,1,20,3,20,0,83,0,2,2
17,63,1,0,0,1,1,25,0,14,0,81,0,1,3
17,63,1,0,0,1,1,28,3,11,1,83,1,2,0
17,63,1,0,0,1,1,18,0,20,1,57,0,1,0
17,63,1,1,1,1,1,20,3,20,0,83,0,2,2
17,63,1,1,1,1,1,25,0,14,0,81,0,1,3
17,63,1,1,1,1,1,28,3,11,1,83,1,2,0
17,63,1,1,1,1,1,18,0,20,1,57,0,1,0
26,87,1,1,2,1,1,23,2,17,1,81,1,2,0
26,87,1,1,2,1,1,20,0,4,1,56,1,2,1
26,87,1,1,2,1,1,27,3,11,0,98,1,2,2
26,87,1,1,2,1,1,20,1,0,1,50,0,2,3
26,87,1,1,2,1,1,18,0,5,1,55,0,2,3
26,87,2,0,0,1,1,23,2,17,1,81,1,2,0
26,87,2,0,0,1,1,20,0,4,1,56,1,2,1
26,87,2,0,0,1,1,27,3,11,0,98,1,2,2
26,87,2,0,0,1,1,20,1,0,1,50,0,2,3
26,87,2,0,0,1,1,18,0,5,1,55,0,2,3
26,87,1,0,2,1,1,23,2,17,1,81,1,2,0
26,87,1,0,2,1,1,20,0,4,1,56,1,2,1
26,87,1,0,2,1,1,27,3,11,0,98,1,2,2
26,87,1,0,2,1,1,20,1,0,1,50,0,2,3
26,87,1,0,2,1,1,18,0,5,1,55,0,2,3
26,87,1,1,1,1,1,23,2,17,1,81,1,2,0
26,87,1,1,1,1,1,20,0,4,1,56,1,2,1
26,87,1,1,1,1,1,27,3,11,0,98,1,2,2
26,87,1,1,1,1,1,20,1,0,1,50,0,2,3
26,87,1,1,1,1,1,18,0,5,1,55,0,2,3
29,62,2,1,2,1,0,25,1,0,1,91,1,0,3
29,62,2,1,2,1,0,21,0,5,1,54,1,2,0
29,62,2,1,2,1,0,22,3,12,1,58,1,2,2
29,62,2,1,2,1,0,25,1,5,1,64,0,2,0
29,62,2,1,2,1,0,24,0,19,1,78,0,2,3
29,62,2,1,2,1,0,25,1,19,1,90,0,1,1
29,62,2,1,2,1,0,24,2,16,1,80,0,0,1
9,82,1,0,1,1,0,25,3,2,0,54,0,2,0
9,82,0,1,1,1,0,25,3,2,0,54,0,2,0
29,94,1,1,1,0,1,23,0,12,0,50,1,2,2
29,94,1,1,1,0,1,24,0,4,1,97,1,1,3
29,94,1,1,1,0,1,23,2,20,1,98,1,2,2
29,94,2,1,1,1,1,23,0,12,0,50,1,2,2
29,94,2,1,1,1,1,24,0,4,1,97,1,1,3
29,94,2,1,1,1,1,23,2,20,1,98,1,2,2
14,67,1,0,1,1,1,28,2,7,0,62,1,0,2
14,67,1,0,1,1,1,19,2,7,0,51,1,0,0
14,67,0,0,1,1,1,28,2,7,0,62,1,0,2
14,67,0,0,1,1,1,19,2,7,0,51,1,0,0
14,67,1,1,0,1,1,28,2,7,0,62,1,0,2
14,67,1,1,0,1,1,19,2,7,0,51,1,0,0
31,61,1,0,1,1,1,22,0,13,0,96,1,2,0
31,61,1,0,1,1,1,26,3,20,1,64,1,1,3
27,73,1,0,0,1,0,23,3,12,0,60,1,0,2
27,73,1,0,0,1,0,29,2,18,0,50,1,0,2
27,73,1,0,0,1,0,29,0,8,0,58,1,0,0
27,73,1,0,1,1,0,23,3,12,0,60,1,0,2
27,73,1,0,1,1,0,29,2,18,0,50,1,0,2
27,73,1,0,1,1,0,29,0,8,0,58,1,0,0
27,73,2,1,2,1,0,23,3,12,0,60,1,0,2
27,73,2,1,2,1,0,29,2,18,0,50,1,0,2
27,73,2,1,2,1,0,29,0,8,0,58,1,0,0
27,73,0,0,1,1,0,23,3,12,0,60,1,0,2
27,73,0,0,1,1,0,29,2,18,0,50,1,0,2
27,73,0,0,1,1,0,29,0,8,0,58,1,0,0
23,96,1,1,2,1,0,28,3,16,0,78,0,2,3
23,96,1,1,2,1,0,29,0,10,1,66,0,2,2
23,96,0,0,1,1,0,28,3,16,0,78,0,2,3
23,96,0,0,1,1,0,29,0,10,1,66,0,2,2
23,96,1,1,1,1,0,28,3,16,0,78,0,2,3
23,96,1,1,1,1,0,29,0,10,1,66,0,2,2
23,96,2,1,0,1,0,28,3,16,0,78,0,2,3
23,96,2,1,0,1,0,29,0,10,1,66,0,2,2
31,65,0,1,1,1,1,19,2,3,0,87,1,2,3
9,95,1,1,1,1,1,23,3,3,0,52,0,2,1
9,95,1,1,1,1,1,21,3,6,0,85,1,2,0
19,85,1,1,0,1,0,18,1,11,0,95,0,1,0
19,85,1,0,0,1,0,18,1,11,0,95,0,1,0
19,85,1,1,2,1,0,18,1,11,0,95,0,1,0
19,85,0,1,1,1,0,18,1,11,0,95,0,1,0
19,85,2,1,1,1,0,18,1,11,0,95,0,1,0
19,85,1,1,1,1,0,18,1,11,0,95,0,1,0
19,85,2,0,1,1,0,18,1,11,0,95,0,1,0
17,81,1,0,1,1,0,19,3,10,1,100,1,2,1
17,81,2,0,2,1,0,19,3,10,1,100,1,2,1
17,81,0,1,2,1,0,19,3,10,1,100,1,2,1
17,81,1,0,2,1,0,19,3,10,1,100,1,2,1
17,81,0,0,1,1,0,19,3,10,1,100,1,2,1
10,64,2,0,1,1,1,18,1,0,1,52,1,1,0
10,64,2,0,1,1,1,24,2,0,0,54,1,0,3
17,100,1,0,0,1,1,29,3,16,0,81,0,1,2
17,100,2,0,0,1,1,29,3,16,0,81,0,1,2
17,100,2,1,0,1,1,29,3,16,0,81,0,1,2
13,93,1,1,0,1,0,25,2,7,1,78,1,1,3
13,93,1,1,0,1,0,29,1,9,0,82,0,1,1
13,93,1,1,0,1,0,27,0,13,0,71,0,1,3
13,93,1,1,0,1,0,22,0,2,1,75,1,2,3
13,93,1,0,2,1,0,25,2,7,1,78,1,1,3
13,93,1,0,2,1,0,29,1,9,0,82,0,1,1
13,93,1,0,2,1,0,27,0,13,0,71,0,1,3
13,93,1,0,2,1,0,22,0,2,1,75,1,2,3
13,93,0,0,2,1,0,25,2,7,1,78,1,1,3
13,93,0,0,2,1,0,29,1,9,0,82,0,1,1
13,93,0,0,2,1,0,27,0,13,0,71,0,1,3
13,93,0,0,2,1,0,22,0,2,1,75,1,2,3
13,93,2,1,0,1,0,25,2,7,1,78,1,1,3
13,93,2,1,0,1,0,29,1,9,0,82,0,1,1
13,93,2,1,0,1,0,27,0,13,0,71,0,1,3
13,93,2,1,0,1,0,22,0,2,1,75,1,2,3
31,64,0,1,0,1,0,26,3,20,1,89,1,0,3
31,64,0,1,0,1,0,28,2,3,1,86,1,2,2
31,64,0,1,0,1,0,27,2,9,1,98,0,1,2
31,64,0,1,0,1,0,26,1,8,0,77,1,2,2
31,64,0,1,0,1,0,24,2,2,1,77,1,1,2
31,64,1,0,0,1,0,26,3,20,1,89,1,0,3
31,64,1,0,0,1,0,28,2,3,1,86,1,2,2
31,64,1,0,0,1,0,27,2,9,1,98,0,1,2
31,64,1,0,0,1,0,26,1,8,0,77,1,2,2
31,64,1,0,0,1,0,24,2,2,1,77,1,1,2
31,64,1,1,1,1,0,26,3,20,1,89,1,0,3
31,64,1,1,1,1,0,28,2,3,1,86,1,2,2
31,64,1,1,1,1,0,27,2,9,1,98,0,1,2
31,64,1,1,1,1,0,26,1,8,0,77,1,2,2
31,64,1,1,1,1,0,24,2,2,1,77,1,1,2
31,64,2,0,1,1,0,26,3,20,1,89,1,0,3
31,64,2,0,1,1,0,28,2,3,1,86,1,2,2
31,64,2,0,1,1,0,27,2,9,1,98,0,1,2
31,64,2,0,1,1,0,26,1,8,0,77,1,2,2
31,64,2,0,1,1,0,24,2,2,1,77,1,1,2
30,69,1,1,1,1,0,23,3,11,0,91,1,2,2
30,69,1,1,1,1,0,25,3,0,1,76,1,1,0
30,69,1,1,1,1,0,25,1,1,0,70,0,1,1
30,69,1,0,1,1,0,23,3,11,0,91,1,2,2
30,69,1,0,1,1,0,25,3,0,1,76,1,1,0
30,69,1,0,1,1,0,25,1,1,0,70,0,1,1
17,60,1,1,1,1,1,25,1,3,1,51,0,2,1
17,60,1,1,1,1,1,18,3,1,0,93,1,2,2
17,60,1,1,1,1,1,26,3,4,1,69,0,2,2
25,95,1,0,1,1,1,25,2,10,1,92,1,1,3
25,95,1,0,1,1,1,28,2,0,1,65,1,1,3
25,95,1,0,1,1,1,20,0,19,0,98,1,2,0
25,95,1,1,2,0,1,25,2,10,1,92,1,1,3
25,95,1,1,2,0,1,28,2,0,1,65,1,1,3
25,95,1,1,2,0,1,20,0,19,0,98,1,2,0
25,95,0,1,1,1,1,25,2,10,1,92,1,1,3
25,95,0,1,1,1,1,28,2,0,1,65,1,1,3
25,95,0,1,1,1,1,20,0,19,0,98,1,2,0
25,95,2,0,1,1,1,25,2,10,1,92,1,1,3
25,95,2,0,1,1,1,28,2,0,1,65,1,1,3
25,95,2,0,1,1,1,20,0,19,0,98,1,2,0
25,95,2,1,1,1,1,25,2,10,1,92,1,1,3
25,95,2,1,1,1,1,28,2,0,1,65,1,1,3
25,95,2,1,1,1,1,20,0,19,0,98,1,2,0
25,95,1,1,0,1,1,25,2,10,1,92,1,1,3
25,95,1,1,0,1,1,28,2,0,1,65,1,1,3
25,95,1,1,0,1,1,20,0,19,0,98,1,2,0
27,90,1,1,1,1,0,27,1,16,1,74,0,0,0
27,90,2,0,1,1,0,27,1,16,1,74,0,0,0
27,90,1,0,1,1,0,27,1,16,1,74,0,0,0
15,60,0,1,2,1,1,22,1,12,0,85,1,1,1
15,60,0,1,2,1,1,29,3,11,1,95,1,2,0
15,60,0,1,2,1,1,18,3,8,0,70,0,1,3
15,60,0,1,2,1,1,27,0,0,1,57,0,2,2
15,60,2,0,0,1,1,22,1,12,0,85,1,1,1
15,60,2,0,0,1,1,29,3,11,1,95,1,2,0
15,60,2,0,0,1,1,18,3,8,0,70,0,1,3
15,60,2,0,0,1,1,27,0,0,1,57,0,2,2
15,60,1,1,0,1,1,22,1,12,0,85,1,1,1
15,60,1,1,0,1,1,29,3,11,1,95,1,2,0
15,60,1,1,0,1,1,18,3,8,0,70,0,1,3
15,60,1,1,0,1,1,27,0,0,1,57,0,2,2
15,60,0,0,1,1,1,22,1,12,0,85,1,1,1
15,60,0,0,1,1,1,29,3,11,1,95,1,2,0
15,60,0,0,1,1,1,18,3,8,0,70,0,1,3
15,60,0,0,1,1,1,27,0,0,1,57,0,2,2
15,60,1,0,2,1,1,22,1,12,0,85,1,1,1
15,60,1,0,2,1,1,29,3,11,1,95,1,2,0
15,60,1,0,2,1,1,18,3,8,0,70,0,1,3
15,60,1,0,2,1,1,27,0,0,1,57,0,2,2
19,72,2,0,1,1,1,29,0,1,1,50,1,1,3
19,72,2,0,1,1,1,25,3,3,1,90,1,1,3
19,72,1,1,0,1,1,29,0,1,1,50,1,1,3
19,72,1,1,0,1,1,25,3,3,1,90,1,1,3
19,72,0,0,1,1,1,29,0,1,1,50,1,1,3
19,72,0,0,1,1,1,25,3,3,1,90,1,1,3
19,72,1,1,2,1,1,29,0,1,1,50,1,1,3
19,72,1,1,2,1,1,25,3,3,1,90,1,1,3
25,70,1,1,2,1,1,18,1,7,0,81,1,2,2
25,70,1,0,1,1,1,18,1,7,0,81,1,2,2
25,70,2,1,1,1,1,18,1,7,0,81,1,2,2
25,70,1,1,1,1,1,18,1,7,0,81,1,2,2
25,70,2,0,2,1,1,18,1,7,0,81,1,2,2
25,70,1,1,0,1,1,18,1,7,0,81,1,2,2
24,67,2,1,0,1,0,18,1,11,1,82,0,1,0
24,67,1,1,0,1,0,18,1,11,1,82,0,1,0
24,67,1,0,1,1,0,18,1,11,1,82,0,1,0
24,67,2,1,1,1,0,18,1,11,1,82,0,1,0
24,67,2,0,2,1,0,18,1,11,1,82,0,1,0
24,67,1,0,0,1,0,18,1,11,1,82,0,1,0
24,67,1,1,1,1,0,18,1,11,1,82,0,1,0
24,67,0,0,1,1,0,18,1,11,1,82,0,1,0
11,87,1,1,1,1,0,28,2,18,0,58,1,2,2
11,87,1,1,1,1,0,29,3,12,1,56,1,0,0
11,87,1,1,1,1,0,28,0,10,1,79,0,0,0
11,87,1,0,2,1,0,28,2,18,0,58,1,2,2
11,87,1,0,2,1,0,29,3,12,1,56,1,0,0
11,87,1,0,2,1,0,28,0,10,1,79,0,0,0
17,69,1,1,0,1,1,19,3,2,0,84,1,2,1
17,69,2,1,1,1,1,19,3,2,0,84,1,2,1
17,69,1,1,2,1,1,19,3,2,0,84,1,2,1
25,84,1,1,0,1,0,24,3,17,0,88,1,1,3
25,84,1,1,1,1,0,24,3,17,0,88,1,1,3
10,89,2,1,1,1,0,18,1,9,1,74,1,2,1
15,65,1,0,0,1,0,25,1,15,0,96,1,0,0
15,65,1,0,0,1,0,25,0,16,1,65,0,2,0
15,65,1,0,0,1,0,21,3,1,1,86,0,1,2
15,65,2,1,1,1,0,25,1,15,0,96,1,0,0
15,65,2,1,1,1,0,25,0,16,1,65,0,2,0
15,65,2,1,1,1,0,21,3,1,1,86,0,1,2
15,65,1,0,1,1,0,25,1,15,0,96,1,0,0
15,65,1,0,1,1,0,25,0,16,1,65,0,2,0
15,65,1,0,1,1,0,21,3,1,1,86,0,1,2
15,65,0,1,1,0,0,25,1,15,0,96,1,0,0
15,65,0,1,1,0,0,25,0,16,1,65,0,2,0
15,65,0,1,1,0,0,21,3,1,1,86,0,1,2
15,65,1,1,1,1,0,25,1,15,0,96,1,0,0
15,65,1,1,1,1,0,25,0,16,1,65,0,2,0
15,65,1,1,1,1,0,21,3,1,1,86,0,1,2
15,65,2,1,0,1,0,25,1,15,0,96,1,0,0
15,65,2,1,0,1,0,25,0,16,1,65,0,2,0
15,65,2,1,0,1,0,21,3,1,1,86,0,1,2
15,65,0,1,1,1,0,25,1,15,0,96,1,0,0
15,65,0,1,1,1,0,25,0,16,1,65,0,2,0
15,65,0,1,1,1,0,21,3,1,1,86,0,1,2
21,63,1,0,0,1,0,29,1,20,0,97,1,2,0
21,63,1,0,0,1,0,25,3,3,0,81,1,2,3
21,63,1,0,0,1,0,26,3,1,0,91,1,2,2
21,63,1,0,0,1,0,25,2,9,1,54,1,2,1
21,63,0,0,1,1,0,29,1,20,0,97,1,2,0
21,63,0,0,1,1,0,25,3,3,0,81,1,2,3
21,63,0,0,1,1,0,26,3,1,0,91,1,2,2
21,63,0,0,1,1,0,25,2,9,1,54,1,2,1
21,63,0,1,0,1,0,29,1,20,0,97,1,2,0
21,63,0,1,0,1,0,25,3,3,0,81,1,2,3
21,63,0,1,0,1,0,26,3,1,0,91,1,2,2
21,63,0,1,0,1,0,25,2,9,1,54,1,2,1
21,63,1,1,1,1,0,29,1,20,0,97,1,2,0
21,63,1,1,1,1,0,25,3,3,0,81,1,2,3
21,63,1,1,1,1,0,26,3,1,0,91,1,2,2
21,63,1,1,1,1,0,25,2,9,1,54,1,2,1
21,63,1,0,1,1,0,29,1,20,0,97,1,2,0
21,63,1,0,1,1,0,25,3,3,0,81,1,2,3
21,63,1,0,1,1,0,26,3,1,0,91,1,2,2
21,63,1,0,1,1,0,25,2,9,1,54,1,2,1
27,99,1,1,1,1,1,29,1,17,0,59,1,2,0
27,99,1,0,0,1,1,29,1,17,0,59,1,2,0
27,99,1,0,2,1,1,29,1,17,0,59,1,2,0
27,99,0,1,0,1,1,29,1,17,0,59,1,2,0
20,62,0,0,2,1,0,21,1,1,1,64,0,0,0
20,62,0,1,2,0,0,21,1,1,1,64,0,0,0
20,62,1,1,1,1,0,21,1,1,1,64,0,0,0
20,62,1,1,1,0,0,21,1,1,1,64,0,0,0
20,62,1,0,2,1,0,21,1,1,1,64,0,0,0
21,79,0,1,2,1,0,21,1,4,0,73,1,2,1
21,79,0,1,2,1,0,25,3,17,1,51,0,2,2
21,79,0,1,2,1,0,26,1,5,1,62,1,1,3
21,79,2,1,1,1,0,21,1,4,0,73,1,2,1
21,79,2,1,1,1,0,25,3,17,1,51,0,2,2
21,79,2,1,1,1,0,26,1,5,1,62,1,1,3
21,79,0,0,0,1,0,21,1,4,0,73,1,2,1
21,79,0,0,0,1,0,25,3,17,1,51,0,2,2
21,79,0,0,0,1,0,26,1,5,1,62,1,1,3
21,79,0,1,0,1,0,21,1,4,0,73,1,2,1
21,79,0,1,0,1,0,25,3,17,1,51,0,2,2
21,79,0,1,0,1,0,26,1,5,1,62,1,1,3
21,79,0,0,1,1,0,21,1,4,0,73,1,2,1
21,79,0,0,1,1,0,25,3,17,1,51,0,2,2
21,79,0,0,1,1,0,26,1,5,1,62,1,1,3
21,79,2,0,0,1,0,21,1,4,0,73,1,2,1
21,79,2,0,0,1,0,25,3,17,1,51,0,2,2
21,79,2,0,0,1,0,26,1,5,1,62,1,1,3
21,79,1,1,2,1,0,21,1,4,0,73,1,2,1
21,79,1,1,2,1,0,25,3,17,1,51,0,2,2
21,79,1,1,2,1,0,26,1,5,1,62,1,1,3
18,93,2,1,1,1,1,28,3,12,0,74,1,2,1
18,93,2,1,1,1,1,23,1,20,1,68,1,0,0
18,93,2,1,1,1,1,27,3,12,0,96,1,2,1
18,93,2,1,1,1,1,27,0,20,0,91,1,2,0
18,93,0,1,1,1,1,28,3,12,0,74,1,2,1
18,93,0,1,1,1,1,23,1,20,1,68,1,0,0
18,93,0,1,1,1,1,27,3,12,0,96,1,2,1
18,93,0,1,1,1,1,27,0,20,0,91,1,2,0
18,93,1,1,1,1,1,28,3,12,0,74,1,2,1
18,93,1,1,1,1,1,23,1,20,1,68,1,0,0
18,93,1,1,1,1,1,27,3,12,0,96,1,2,1
18,93,1,1,1,1,1,27,0,20,0,91,1,2,0
21,85,1,0,2,1,1,23,1,11,0,98,1,2,1
21,85,1,0,2,1,1,22,2,14,0,81,1,2,2
21,85,1,1,1,1,1,23,1,11,0,98,1,2,1
21,85,1,1,1,1,1,22,2,14,0,81,1,2,2
21,85,2,1,1,1,1,23,1,11,0,98,1,2,1
21,85,2,1,1,1,1,22,2,14,0,81,1,2,2
21,85,1,0,0,1,1,23,1,11,0,98,1,2,1
21,85,1,0,0,1,1,22,2,14,0,81,1,2,2
21,85,0,0,1,1,1,23,1,11,0,98,1,2,1
21,85,0,0,1,1,1,22,2,14,0,81,1,2,2
21,85,0,1,1,1,1,23,1,11,0,98,1,2,1
21,85,0,1,1,1,1,22,2,14,0,81,1,2,2
14,74,2,0,2,1,1,23,3,18,1,77,0,0,2
14,74,1,1,2,1,1,23,3,18,1,77,0,0,2
14,74,1,1,2,0,1,23,3,18,1,77,0,0,2
14,74,1,1,1,1,1,23,3,18,1,77,0,0,2
14,74,2,1,0,1,1,23,3,18,1,77,0,0,2
14,74,1,0,1,1,1,23,3,18,1,77,0,0,2
23,72,1,1,0,1,1,25,2,17,0,89,0,2,2
23,72,1,1,0,1,1,19,2,20,1,50,1,2,0
23,72,1,1,0,1,1,21,0,7,1,66,1,0,3
23,72,1,1,0,1,1,25,0,17,0,53,0,1,3
23,72,2,1,1,1,1,25,2,17,0,89,0,2,2
23,72,2,1,1,1,1,19,2,20,1,50,1,2,0
23,72,2,1,1,1,1,21,0,7,1,66,1,0,3
23,72,2,1,1,1,1,25,0,17,0,53,0,1,3
23,72,2,0,0,1,1,25,2,17,0,89,0,2,2
23,72,2,0,0,1,1,19,2,20,1,50,1,2,0
23,72,2,0,0,1,1,21,0,7,1,66,1,0,3
23,72,2,0,0,1,1,25,0,17,0,53,0,1,3
23,72,1,1,1,1,1,25,2,17,0,89,0,2,2
23,72,1,1,1,1,1,19,2,20,1,50,1,2,0
23,72,1,1,1,1,1,21,0,7,1,66,1,0,3
23,72,1,1,1,1,1,25,0,17,0,53,0,1,3
23,72,1,1,2,1,1,25,2,17,0,89,0,2,2
23,72,1,1,2,1,1,19,2,20,1,50,1,2,0
23,72,1,1,2,1,1,21,0,7,1,66,1,0,3
23,72,1,1,2,1,1,25,0,17,0,53,0,1,3
23,72,0,1,0,1,1,25,2,17,0,89,0,2,2
23,72,0,1,0,1,1,19,2,20,1,50,1,2,0
23,72,0,1,0,1,1,21,0,7,1,66,1,0,3
23,72,0,1,0,1,1,25,0,17,0,53,0,1,3
23,72,1,0,2,1,1,25,2,17,0,89,0,2,2
23,72,1,0,2,1,1,19,2,20,1,50,1,2,0
23,72,1,0,2,1,1,21,0,7,1,66,1,0,3
23,72,1,0,2,1,1,25,0,17,0,53,0,1,3
23,72,2,1,1,0,1,25,2,17,0,89,0,2,2
23,72,2,1,1,0,1,19,2,20,1,50,1,2,0
23,72,2,1,1,0,1,21,0,7,1,66,1,0,3
23,72,2,1,1,0,1,25,0,17,0,53,0,1,3
25,96,0,1,2,1,1,25,3,13,1,72,0,2,3
25,96,0,1,2,1,1,21,1,3,0,51,1,1,0
25,96,0,1,2,1,1,23,1,19,1,85,1,2,0
25,96,2,1,0,1,1,25,3,13,1,72,0,2,3
25,96,2,1,0,1,1,21,1,3,0,51,1,1,0
25,96,2,1,0,1,1,23,1,19,1,85,1,2,0
25,96,1,0,0,1,1,25,3,13,1,72,0,2,3
25,96,1,0,0,1,1,21,1,3,0,51,1,1,0
25,96,1,0,0,1,1,23,1,19,1,85,1,2,0
25,96,0,0,1,1,1,25,3,13,1,72,0,2,3
25,96,0,0,1,1,1,21,1,3,0,51,1,1,0
25,96,0,0,1,1,1,23,1,19,1,85,1,2,0
25,96,2,0,1,1,1,25,3,13,1,72,0,2,3
25,96,2,0,1,1,1,21,1,3,0,51,1,1,0
25,96,2,0,1,1,1,23,1,19,1,85,1,2,0
6,95,1,1,1,1,0,18,2,6,1,65,0,0,3
6,95,1,1,1,1,0,24,2,2,1,66,1,2,1
32,72,1,1,0,1,0,28,1,6,1,92,1,0,1
32,72,1,1,0,1,0,19,3,13,1,58,1,2,1
28,73,1,1,0,0,0,26,1,6,1,88,1,2,1
28,73,1,1,1,1,0,26,1,6,1,88,1,2,1
28,73,0,0,1,1,0,26,1,6,1,88,1,2,1
28,73,2,1,1,1,0,26,1,6,1,88,1,2,1
14,94,0,1,0,1,0,22,0,19,0,63,1,0,3
14,94,0,1,0,1,0,22,0,10,1,60,1,1,3
14,94,0,1,0,1,0,25,3,1,1,74,1,2,2
14,94,0,1,0,1,0,22,2,4,1,53,1,1,2
14,94,0,1,0,1,0,29,1,2,0,75,0,1,0
14,94,2,1,1,1,0,22,0,19,0,63,1,0,3
14,94,2,1,1,1,0,22,0,10,1,60,1,1,3
14,94,2,1,1,1,0,25,3,1,1,74,1,2,2
14,94,2,1,1,1,0,22,2,4,1,53,1,1,2
14,94,2,1,1,1,0,29,1,2,0,75,0,1,0
14,94,1,0,1,1,0,22,0,19,0,63,1,0,3
14,94,1,0,1,1,0,22,0,10,1,60,1,1,3
14,94,1,0,1,1,0,25,3,1,1,74,1,2,2
14,94,1,0,1,1,0,22,2,4,1,53,1,1,2
14,94,1,0,1,1,0,29,1,2,0,75,0,1,0
14,94,1,1,1,1,0,22,0,19,0,63,1,0,3
14,94,1,1,1,1,0,22,0,10,1,60,1,1,3
14,94,1,1,1,1,0,25,3,1,1,74,1,2,2
14,94,1,1,1,1,0,22,2,4,1,53,1,1,2
14,94,1,1,1,1,0,29,1,2,0,75,0,1,0
11,73,2,1,1,1,1,19,3,3,0,91,0,2,1
11,73,2,1,1,1,1,27,3,15,1,67,1,1,0
11,73,1,0,1,0,1,19,3,3,0,91,0,2,1
11,73,1,0,1,0,1,27,3,15,1,67,1,1,0
11,73,2,0,1,0,1,19,3,3,0,91,0,2,1
11,73,2,0,1,0,1,27,3,15,1,67,1,1,0
25,67,2,1,1,0,1,27,2,12,0,84,1,0,0
25,67,2,1,1,0,1,20,3,0,0,57,1,2,1
25,67,2,1,1,0,1,21,3,12,1,92,0,1,0
25,67,2,1,1,0,1,24,3,13,0,88,1,2,0
25,67,1,1,1,1,1,27,2,12,0,84,1,0,0
25,67,1,1,1,1,1,20,3,0,0,57,1,2,1
25,67,1,1,1,1,1,21,3,12,1,92,0,1,0
25,67,1,1,1,1,1,24,3,13,0,88,1,2,0
25,67,1,1,2,1,1,27,2,12,0,84,1,0,0
25,67,1,1,2,1,1,20,3,0,0,57,1,2,1
25,67,1,1,2,1,1,21,3,12,1,92,0,1,0
25,67,1,1,2,1,1,24,3,13,0,88,1,2,0
39,95,2,1,2,1,1,27,2,1,1,88,1,2,1
39,95,2,1,2,1,1,29,2,6,0,92,1,2,1
27,90,0,0,1,1,1,22,2,18,1,91,1,1,1
27,90,0,0,1,1,1,22,3,8,1,91,1,2,1
27,90,0,0,1,1,1,21,3,1,0,75,0,2,1
27,90,1,0,0,0,1,22,2,18,1,91,1,1,1
27,90,1,0,0,0,1,22,3,8,1,91,1,2,1
27,90,1,0,0,0,1,21,3,1,0,75,0,2,1
27,90,1,0,2,1,1,22,2,18,1,91,1,1,1
27,90,1,0,2,1,1,22,3,8,1,91,1,2,1
27,90,1,0,2,1,1,21,3,1,0,75,0,2,1
27,90,2,0,2,1,1,22,2,18,1,91,1,1,1
27,90,2,0,2,1,1,22,3,8,1,91,1,2,1
27,90,2,0,2,1,1,21,3,1,0,75,0,2,1
11,89,0,1,1,1,1,21,3,8,1,72,0,1,3
11,89,0,1,1,1,1,29,3,10,0,87,1,2,3
11,89,2,0,0,1,1,21,3,8,1,72,0,1,3
11,89,2,0,0,1,1,29,3,10,0,87,1,2,3
26,97,0,0,2,1,0,20,1,19,1,90,0,0,2
26,97,0,0,2,1,0,24,2,13,1,75,1,0,1
26,97,0,0,2,1,0,26,2,16,0,96,1,1,1
26,97,0,1,1,1,0,20,1,19,1,90,0,0,2
26,97,0,1,1,1,0,24,2,13,1,75,1,0,1
26,97,0,1,1,1,0,26,2,16,0,96,1,1,1
17,60,2,1,2,1,0,22,0,15,1,52,1,2,0
17,60,2,1,2,1,0,18,3,15,1,74,1,1,2
17,60,2,1,2,1,0,26,1,4,0,65,1,2,0
17,60,0,0,1,1,0,22,0,15,1,52,1,2,0
17,60,0,0,1,1,0,18,3,15,1,74,1,1,2
17,60,0,0,1,1,0,26,1,4,0,65,1,2,0
17,60,0,1,1,1,0,22,0,15,1,52,1,2,0
17,60,0,1,1,1,0,18,3,15,1,74,1,1,2
17,60,0,1,1,1,0,26,1,4,0,65,1,2,0
28,70,2,1,1,1,1,28,2,11,1,56,0,1,0
28,70,2,1,1,1,1,20,3,5,1,80,1,2,3
28,70,0,1,2,1,1,28,2,11,1,56,0,1,0
28,70,0,1,2,1,1,20,3,5,1,80,1,2,3
28,70,1,1,0,1,1,28,2,11,1,56,0,1,0
28,70,1,1,0,1,1,20,3,5,1,80,1,2,3
28,70,1,1,1,1,1,28,2,11,1,56,0,1,0
28,70,1,1,1,1,1,20,3,5,1,80,1,2,3
20,64,1,1,1,1,1,24,3,20,1,87,1,0,2
20,64,0,1,0,1,1,24,3,20,1,87,1,0,2
20,64,1,1,2,1,1,24,3,20,1,87,1,0,2
20,64,0,1,2,1,1,24,3,20,1,87,1,0,2
20,64,0,0,1,1,1,24,3,20,1,87,1,0,2
16,96,1,0,2,1,1,19,0,9,0,59,1,2,3
16,96,1,0,2,1,1,29,0,7,0,64,0,1,1
16,96,1,1,1,1,1,19,0,9,0,59,1,2,3
16,96,1,1,1,1,1,29,0,7,0,64,0,1,1
16,96,1,1,2,1,1,19,0,9,0,59,1,2,3
16,96,1,1,2,1,1,29,0,7,0,64,0,1,1
16,96,1,0,1,1,1,19,0,9,0,59,1,2,3
16,96,1,0,1,1,1,29,0,7,0,64,0,1,1
26,60,2,1,0,1,1,28,3,19,1,69,1,2,1
14,96,2,1,2,1,1,27,1,1,0,88,1,1,1
14,96,2,1,2,1,1,27,2,16,1,55,1,0,0
14,96,0,0,1,1,1,27,1,1,0,88,1,1,1
14,96,0,0,1,1,1,27,2,16,1,55,1,0,0
23,96,1,1,0,1,1,21,3,14,1,89,1,0,1
23,96,1,0,1,1,1,21,3,14,1,89,1,0,1
23,96,2,1,1,1,1,21,3,14,1,89,1,0,1
23,96,2,0,1,1,1,21,3,14,1,89,1,0,1
32,86,1,1,1,0,1,22,3,11,1,60,1,1,2
32,86,1,1,1,0,1,23,1,9,0,70,1,2,1
32,86,1,1,0,1,1,22,3,11,1,60,1,1,2
32,86,1,1,0,1,1,23,1,9,0,70,1,2,1
14,87,1,0,1,1,0,27,0,18,1,72,1,1,0
14,87,1,0,1,1,0,27,1,11,1,73,0,0,2
23,74,0,1,0,1,0,18,0,3,0,56,1,2,2
23,74,0,1,0,1,0,27,3,17,0,66,0,2,0
23,74,0,1,0,1,0,24,3,13,1,53,0,2,2
23,74,1,0,1,1,0,18,0,3,0,56,1,2,2
23,74,1,0,1,1,0,27,3,17,0,66,0,2,0
23,74,1,0,1,1,0,24,3,13,1,53,0,2,2
23,74,2,0,1,1,0,18,0,3,0,56,1,2,2
23,74,2,0,1,1,0,27,3,17,0,66,0,2,0
23,74,2,0,1,1,0,24,3,13,1,53,0,2,2
23,74,2,1,1,1,0,18,0,3,0,56,1,2,2
23,74,2,1,1,1,0,27,3,17,0,66,0,2,0
23,74,2,1,1,1,0,24,3,13,1,53,0,2,2
19,96,1,0,2,1,1,25,1,11,0,64,1,1,0
19,96,0,1,2,1,1,25,1,11,0,64,1,1,0
19,96,1,0,1,1,1,25,1,11,0,64,1,1,0
19,96,2,1,1,1,1,25,1,11,0,64,1,1,0
19,96,0,1,1,0,1,25,1,11,0,64,1,1,0
19,96,1,1,1,1,1,25,1,11,0,64,1,1,0
19,96,1,1,2,1,1,25,1,11,0,64,1,1,0
26,72,1,0,2,1,1,29,1,11,1,75,1,2,0
26,72,1,0,2,1,1,28,1,18,1,77,0,1,2
26,72,1,1,1,1,1,29,1,11,1,75,1,2,0
26,72,1,1,1,1,1,28,1,18,1,77,0,1,2
26,72,2,0,1,1,1,29,1,11,1,75,1,2,0
26,72,2,0,1,1,1,28,1,18,1,77,0,1,2
26,72,1,0,1,0,1,29,1,11,1,75,1,2,0
26,72,1,0,1,0,1,28,1,18,1,77,0,1,2
36,64,1,1,1,1,0,24,0,11,1,87,1,1,0
36,64,1,1,1,1,0,26,3,9,1,56,1,2,2
36,64,1,1,1,1,0,26,3,18,1,63,0,0,0
36,64,1,1,1,1,0,23,2,3,1,70,0,2,0
22,66,2,0,1,1,1,21,1,13,1,86,1,0,3
22,66,2,0,1,1,1,20,1,1,1,84,1,2,2
22,66,1,0,2,1,1,21,1,13,1,86,1,0,3
22,66,1,0,2,1,1,20,1,1,1,84,1,2,2
22,66,0,1,1,1,1,21,1,13,1,86,1,0,3
22,66,0,1,1,1,1,20,1,1,1,84,1,2,2
22,91,2,1,0,1,1,19,1,0,1,60,1,1,0
22,91,1,1,1,1,1,19,1,0,1,60,1,1,0
22,91,2,0,1,1,1,19,1,0,1,60,1,1,0
22,91,2,1,1,1,1,19,1,0,1,60,1,1,0
22,91,0,0,1,1,1,19,1,0,1,60,1,1,0
18,85,1,0,0,1,1,19,3,20,1,65,1,0,1
18,85,1,0,0,1,1,21,2,13,1,85,1,1,1
18,85,0,1,2,1,1,19,3,20,1,65,1,0,1
18,85,0,1,2,1,1,21,2,13,1,85,1,1,1
18,85,2,0,1,1,1,19,3,20,1,65,1,0,1
18,85,2,0,1,1,1,21,2,13,1,85,1,1,1
18,85,1,1,1,1,1,19,3,20,1,65,1,0,1
18,85,1,1,1,1,1,21,2,13,1,85,1,1,1
18,85,1,0,1,1,1,19,3,20,1,65,1,0,1
18,85,1,0,1,1,1,21,2,13,1,85,1,1,1
18,85,1,1,0,1,1,19,3,20,1,65,1,0,1
18,85,1,1,0,1,1,21,2,13,1,85,1,1,1
21,69,1,0,2,1,0,18,2,17,1,81,1,1,1
21,69,1,1,1,1,0,18,2,17,1,81,1,1,1
28,92,2,0,2,1,1,28,2,17,1,55,0,0,2
28,92,2,0,2,1,1,19,2,9,1,76,1,2,2
28,92,2,0,2,1,1,27,1,8,1,70,1,1,2
28,92,2,0,2,1,1,29,3,16,1,56,1,2,3
7,96,2,0,1,1,1,23,3,19,1,93,1,2,1
7,96,2,0,1,1,1,28,2,1,0,73,0,1,3
7,96,0,0,1,1,1,23,3,19,1,93,1,2,1
7,96,0,0,1,1,1,28,2,1,0,73,0,1,3
16,76,1,1,0,1,0,21,2,16,1,65,0,0,2
16,76,1,1,0,1,0,20,2,19,0,52,0,1,3
16,76,1,1,0,1,0,25,1,3,1,68,1,2,2
16,76,1,0,0,1,0,21,2,16,1,65,0,0,2
16,76,1,0,0,1,0,20,2,19,0,52,0,1,3
16,76,1,0,0,1,0,25,1,3,1,68,1,2,2
16,76,2,1,2,1,0,21,2,16,1,65,0,0,2
16,76,2,1,2,1,0,20,2,19,0,52,0,1,3
16,76,2,1,2,1,0,25,1,3,1,68,1,2,2
16,76,1,1,1,1,0,21,2,16,1,65,0,0,2
16,76,1,1,1,1,0,20,2,19,0,52,0,1,3
16,76,1,1,1,1,0,25,1,3,1,68,1,2,2
16,76,1,0,1,1,0,21,2,16,1,65,0,0,2
16,76,1,0,1,1,0,20,2,19,0,52,0,1,3
16,76,1,0,1,1,0,25,1,3,1,68,1,2,2
28,81,1,1,0,1,1,24,3,16,1,94,0,0,1
28,81,1,1,0,1,1,20,1,11,1,93,1,1,3
28,81,1,1,2,1,1,24,3,16,1,94,0,0,1
28,81,1,1,2,1,1,20,1,11,1,93,1,1,3
28,81,1,1,1,1,1,24,3,16,1,94,0,0,1
28,81,1,1,1,1,1,20,1,11,1,93,1,1,3
28,81,0,1,1,1,1,24,3,16,1,94,0,0,1
28,81,0,1,1,1,1,20,1,11,1,93,1,1,3
28,81,2,1,2,1,1,24,3,16,1,94,0,0,1
28,81,2,1,2,1,1,20,1,11,1,93,1,1,3
28,81,2,0,1,1,1,24,3,16,1,94,0,0,1
28,81,2,0,1,1,1,20,1,11,1,93,1,1,3
14,78,2,1,0,1,0,28,3,4,0,82,1,1,1
14,78,1,1,1,1,0,28,3,4,0,82,1,1,1
14,78,1,1,2,1,0,28,3,4,0,82,1,1,1
14,78,2,1,1,1,0,28,3,4,0,82,1,1,1
14,78,1,0,0,1,0,28,3,4,0,82,1,1,1
25,81,1,1,0,1,1,19,1,5,1,70,1,2,3
25,81,1,1,0,1,1,25,2,10,1,86,1,2,1
25,81,1,1,0,1,1,21,2,3,1,50,1,1,3
25,81,1,1,0,1,1,25,3,1,1,76,0,1,0
25,81,1,1,0,1,1,23,0,14,1,77,1,2,0
25,81,0,1,0,1,1,19,1,5,1,70,1,2,3
25,81,0,1,0,1,1,25,2,10,1,86,1,2,1
25,81,0,1,0,1,1,21,2,3,1,50,1,1,3
25,81,0,1,0,1,1,25,3,1,1,76,0,1,0
25,81,0,1,0,1,1,23,0,14,1,77,1,2,0
25,81,1,0,1,1,1,19,1,5,1,70,1,2,3
25,81,1,0,1,1,1,25,2,10,1,86,1,2,1
25,81,1,0,1,1,1,21,2,3,1,50,1,1,3
25,81,1,0,1,1,1,25,3,1,1,76,0,1,0
25,81,1,0,1,1,1,23,0,14,1,77,1,2,0
25,81,0,1,1,1,1,19,1,5,1,70,1,2,3
25,81,0,1,1,1,1,25,2,10,1,86,1,2,1
25,81,0,1,1,1,1,21,2,3,1,50,1,1,3
25,81,0,1,1,1,1,25,3,1,1,76,0,1,0
25,81,0,1,1,1,1,23,0,14,1,77,1,2,0
19,70,1,1,2,0,0,20,1,9,1,90,1,0,3
19,70,1,1,1,1,0,20,1,9,1,90,1,0,3
19,70,2,0,1,1,0,20,1,9,1,90,1,0,3
18,62,0,1,1,1,0,26,0,16,1,70,1,1,2
18,62,0,1,1,1,0,19,3,18,0,65,1,2,1
18,62,0,1,1,1,0,18,0,20,0,63,1,2,0
18,62,0,1,1,1,0,28,1,12,0,86,1,2,2
18,62,1,1,1,1,0,26,0,16,1,70,1,1,2
18,62,1,1,1,1,0,19,3,18,0,65,1,2,1
18,62,1,1,1,1,0,18,0,20,0,63,1,2,0
18,62,1,1,1,1,0,28,1,12,0,86,1,2,2
18,62,2,1,1,1,0,26,0,16,1,70,1,1,2
18,62,2,1,1,1,0,19,3,18,0,65,1,2,1
18,62,2,1,1,1,0,18,0,20,0,63,1,2,0
18,62,2,1,1,1,0,28,1,12,0,86,1,2,2
18,86,1,1,1,1,0,27,2,0,0,65,0,0,2
18,86,1,1,1,1,0,19,0,12,1,83,0,2,0
18,86,0,1,0,1,0,27,2,0,0,65,0,0,2
18,86,0,1,0,1,0,19,0,12,1,83,0,2,0
27,87,1,1,0,1,0,29,3,8,0,100,0,2,0
27,87,1,1,0,1,0,25,1,10,0,91,1,1,1
27,87,1,1,0,1,0,24,0,8,1,87,1,0,3
27,87,1,0,1,1,0,29,3,8,0,100,0,2,0
27,87,1,0,1,1,0,25,1,10,0,91,1,1,1
27,87,1,0,1,1,0,24,0,8,1,87,1,0,3
13,99,1,0,0,1,0,24,1,3,1,64,0,2,3
13,99,1,1,0,1,0,24,1,3,1,64,0,2,3
13,99,0,0,1,1,0,24,1,3,1,64,0,2,3
27,71,0,0,1,1,1,23,3,10,1,52,0,0,0
27,71,1,1,1,1,1,23,3,10,1,52,0,0,0
27,71,2,1,1,1,1,23,3,10,1,52,0,0,0
24,84,1,1,1,1,1,29,2,15,0,70,1,2,1
24,84,1,1,1,1,1,29,2,7,1,53,1,0,1
24,84,2,0,1,1,1,29,2,15,0,70,1,2,1
24,84,2,0,1,1,1,29,2,7,1,53,1,0,1
24,84,1,0,1,1,1,29,2,15,0,70,1,2,1
24,84,1,0,1,1,1,29,2,7,1,53,1,0,1
16,77,1,1,2,1,0,26,2,6,1,97,0,2,2
16,77,1,1,2,1,0,20,3,7,1,57,1,0,2
16,77,1,1,2,1,0,27,0,18,1,60,0,1,0
16,77,2,1,0,1,0,26,2,6,1,97,0,2,2
16,77,2,1,0,1,0,20,3,7,1,57,1,0,2
16,77,2,1,0,1,0,27,0,18,1,60,0,1,0
16,77,2,1,1,1,0,26,2,6,1,97,0,2,2
16,77,2,1,1,1,0,20,3,7,1,57,1,0,2
16,77,2,1,1,1,0,27,0,18,1,60,0,1,0
16,77,0,1,0,1,0,26,2,6,1,97,0,2,2
16,77,0,1,0,1,0,20,3,7,1,57,1,0,2
16,77,0,1,0,1,0,27,0,18,1,60,0,1,0
16,77,0,0,1,1,0,26,2,6,1,97,0,2,2
16,77,0,0,1,1,0,20,3,7,1,57,1,0,2
16,77,0,0,1,1,0,27,0,18,1,60,0,1,0
22,69,1,0,0,1,1,26,2,4,1,61,0,0,1
22,69,1,0,0,1,1,28,2,6,0,80,0,2,3
22,69,1,1,0,1,1,26,2,4,1,61,0,0,1
22,69,1,1,0,1,1,28,2,6,0,80,0,2,3
22,69,1,0,1,1,1,26,2,4,1,61,0,0,1
22,69,1,0,1,1,1,28,2,6,0,80,0,2,3
22,69,1,1,1,1,1,26,2,4,1,61,0,0,1
22,69,1,1,1,1,1,28,2,6,0,80,0,2,3
27,94,0,0,1,1,0,23,3,0,0,99,1,1,3
27,94,0,0,1,1,0,27,2,4,0,84,1,2,1
27,94,0,0,1,1,0,27,1,16,0,72,1,0,0
27,94,0,0,1,1,0,29,0,19,1,100,0,2,1
27,94,0,0,1,1,0,24,2,17,1,56,1,0,1
27,94,0,0,1,1,0,18,0,1,0,81,0,2,1
27,94,1,1,1,1,0,23,3,0,0,99,1,1,3
27,94,1,1,1,1,0,27,2,4,0,84,1,2,1
27,94,1,1,1,1,0,27,1,16,0,72,1,0,0
27,94,1,1,1,1,0,29,0,19,1,100,0,2,1
27,94,1,1,1,1,0,24,2,17,1,56,1,0,1
27,94,1,1,1,1,0,18,0,1,0,81,0,2,1
27,94,2,1,0,1,0,23,3,0,0,99,1,1,3
27,94,2,1,0,1,0,27,2,4,0,84,1,2,1
27,94,2,1,0,1,0,27,1,16,0,72,1,0,0
27,94,2,1,0,1,0,29,0,19,1,100,0,2,1
27,94,2,1,0,1,0,24,2,17,1,56,1,0,1
27,94,2,1,0,1,0,18,0,1,0,81,0,2,1
27,94,2,0,2,1,0,23,3,0,0,99,1,1,3
27,94,2,0,2,1,0,27,2,4,0,84,1,2,1
27,94,2,0,2,1,0,27,1,16,0,72,1,0,0
27,94,2,0,2,1,0,29,0,19,1,100,0,2,1
27,94,2,0,2,1,0,24,2,17,1,56,1,0,1
27,94,2,0,2,1,0,18,0,1,0,81,0,2,1
31,89,1,0,1,1,0,29,0,4,0,89,0,2,0
31,89,1,0,1,1,0,27,1,20,0,91,1,1,0
31,89,1,0,1,1,0,25,1,4,1,54,0,1,2
31,89,1,1,1,1,0,29,0,4,0,89,0,2,0
31,89,1,1,1,1,0,27,1,20,0,91,1,1,0
31,89,1,1,1,1,0,25,1,4,1,54,0,1,2
27,99,2,0,1,1,0,26,1,5,0,76,0,1,1
27,99,2,0,1,1,0,26,1,16,1,82,1,2,1
7,99,1,1,1,1,1,24,1,15,0,76,1,2,2
7,99,1,1,1,1,1,25,0,9,0,61,1,2,1
7,99,1,1,1,1,1,18,3,5,0,71,1,0,0
25,74,0,1,0,1,0,29,3,13,0,83,0,0,1
25,74,0,1,0,1,0,22,3,11,1,76,0,1,0
25,74,0,1,0,1,0,23,3,1,0,94,1,0,1
25,74,2,1,2,1,0,29,3,13,0,83,0,0,1
25,74,2,1,2,1,0,22,3,11,1,76,0,1,0
25,74,2,1,2,1,0,23,3,1,0,94,1,0,1
25,74,1,1,1,1,0,29,3,13,0,83,0,0,1
25,74,1,1,1,1,0,22,3,11,1,76,0,1,0
25,74,1,1,1,1,0,23,3,1,0,94,1,0,1
18,61,0,1,0,1,1,20,3,4,1,88,1,1,3
18,61,0,0,0,1,1,20,3,4,1,88,1,1,3
18,61,1,1,1,1,1,20,3,4,1,88,1,1,3
27,67,0,0,0,1,0,22,0,8,1,92,0,0,2
27,67,0,0,0,1,0,29,2,10,0,80,1,0,3
27,67,0,0,0,1,0,22,0,11,1,92,1,0,2
27,67,2,1,2,1,0,22,0,8,1,92,0,0,2
27,67,2,1,2,1,0,29,2,10,0,80,1,0,3
27,67,2,1,2,1,0,22,0,11,1,92,1,0,2
27,67,1,1,1,1,0,22,0,8,1,92,0,0,2
27,67,1,1,1,1,0,29,2,10,0,80,1,0,3
27,67,1,1,1,1,0,22,0,11,1,92,1,0,2
31,90,2,0,0,1,1,27,3,8,1,92,1,2,2
19,61,1,0,0,1,1,21,3,13,0,59,1,2,0
19,61,1,0,0,1,1,29,3,11,1,54,1,1,0
19,61,2,1,0,1,1,21,3,13,0,59,1,2,0
19,61,2,1,0,1,1,29,3,11,1,54,1,1,0
19,61,2,1,2,1,1,21,3,13,0,59,1,2,0
19,61,2,1,2,1,1,29,3,11,1,54,1,1,0
19,61,1,0,1,1,1,21,3,13,0,59,1,2,0
19,61,1,0,1,1,1,29,3,11,1,54,1,1,0
19,61,2,0,0,1,1,21,3,13,0,59,1,2,0
19,61,2,0,0,1,1,29,3,11,1,54,1,1,0
18,70,1,1,0,1,0,29,3,8,1,53,1,2,2
18,70,1,1,0,1,0,27,3,16,1,81,1,2,0
18,70,0,0,1,1,0,29,3,8,1,53,1,2,2
18,70,0,0,1,1,0,27,3,16,1,81,1,2,0
18,70,1,0,1,1,0,29,3,8,1,53,1,2,2
18,70,1,0,1,1,0,27,3,16,1,81,1,2,0
18,89,1,0,0,1,1,19,0,16,0,54,0,1,3
18,89,0,0,2,1,1,19,0,16,0,54,0,1,3
18,89,2,1,0,1,1,19,0,16,0,54,0,1,3
18,89,1,0,1,1,1,19,0,16,0,54,0,1,3
10,93,1,0,1,1,1,26,3,1,0,73,1,2,3
10,93,1,0,1,1,1,26,3,17,1,82,1,0,2
26,84,2,1,1,1,0,20,0,12,0,79,1,0,1
26,84,2,1,1,1,0,22,3,17,1,63,1,2,3
26,84,2,1,1,1,0,26,2,1,0,75,1,2,0
26,84,1,1,1,0,0,20,0,12,0,79,1,0,1
26,84,1,1,1,0,0,22,3,17,1,63,1,2,3
26,84,1,1,1,0,0,26,2,1,0,75,1,2,0
30,87,1,0,1,1,1,18,0,11,1,66,1,2,2
30,87,2,1,0,1,1,18,0,11,1,66,1,2,2
30,87,1,1,2,1,1,18,0,11,1,66,1,2,2
30,87,1,0,0,1,1,18,0,11,1,66,1,2,2
30,87,1,1,0,1,1,18,0,11,1,66,1,2,2
19,100,0,0,2,1,1,19,3,8,0,84,0,2,3
19,100,0,1,2,1,1,19,3,8,0,84,0,2,3
19,100,2,1,1,1,1,19,3,8,0,84,0,2,3
19,100,2,1,2,1,1,19,3,8,0,84,0,2,3
19,100,0,1,0,1,1,19,3,8,0,84,0,2,3
19,69,2,1,1,0,0,24,2,3,1,78,1,2,2
19,69,2,1,1,0,0,19,2,4,0,79,1,2,0
19,69,0,0,1,1,0,24,2,3,1,78,1,2,2
19,69,0,0,1,1,0,19,2,4,0,79,1,2,0
19,69,0,1,1,1,0,24,2,3,1,78,1,2,2
19,69,0,1,1,1,0,19,2,4,0,79,1,2,0
19,69,1,1,0,1,0,24,2,3,1,78,1,2,2
19,69,1,1,0,1,0,19,2,4,0,79,1,2,0
19,69,1,1,1,1,0,24,2,3,1,78,1,2,2
19,69,1,1,1,1,0,19,2,4,0,79,1,2,0
19,69,2,1,0,1,0,24,2,3,1,78,1,2,2
19,69,2,1,0,1,0,19,2,4,0,79,1,2,0
27,78,0,1,1,1,1,25,0,17,0,82,0,1,1
27,78,0,1,1,1,1,29,0,19,1,88,1,2,3
27,78,0,1,1,1,1,23,3,5,1,65,1,1,2
27,78,1,0,1,1,1,25,0,17,0,82,0,1,1
27,78,1,0,1,1,1,29,0,19,1,88,1,2,3
27,78,1,0,1,1,1,23,3,5,1,65,1,1,2
27,78,1,1,2,1,1,25,0,17,0,82,0,1,1
27,78,1,1,2,1,1,29,0,19,1,88,1,2,3
27,78,1,1,2,1,1,23,3,5,1,65,1,1,2
27,78,1,0,0,1,1,25,0,17,0,82,0,1,1
27,78,1,0,0,1,1,29,0,19,1,88,1,2,3
27,78,1,0,0,1,1,23,3,5,1,65,1,1,2
27,78,2,0,1,1,1,25,0,17,0,82,0,1,1
27,78,2,0,1,1,1,29,0,19,1,88,1,2,3
27,78,2,0,1,1,1,23,3,5,1,65,1,1,2
27,78,1,1,0,1,1,25,0,17,0,82,0,1,1
27,78,1,1,0,1,1,29,0,19,1,88,1,2,3
27,78,1,1,0,1,1,23,3,5,1,65,1,1,2
14,62,1,1,1,1,0,26,3,19,0,53,1,1,3
14,62,1,1,1,1,0,23,0,5,0,92,1,2,0
14,62,2,1,1,1,0,26,3,19,0,53,1,1,3
14,62,2,1,1,1,0,23,0,5,0,92,1,2,0
14,62,2,1,0,1,0,26,3,19,0,53,1,1,3
14,62,2,1,0,1,0,23,0,5,0,92,1,2,0
21,61,1,0,1,1,0,28,0,13,1,52,0,1,1
21,61,1,0,1,1,0,27,1,14,0,76,1,0,1
21,61,1,1,0,1,0,28,0,13,1,52,0,1,1
21,61,1,1,0,1,0,27,1,14,0,76,1,0,1
21,61,1,1,2,0,0,28,0,13,1,52,0,1,1
21,61,1,1,2,0,0,27,1,14,0,76,1,0,1
23,86,1,0,1,1,1,19,2,10,1,64,1,1,1
23,86,1,1,1,1,1,19,2,10,1,64,1,1,1
26,82,2,0,1,0,0,29,2,4,0,67,0,1,1
26,82,2,0,1,0,0,18,1,0,0,50,1,0,3
26,82,0,1,2,1,0,29,2,4,0,67,0,1,1
26,82,0,1,2,1,0,18,1,0,0,50,1,0,3
26,82,0,0,1,1,0,29,2,4,0,67,0,1,1
26,82,0,0,1,1,0,18,1,0,0,50,1,0,3
24,79,2,1,1,1,0,27,0,12,1,71,1,2,1
24,79,2,1,1,1,0,22,3,8,1,92,1,2,2
24,79,2,1,1,1,0,21,2,12,1,71,1,1,1
24,79,0,0,0,1,0,27,0,12,1,71,1,2,1
24,79,0,0,0,1,0,22,3,8,1,92,1,2,2
24,79,0,0,0,1,0,21,2,12,1,71,1,1,1
9,76,1,1,1,1,0,25,3,19,1,99,1,2,2
9,76,1,1,1,1,0,29,3,0,0,81,1,1,3
9,76,1,1,1,1,0,25,3,7,0,52,0,2,3
23,85,2,0,2,0,0,29,1,8,1,57,0,1,0
23,85,2,0,2,0,0,24,1,13,0,71,1,1,2
23,85,2,1,2,1,0,29,1,8,1,57,0,1,0
23,85,2,1,2,1,0,24,1,13,0,71,1,1,2
23,85,1,1,0,1,0,29,1,8,1,57,0,1,0
23,85,1,1,0,1,0,24,1,13,0,71,1,1,2
23,85,0,1,2,1,0,29,1,8,1,57,0,1,0
23,85,0,1,2,1,0,24,1,13,0,71,1,1,2
23,85,1,1,2,1,0,29,1,8,1,57,0,1,0
23,85,1,1,2,1,0,24,1,13,0,71,1,1,2
23,85,0,0,0,1,0,29,1,8,1,57,0,1,0
23,85,0,0,0,1,0,24,1,13,0,71,1,1,2
30,94,1,0,1,1,0,18,0,9,0,87,1,2,1
30,94,1,0,1,1,0,29,1,20,1,93,0,1,2
30,94,1,1,0,1,0,18,0,9,0,87,1,2,1
30,94,1,1,0,1,0,29,1,20,1,93,0,1,2
30,94,0,0,0,0,0,18,0,9,0,87,1,2,1
30,94,0,0,0,0,0,29,1,20,1,93,0,1,2
28,76,1,1,1,1,1,19,0,12,1,99,1,0,0
28,76,1,1,1,1,1,20,2,0,0,85,1,2,2
28,76,1,1,2,1,1,19,0,12,1,99,1,0,0
28,76,1,1,2,1,1,20,2,0,0,85,1,2,2
28,76,1,0,1,1,1,19,0,12,1,99,1,0,0
28,76,1,0,1,1,1,20,2,0,0,85,1,2,2
28,76,2,1,2,1,1,19,0,12,1,99,1,0,0
28,76,2,1,2,1,1,20,2,0,0,85,1,2,2
28,76,0,0,2,1,1,19,0,12,1,99,1,0,0
28,76,0,0,2,1,1,20,2,0,0,85,1,2,2
30,96,1,1,1,1,0,23,1,4,1,69,0,1,1
30,96,1,1,1,1,0,18,1,5,0,60,0,2,3
30,96,1,1,1,1,0,27,2,7,1,61,1,2,0
33,69,2,1,1,1,1,24,0,18,1,59,0,1,2
33,69,2,1,1,1,1,27,3,10,0,85,0,2,3
16,97,1,0,1,1,0,18,1,14,1,60,1,1,0
16,97,1,0,1,1,0,24,1,5,1,53,0,1,1
16,97,1,0,1,1,0,24,0,11,1,97,1,2,2
16,97,1,0,0,0,0,18,1,14,1,60,1,1,0
16,97,1,0,0,0,0,24,1,5,1,53,0,1,1
16,97,1,0,0,0,0,24,0,11,1,97,1,2,2
12,65,1,0,1,1,0,21,3,10,1,54,0,1,1
12,65,1,0,1,1,0,27,3,6,0,67,1,1,3
12,65,2,1,1,1,0,21,3,10,1,54,0,1,1
12,65,2,1,1,1,0,27,3,6,0,67,1,1,3
12,65,1,1,1,1,0,21,3,10,1,54,0,1,1
12,65,1,1,1,1,0,27,3,6,0,67,1,1,3
12,65,0,1,1,1,0,21,3,10,1,54,0,1,1
12,65,0,1,1,1,0,27,3,6,0,67,1,1,3
16,78,0,1,2,1,0,19,1,7,1,91,1,0,0
16,78,0,1,2,1,0,20,3,5,1,56,1,2,3
16,78,2,0,0,1,0,19,1,7,1,91,1,0,0
16,78,2,0,0,1,0,20,3,5,1,56,1,2,3
16,78,2,0,1,1,0,19,1,7,1,91,1,0,0
16,78,2,0,1,1,0,20,3,5,1,56,1,2,3
16,78,1,0,2,1,0,19,1,7,1,91,1,0,0
16,78,1,0,2,1,0,20,3,5,1,56,1,2,3
16,78,1,1,1,1,0,19,1,7,1,91,1,0,0
16,78,1,1,1,1,0,20,3,5,1,56,1,2,3
12,81,2,1,0,1,0,21,0,12,1,67,1,0,0
12,81,2,0,0,1,0,21,0,12,1,67,1,0,0
9,87,1,0,1,1,0,24,1,11,0,88,0,2,0
9,87,1,0,1,1,0,26,2,16,0,86,1,1,3
9,87,1,0,1,1,0,27,1,14,0,87,1,1,0
9,87,1,0,1,1,0,28,0,19,1,79,1,1,2
9,87,1,0,1,1,0,23,1,17,0,56,1,2,1
9,87,1,1,1,1,0,24,1,11,0,88,0,2,0
9,87,1,1,1,1,0,26,2,16,0,86,1,1,3
9,87,1,1,1,1,0,27,1,14,0,87,1,1,0
9,87,1,1,1,1,0,28,0,19,1,79,1,1,2
9,87,1,1,1,1,0,23,1,17,0,56,1,2,1
21,86,2,0,1,1,1,24,2,7,0,96,1,2,3
21,86,2,0,1,1,1,24,1,19,1,93,1,1,2
21,86,2,0,1,1,1,28,3,6,1,59,1,2,2
21,86,2,0,1,1,1,27,2,18,0,97,1,0,1
21,86,1,1,2,1,1,24,2,7,0,96,1,2,3
21,86,1,1,2,1,1,24,1,19,1,93,1,1,2
21,86,1,1,2,1,1,28,3,6,1,59,1,2,2
21,86,1,1,2,1,1,27,2,18,0,97,1,0,1
21,86,1,0,1,1,1,24,2,7,0,96,1,2,3
21,86,1,0,1,1,1,24,1,19,1,93,1,1,2
21,86,1,0,1,1,1,28,3,6,1,59,1,2,2
21,86,1,0,1,1,1,27,2,18,0,97,1,0,1
21,86,0,1,2,1,1,24,2,7,0,96,1,2,3
21,86,0,1,2,1,1,24,1,19,1,93,1,1,2
21,86,0,1,2,1,1,28,3,6,1,59,1,2,2
21,86,0,1,2,1,1,27,2,18,0,97,1,0,1
18,94,1,1,1,1,0,27,2,4,0,72,1,0,3
18,94,1,1,1,1,0,20,2,8,1,87,1,2,2
18,94,0,1,1,1,0,27,2,4,0,72,1,0,3
18,94,0,1,1,1,0,20,2,8,1,87,1,2,2
18,94,2,1,1,1,0,27,2,4,0,72,1,0,3
18,94,2,1,1,1,0,20,2,8,1,87,1,2,2
18,94,0,1,0,1,0,27,2,4,0,72,1,0,3
18,94,0,1,0,1,0,20,2,8,1,87,1,2,2
18,94,0,0,2,1,0,27,2,4,0,72,1,0,3
18,94,0,0,2,1,0,20,2,8,1,87,1,2,2
18,94,1,1,1,0,0,27,2,4,0,72,1,0,3
18,94,1,1,1,0,0,20,2,8,1,87,1,2,2
31,85,1,0,1,1,1,18,0,18,1,59,1,2,1
31,85,1,0,1,1,1,27,0,6,0,90,1,2,1
31,85,1,0,1,1,1,24,0,17,0,83,1,1,0
31,85,1,0,1,1,1,21,3,10,1,82,1,0,3
16,61,1,1,0,1,0,23,1,11,1,51,0,2,2
16,61,1,1,0,1,0,24,3,1,0,91,1,2,3
16,61,1,0,0,1,0,23,1,11,1,51,0,2,2
16,61,1,0,0,1,0,24,3,1,0,91,1,2,3
16,61,2,1,1,1,0,23,1,11,1,51,0,2,2
16,61,2,1,1,1,0,24,3,1,0,91,1,2,3
16,61,1,1,1,1,0,23,1,11,1,51,0,2,2
16,61,1,1,1,1,0,24,3,1,0,91,1,2,3
16,61,0,0,1,1,0,23,1,11,1,51,0,2,2
16,61,0,0,1,1,0,24,3,1,0,91,1,2,3
11,96,2,0,2,1,1,22,1,11,0,50,1,2,1
11,96,2,0,2,1,1,27,3,1,0,100,1,1,1
11,96,2,0,2,1,1,18,1,3,0,88,1,2,0
11,96,2,0,2,1,1,27,2,1,0,53,1,0,2
11,96,2,0,2,1,1,27,2,13,0,81,0,1,3
11,96,2,0,1,1,1,22,1,11,0,50,1,2,1
11,96,2,0,1,1,1,27,3,1,0,100,1,1,1
11,96,2,0,1,1,1,18,1,3,0,88,1,2,0
11,96,2,0,1,1,1,27,2,1,0,53,1,0,2
11,96,2,0,1,1,1,27,2,13,0,81,0,1,3
9,69,1,1,2,1,0,28,0,5,0,83,1,2,2
9,69,1,1,2,1,0,21,3,18,0,58,1,2,2
10,97,2,0,2,1,0,24,3,20,1,63,1,1,3
10,97,2,0,2,1,0,24,1,16,1,66,1,0,1
10,97,1,0,1,1,0,24,3,20,1,63,1,1,3
10,97,1,0,1,1,0,24,1,16,1,66,1,0,1
30,72,0,0,1,1,1,20,2,13,1,78,1,0,3
30,72,1,0,1,1,1,20,2,13,1,78,1,0,3
7,92,1,0,2,1,1,18,2,3,1,58,1,2,0
19,65,2,1,0,1,0,18,2,5,1,75,0,2,2
19,65,2,1,1,1,0,18,2,5,1,75,0,2,2
19,65,2,1,1,0,0,18,2,5,1,75,0,2,2
19,65,1,0,0,1,0,18,2,5,1,75,0,2,2
19,65,0,1,2,1,0,18,2,5,1,75,0,2,2
19,65,2,0,0,1,0,18,2,5,1,75,0,2,2
19,65,2,0,1,1,0,18,2,5,1,75,0,2,2
24,87,1,0,2,1,1,24,2,9,1,77,1,0,0
24,87,1,0,2,1,1,27,1,10,0,98,0,2,3
24,87,1,0,2,1,1,25,1,16,1,74,1,2,3
26,99,1,0,2,1,1,20,1,3,1,73,1,2,3
26,99,1,0,2,1,1,25,0,15,1,50,1,2,0
26,99,1,1,1,1,1,20,1,3,1,73,1,2,3
26,99,1,1,1,1,1,25,0,15,1,50,1,2,0
26,99,2,1,1,1,1,20,1,3,1,73,1,2,3
26,99,2,1,1,1,1,25,0,15,1,50,1,2,0
21,92,1,0,1,1,0,28,3,2,0,72,1,1,2
21,92,1,0,1,1,0,25,1,12,1,73,1,1,1
21,92,1,0,1,1,0,28,2,11,0,89,1,2,2
21,92,1,0,1,1,0,20,3,12,0,79,1,1,3
21,92,2,1,1,1,0,28,3,2,0,72,1,1,2
21,92,2,1,1,1,0,25,1,12,1,73,1,1,1
21,92,2,1,1,1,0,28,2,11,0,89,1,2,2
21,92,2,1,1,1,0,20,3,12,0,79,1,1,3
21,92,0,0,1,1,0,28,3,2,0,72,1,1,2
21,92,0,0,1,1,0,25,1,12,1,73,1,1,1
21,92,0,0,1,1,0,28,2,11,0,89,1,2,2
21,92,0,0,1,1,0,20,3,12,0,79,1,1,3
20,68,1,1,1,1,1,29,1,0,1,75,1,2,3
20,68,2,1,2,1,1,29,1,0,1,75,1,2,3
20,68,0,0,0,1,1,29,1,0,1,75,1,2,3
20,68,0,0,1,1,1,29,1,0,1,75,1,2,3
9,73,0,1,1,0,1,21,1,15,1,85,1,1,0
9,73,0,1,1,0,1,18,1,5,1,90,1,2,2
9,73,0,1,1,0,1,25,3,5,0,65,0,0,2
9,73,1,1,0,1,1,21,1,15,1,85,1,1,0
9,73,1,1,0,1,1,18,1,5,1,90,1,2,2
9,73,1,1,0,1,1,25,3,5,0,65,0,0,2
28,91,1,1,1,0,0,28,3,11,0,50,1,0,3
28,91,1,1,1,0,0,19,0,7,0,73,1,1,0
15,73,1,0,2,1,0,27,2,8,0,72,0,2,1
15,73,1,0,2,1,0,20,2,17,1,80,1,2,2
15,73,2,0,1,1,0,27,2,8,0,72,0,2,1
15,73,2,0,1,1,0,20,2,17,1,80,1,2,2
15,73,1,0,1,1,0,27,2,8,0,72,0,2,1
15,73,1,0,1,1,0,20,2,17,1,80,1,2,2
15,73,1,1,2,1,0,27,2,8,0,72,0,2,1
15,73,1,1,2,1,0,20,2,17,1,80,1,2,2
13,79,0,1,2,1,1,21,3,5,1,69,1,1,2
13,79,2,0,1,1,1,21,3,5,1,69,1,1,2
13,79,1,0,1,0,1,21,3,5,1,69,1,1,2
26,73,1,1,0,1,0,28,1,19,1,80,1,2,1
26,73,1,1,0,1,0,24,0,15,1,99,0,1,3
26,73,1,0,2,1,0,28,1,19,1,80,1,2,1
26,73,1,0,2,1,0,24,0,15,1,99,0,1,3
28,66,2,0,1,1,0,21,2,7,0,83,1,0,1
28,66,2,0,1,1,0,21,3,7,0,100,1,0,2
28,66,0,1,1,1,0,21,2,7,0,83,1,0,1
28,66,0,1,1,1,0,21,3,7,0,100,1,0,2
25,62,1,0,1,1,1,22,2,5,0,75,1,0,2
25,62,1,0,1,1,1,24,0,5,1,51,1,2,1
25,62,1,0,1,1,1,18,3,11,1,89,1,0,2
25,62,1,1,0,1,1,22,2,5,0,75,1,0,2
25,62,1,1,0,1,1,24,0,5,1,51,1,2,1
25,62,1,1,0,1,1,18,3,11,1,89,1,0,2
13,95,1,1,1,1,0,24,3,14,0,62,0,2,1
13,95,1,1,1,1,0,27,2,7,1,59,1,2,1
13,95,1,1,1,1,0,28,3,9,0,78,0,0,0
13,95,2,1,1,1,0,24,3,14,0,62,0,2,1
13,95,2,1,1,1,0,27,2,7,1,59,1,2,1
13,95,2,1,1,1,0,28,3,9,0,78,0,0,0
13,95,2,1,0,1,0,24,3,14,0,62,0,2,1
13,95,2,1,0,1,0,27,2,7,1,59,1,2,1
13,95,2,1,0,1,0,28,3,9,0,78,0,0,0
19,87,2,0,0,1,1,20,0,3,1,80,1,0,0
19,87,2,0,0,1,1,18,1,2,1,67,0,1,0
19,87,2,0,2,1,1,20,0,3,1,80,1,0,0
19,87,2,0,2,1,1,18,1,2,1,67,0,1,0
19,87,2,1,1,1,1,20,0,3,1,80,1,0,0
19,87,2,1,1,1,1,18,1,2,1,67,0,1,0
19,87,1,0,2,1,1,20,0,3,1,80,1,0,0
19,87,1,0,2,1,1,18,1,2,1,67,0,1,0
18,87,0,1,2,1,0,19,3,8,1,91,0,1,2
18,87,1,1,0,1,0,19,3,8,1,91,0,1,2
25,98,1,1,1,1,0,18,3,12,0,89,0,0,0
25,98,2,1,1,1,0,18,3,12,0,89,0,0,0
25,98,0,1,1,1,0,18,3,12,0,89,0,0,0
28,93,2,1,1,1,0,24,0,0,1,60,1,2,3
28,93,2,1,1,1,0,26,1,0,0,58,1,1,2
17,79,1,1,0,1,0,26,1,3,1,74,1,2,3
17,79,1,1,0,1,0,20,0,6,0,93,0,0,1
17,79,1,1,0,1,0,29,3,17,0,71,1,2,3
17,79,1,1,0,1,0,25,0,0,1,83,0,1,3
17,79,1,0,0,1,0,26,1,3,1,74,1,2,3
17,79,1,0,0,1,0,20,0,6,0,93,0,0,1
17,79,1,0,0,1,0,29,3,17,0,71,1,2,3
17,79,1,0,0,1,0,25,0,0,1,83,0,1,3
17,79,2,0,1,1,0,26,1,3,1,74,1,2,3
17,79,2,0,1,1,0,20,0,6,0,93,0,0,1
17,79,2,0,1,1,0,29,3,17,0,71,1,2,3
17,79,2,0,1,1,0,25,0,0,1,83,0,1,3
17,79,2,0,0,1,0,26,1,3,1,74,1,2,3
17,79,2,0,0,1,0,20,0,6,0,93,0,0,1
17,79,2,0,0,1,0,29,3,17,0,71,1,2,3
17,79,2,0,0,1,0,25,0,0,1,83,0,1,3
17,79,0,1,0,1,0,26,1,3,1,74,1,2,3
17,79,0,1,0,1,0,20,0,6,0,93,0,0,1
17,79,0,1,0,1,0,29,3,17,0,71,1,2,3
17,79,0,1,0,1,0,25,0,0,1,83,0,1,3
17,79,2,1,1,1,0,26,1,3,1,74,1,2,3
17,79,2,1,1,1,0,20,0,6,0,93,0,0,1
17,79,2,1,1,1,0,29,3,17,0,71,1,2,3
17,79,2,1,1,1,0,25,0,0,1,83,0,1,3
10,72,0,0,1,1,0,21,1,6,1,56,1,2,1
10,72,0,0,1,1,0,29,0,0,1,97,1,2,2
10,72,0,0,1,1,0,18,3,2,1,85,1,0,0
10,72,0,0,1,1,0,21,0,9,1,80,0,2,3
10,72,0,0,1,1,0,21,1,11,0,96,1,0,0
30,77,0,1,1,1,1,23,1,18,0,68,1,2,1
30,77,0,1,1,1,1,21,3,9,1,90,1,0,2
30,77,0,1,1,1,1,23,3,8,0,79,1,2,0
16,64,1,1,2,1,1,23,3,2,1,69,1,2,2
16,64,1,1,2,1,1,25,0,9,1,72,0,1,0
16,64,1,1,2,1,1,29,1,17,0,98,1,2,1
16,64,1,1,2,1,1,29,2,18,1,56,1,1,2
16,64,1,1,2,1,1,24,0,8,1,51,1,0,1
16,64,1,1,2,1,1,29,0,13,0,61,1,2,2
16,64,0,0,1,1,1,23,3,2,1,69,1,2,2
16,64,0,0,1,1,1,25,0,9,1,72,0,1,0
16,64,0,0,1,1,1,29,1,17,0,98,1,2,1
16,64,0,0,1,1,1,29,2,18,1,56,1,1,2
16,64,0,0,1,1,1,24,0,8,1,51,1,0,1
16,64,0,0,1,1,1,29,0,13,0,61,1,2,2
16,64,1,0,1,1,1,23,3,2,1,69,1,2,2
16,64,1,0,1,1,1,25,0,9,1,72,0,1,0
16,64,1,0,1,1,1,29,1,17,0,98,1,2,1
16,64,1,0,1,1,1,29,2,18,1,56,1,1,2
16,64,1,0,1,1,1,24,0,8,1,51,1,0,1
16,64,1,0,1,1,1,29,0,13,0,61,1,2,2
16,64,2,1,1,1,1,23,3,2,1,69,1,2,2
16,64,2,1,1,1,1,25,0,9,1,72,0,1,0
16,64,2,1,1,1,1,29,1,17,0,98,1,2,1
16,64,2,1,1,1,1,29,2,18,1,56,1,1,2
16,64,2,1,1,1,1,24,0,8,1,51,1,0,1
16,64,2,1,1,1,1,29,0,13,0,61,1,2,2
20,97,2,1,0,1,0,28,1,3,1,67,1,2,3
20,97,2,1,0,1,0,19,0,9,0,54,1,1,1
20,97,2,1,1,1,0,28,1,3,1,67,1,2,3
20,97,2,1,1,1,0,19,0,9,0,54,1,1,1
20,97,0,1,0,1,0,28,1,3,1,67,1,2,3
20,97,0,1,0,1,0,19,0,9,0,54,1,1,1
20,97,2,0,0,1,0,28,1,3,1,67,1,2,3
20,97,2,0,0,1,0,19,0,9,0,54,1,1,1
20,97,1,1,0,1,0,28,1,3,1,67,1,2,3
20,97,1,1,0,1,0,19,0,9,0,54,1,1,1
20,97,1,1,2,1,0,28,1,3,1,67,1,2,3
20,97,1,1,2,1,0,19,0,9,0,54,1,1,1
15,85,1,1,2,1,0,22,0,13,1,50,1,2,3
15,85,1,1,2,1,0,21,0,7,1,91,1,2,3
15,85,1,1,2,1,0,24,3,9,1,95,0,2,0
23,76,1,0,0,0,1,22,2,14,0,91,0,1,0
23,76,1,1,1,1,1,22,2,14,0,91,0,1,0
23,76,2,1,0,1,1,22,2,14,0,91,0,1,0
23,76,2,1,1,1,1,22,2,14,0,91,0,1,0
23,76,2,0,1,1,1,22,2,14,0,91,0,1,0
23,76,1,0,2,1,1,22,2,14,0,91,0,1,0
23,76,1,0,1,1,1,22,2,14,0,91,0,1,0
19,93,2,0,1,1,0,26,3,20,0,52,0,0,0
19,93,2,0,1,1,0,21,3,18,1,57,1,1,0
19,93,2,0,1,1,0,19,1,7,1,67,1,2,3
19,93,1,1,1,1,0,26,3,20,0,52,0,0,0
19,93,1,1,1,1,0,21,3,18,1,57,1,1,0
19,93,1,1,1,1,0,19,1,7,1,67,1,2,3
19,93,2,1,0,1,0,26,3,20,0,52,0,0,0
19,93,2,1,0,1,0,21,3,18,1,57,1,1,0
19,93,2,1,0,1,0,19,1,7,1,67,1,2,3
19,93,0,1,1,1,0,26,3,20,0,52,0,0,0
19,93,0,1,1,1,0,21,3,18,1,57,1,1,0
19,93,0,1,1,1,0,19,1,7,1,67,1,2,3
19,93,2,0,0,1,0,26,3,20,0,52,0,0,0
19,93,2,0,0,1,0,21,3,18,1,57,1,1,0
19,93,2,0,0,1,0,19,1,7,1,67,1,2,3
30,64,1,0,0,1,0,21,3,18,1,73,1,1,1
30,64,1,0,1,1,0,21,3,18,1,73,1,1,1
18,60,1,1,1,1,0,25,0,14,1,83,0,1,2
18,60,1,1,1,1,0,28,2,8,1,56,0,0,3
18,60,1,1,1,1,0,18,0,5,0,58,1,0,3
18,60,1,1,1,1,0,19,2,15,0,81,1,1,0
23,99,1,0,1,1,1,23,0,17,1,63,0,2,1
23,99,1,0,1,1,1,18,3,10,1,55,1,0,0
23,99,1,1,0,1,1,23,0,17,1,63,0,2,1
23,99,1,1,0,1,1,18,3,10,1,55,1,0,0
23,99,0,1,2,1,1,23,0,17,1,63,0,2,1
23,99,0,1,2,1,1,18,3,10,1,55,1,0,0
23,99,1,1,1,1,1,23,0,17,1,63,0,2,1
23,99,1,1,1,1,1,18,3,10,1,55,1,0,0
23,99,2,0,1,0,1,23,0,17,1,63,0,2,1
23,99,2,0,1,0,1,18,3,10,1,55,1,0,0
23,99,0,0,1,1,1,23,0,17,1,63,0,2,1
23,99,0,0,1,1,1,18,3,10,1,55,1,0,0
11,95,1,0,2,1,1,21,3,19,1,74,1,0,3
11,95,1,0,2,1,1,29,1,16,1,68,1,2,2
11,95,1,1,2,1,1,21,3,19,1,74,1,0,3
11,95,1,1,2,1,1,29,1,16,1,68,1,2,2
11,95,1,1,0,1,1,21,3,19,1,74,1,0,3
11,95,1,1,0,1,1,29,1,16,1,68,1,2,2
13,74,0,1,2,1,0,27,3,11,1,97,1,2,2
13,74,2,1,0,1,0,27,3,11,1,97,1,2,2
30,96,2,1,1,0,1,26,2,20,0,93,1,1,0
30,96,2,1,1,0,1,23,1,3,0,100,1,2,1
30,96,2,1,1,0,1,29,2,17,1,97,1,0,3
30,96,2,1,1,0,1,29,2,7,0,75,0,1,3
30,96,2,1,1,0,1,26,2,18,1,96,0,2,1
30,96,2,1,1,0,1,19,3,16,1,67,0,2,2
30,96,0,1,2,0,1,26,2,20,0,93,1,1,0
30,96,0,1,2,0,1,23,1,3,0,100,1,2,1
30,96,0,1,2,0,1,29,2,17,1,97,1,0,3
30,96,0,1,2,0,1,29,2,7,0,75,0,1,3
30,96,0,1,2,0,1,26,2,18,1,96,0,2,1
30,96,0,1,2,0,1,19,3,16,1,67,0,2,2
33,93,2,1,0,1,0,23,2,4,1,54,1,2,2
33,93,2,1,0,1,0,29,0,16,0,90,1,2,0
33,93,2,1,0,1,0,27,3,5,1,70,1,1,3
33,93,2,1,0,1,0,20,2,1,0,52,1,2,2
33,93,1,1,2,1,0,23,2,4,1,54,1,2,2
33,93,1,1,2,1,0,29,0,16,0,90,1,2,0
33,93,1,1,2,1,0,27,3,5,1,70,1,1,3
33,93,1,1,2,1,0,20,2,1,0,52,1,2,2
33,93,1,0,1,1,0,23,2,4,1,54,1,2,2
33,93,1,0,1,1,0,29,0,16,0,90,1,2,0
33,93,1,0,1,1,0,27,3,5,1,70,1,1,3
33,93,1,0,1,1,0,20,2,1,0,52,1,2,2
17,89,1,1,2,1,0,26,2,14,0,56,1,2,0
17,89,0,1,1,0,0,26,2,14,0,56,1,2,0
17,89,1,0,1,1,0,26,2,14,0,56,1,2,0
17,89,1,1,1,1,0,26,2,14,0,56,1,2,0
16,69,1,1,1,1,1,18,2,16,1,62,1,2,2
16,69,1,1,1,1,1,20,0,12,1,80,1,2,2
16,69,2,1,1,1,1,18,2,16,1,62,1,2,2
16,69,2,1,1,1,1,20,0,12,1,80,1,2,2
16,69,1,0,0,1,1,18,2,16,1,62,1,2,2
16,69,1,0,0,1,1,20,0,12,1,80,1,2,2
8,99,2,1,2,1,1,23,1,2,0,71,1,0,2
8,99,2,1,2,1,1,18,2,13,0,53,1,2,3
8,99,2,1,2,1,1,22,0,6,0,59,1,2,3
8,99,2,1,2,1,1,27,3,13,0,82,1,2,3
21,62,2,0,1,1,0,28,2,13,0,97,1,1,0
21,62,1,0,0,1,0,28,2,13,0,97,1,1,0
21,62,0,1,1,1,0,28,2,13,0,97,1,1,0
21,62,0,1,0,1,0,28,2,13,0,97,1,1,0
21,62,0,0,1,1,0,28,2,13,0,97,1,1,0
21,62,1,1,1,1,0,28,2,13,0,97,1,1,0
21,62,2,1,0,0,0,28,2,13,0,97,1,1,0
21,62,1,0,1,1,0,28,2,13,0,97,1,1,0
27,88,0,0,2,1,0,29,3,18,1,90,1,2,3
27,88,0,0,2,1,0,21,0,20,1,86,1,2,0
27,88,1,1,1,1,0,29,3,18,1,90,1,2,3
27,88,1,1,1,1,0,21,0,20,1,86,1,2,0
27,88,2,1,1,1,0,29,3,18,1,90,1,2,3
27,88,2,1,1,1,0,21,0,20,1,86,1,2,0
27,88,2,0,1,1,0,29,3,18,1,90,1,2,3
27,88,2,0,1,1,0,21,0,20,1,86,1,2,0
13,82,1,0,2,1,1,22,3,8,1,79,1,2,0
13,82,2,0,0,1,1,22,3,8,1,79,1,2,0
23,70,2,1,2,1,1,18,2,0,0,89,1,2,1
23,70,2,1,2,1,1,22,3,6,1,55,1,0,3
23,70,2,1,2,1,1,26,3,3,1,54,0,2,3
23,70,1,1,1,1,1,18,2,0,0,89,1,2,1
23,70,1,1,1,1,1,22,3,6,1,55,1,0,3
23,70,1,1,1,1,1,26,3,3,1,54,0,2,3
19,61,1,0,1,1,0,28,1,10,0,74,1,2,3
19,61,1,0,1,1,0,21,2,17,1,71,1,1,3
19,61,0,0,1,1,0,28,1,10,0,74,1,2,3
19,61,0,0,1,1,0,21,2,17,1,71,1,1,3
19,61,2,1,2,1,0,28,1,10,0,74,1,2,3
19,61,2,1,2,1,0,21,2,17,1,71,1,1,3
19,61,0,1,0,0,0,28,1,10,0,74,1,2,3
19,61,0,1,0,0,0,21,2,17,1,71,1,1,3
19,61,1,1,0,0,0,28,1,10,0,74,1,2,3
19,61,1,1,0,0,0,21,2,17,1,71,1,1,3
19,61,1,0,0,1,0,28,1,10,0,74,1,2,3
19,61,1,0,0,1,0,21,2,17,1,71,1,1,3
36,68,1,1,2,1,1,26,1,6,1,67,1,0,0
36,68,1,1,2,1,1,21,1,0,0,77,0,0,2
36,68,1,1,2,1,1,21,2,6,1,67,1,2,2
36,68,1,1,2,1,1,21,1,5,1,100,1,1,2
11,70,2,0,2,1,1,19,2,4,0,58,1,2,0
11,70,2,0,2,1,1,18,3,14,1,84,1,2,2
11,70,2,0,2,1,1,18,0,6,0,52,0,1,0
22,88,1,1,0,1,1,20,3,17,1,50,1,2,3
22,88,1,1,0,1,1,18,3,5,0,100,1,2,0
22,88,1,1,0,1,1,27,0,8,1,75,0,0,3
22,88,1,1,0,1,1,21,2,1,0,70,1,1,3
22,88,1,0,1,0,1,20,3,17,1,50,1,2,3
22,88,1,0,1,0,1,18,3,5,0,100,1,2,0
22,88,1,0,1,0,1,27,0,8,1,75,0,0,3
22,88,1,0,1,0,1,21,2,1,0,70,1,1,3
22,88,1,1,1,1,1,20,3,17,1,50,1,2,3
22,88,1,1,1,1,1,18,3,5,0,100,1,2,0
22,88,1,1,1,1,1,27,0,8,1,75,0,0,3
22,88,1,1,1,1,1,21,2,1,0,70,1,1,3
22,88,2,1,1,1,1,20,3,17,1,50,1,2,3
22,88,2,1,1,1,1,18,3,5,0,100,1,2,0
22,88,2,1,1,1,1,27,0,8,1,75,0,0,3
22,88,2,1,1,1,1,21,2,1,0,70,1,1,3
22,88,1,0,0,1,1,20,3,17,1,50,1,2,3
22,88,1,0,0,1,1,18,3,5,0,100,1,2,0
22,88,1,0,0,1,1,27,0,8,1,75,0,0,3
22,88,1,0,0,1,1,21,2,1,0,70,1,1,3
22,88,0,1,0,1,1,20,3,17,1,50,1,2,3
22,88,0,1,0,1,1,18,3,5,0,100,1,2,0
22,88,0,1,0,1,1,27,0,8,1,75,0,0,3
22,88,0,1,0,1,1,21,2,1,0,70,1,1,3
18,83,0,0,1,1,0,22,3,18,0,92,0,2,0
18,83,0,0,1,1,0,28,1,14,1,55,1,2,3
18,83,0,0,1,1,0,19,3,4,1,73,0,2,3
18,83,2,1,0,0,0,22,3,18,0,92,0,2,0
18,83,2,1,0,0,0,28,1,14,1,55,1,2,3
18,83,2,1,0,0,0,19,3,4,1,73,0,2,3
18,83,1,0,1,1,0,22,3,18,0,92,0,2,0
18,83,1,0,1,1,0,28,1,14,1,55,1,2,3
18,83,1,0,1,1,0,19,3,4,1,73,0,2,3
18,83,2,0,0,1,0,22,3,18,0,92,0,2,0
18,83,2,0,0,1,0,28,1,14,1,55,1,2,3
18,83,2,0,0,1,0,19,3,4,1,73,0,2,3
20,77,0,0,1,1,1,27,0,10,0,91,1,2,2
20,77,0,0,1,1,1,24,2,4,0,75,1,1,2
20,77,0,0,1,1,1,24,1,9,0,84,1,2,0
20,77,1,0,1,1,1,27,0,10,0,91,1,2,2
20,77,1,0,1,1,1,24,2,4,0,75,1,1,2
20,77,1,0,1,1,1,24,1,9,0,84,1,2,0
20,77,2,1,2,1,1,27,0,10,0,91,1,2,2
20,77,2,1,2,1,1,24,2,4,0,75,1,1,2
20,77,2,1,2,1,1,24,1,9,0,84,1,2,0
20,77,0,1,2,1,1,27,0,10,0,91,1,2,2
20,77,0,1,2,1,1,24,2,4,0,75,1,1,2
20,77,0,1,2,1,1,24,1,9,0,84,1,2,0
20,77,2,0,1,1,1,27,0,10,0,91,1,2,2
20,77,2,0,1,1,1,24,2,4,0,75,1,1,2
20,77,2,0,1,1,1,24,1,9,0,84,1,2,0
20,94,1,1,1,1,0,20,2,8,0,54,1,0,3
20,94,1,1,0,1,0,20,2,8,0,54,1,0,3
20,94,2,1,0,1,0,20,2,8,0,54,1,0,3
20,94,1,1,2,1,0,20,2,8,0,54,1,0,3
20,94,1,0,1,1,0,20,2,8,0,54,1,0,3
20,94,1,0,0,1,0,20,2,8,0,54,1,0,3
20,94,1,0,2,1,0,20,2,8,0,54,1,0,3
20,94,2,1,2,1,0,20,2,8,0,54,1,0,3
9,65,2,1,1,1,0,27,2,17,0,55,1,2,2
9,65,2,1,1,1,0,24,2,5,1,60,1,1,1
9,65,2,1,1,1,0,19,0,9,1,56,0,2,2
9,65,2,1,1,1,0,19,3,12,0,91,1,2,2
9,65,2,1,1,1,0,23,0,16,0,63,1,2,3
9,65,2,1,1,1,0,27,3,0,1,61,0,0,2
9,65,2,1,1,1,0,23,2,2,1,54,0,1,0
28,77,1,1,0,1,0,29,2,0,1,97,0,1,3
28,77,2,1,0,1,0,29,2,0,1,97,0,1,3
28,77,1,0,2,1,0,29,2,0,1,97,0,1,3
39,97,2,1,1,1,0,26,3,15,0,56,1,2,2
39,97,2,1,1,1,0,28,3,2,1,93,1,2,3
39,97,2,1,1,1,0,27,3,1,1,50,1,0,3
39,97,2,1,1,1,0,29,0,7,1,78,1,2,1
39,97,2,1,1,1,0,22,2,15,1,55,1,2,2
26,81,2,1,1,1,1,29,3,4,0,58,1,2,3
26,81,2,1,1,1,1,21,0,7,0,68,1,2,3
26,81,2,1,1,1,1,29,3,13,1,82,1,1,2
26,81,1,0,0,1,1,29,3,4,0,58,1,2,3
26,81,1,0,0,1,1,21,0,7,0,68,1,2,3
26,81,1,0,0,1,1,29,3,13,1,82,1,1,2
22,88,1,1,1,1,0,19,2,6,0,81,1,2,3
22,88,1,1,1,1,0,25,2,8,0,64,1,0,3
22,88,1,1,1,1,0,24,1,17,1,84,0,2,0
22,88,0,1,1,1,0,19,2,6,0,81,1,2,3
22,88,0,1,1,1,0,25,2,8,0,64,1,0,3
22,88,0,1,1,1,0,24,1,17,1,84,0,2,0
24,93,1,1,1,0,0,19,0,19,1,59,1,2,2
24,93,1,1,1,0,0,23,3,4,0,67,1,2,1
24,93,2,0,1,1,0,19,0,19,1,59,1,2,2
24,93,2,0,1,1,0,23,3,4,0,67,1,2,1
24,93,1,1,2,1,0,19,0,19,1,59,1,2,2
24,93,1,1,2,1,0,23,3,4,0,67,1,2,1
24,93,1,1,0,1,0,19,0,19,1,59,1,2,2
24,93,1,1,0,1,0,23,3,4,0,67,1,2,1
24,93,0,1,1,1,0,19,0,19,1,59,1,2,2
24,93,0,1,1,1,0,23,3,4,0,67,1,2,1
24,93,2,0,0,1,0,19,0,19,1,59,1,2,2
24,93,2,0,0,1,0,23,3,4,0,67,1,2,1
24,93,2,1,1,1,0,19,0,19,1,59,1,2,2
24,93,2,1,1,1,0,23,3,4,0,67,1,2,1
24,93,2,1,0,1,0,19,0,19,1,59,1,2,2
24,93,2,1,0,1,0,23,3,4,0,67,1,2,1
27,85,2,0,0,1,1,20,2,9,1,93,1,0,3
27,85,2,0,0,1,1,21,1,10,1,99,1,2,3
27,85,1,1,1,1,1,20,2,9,1,93,1,0,3
27,85,1,1,1,1,1,21,1,10,1,99,1,2,3
20,60,1,1,0,1,0,28,2,2,1,97,1,2,2
20,60,1,1,0,1,0,24,0,17,1,81,0,2,2
20,60,1,1,0,1,0,29,3,0,0,78,1,2,3
20,60,1,1,0,1,0,28,1,15,1,82,1,2,2
20,60,1,1,0,1,0,21,3,0,1,85,1,1,3
20,60,1,1,0,1,0,19,0,15,1,76,1,1,0
20,60,1,1,1,1,0,28,2,2,1,97,1,2,2
20,60,1,1,1,1,0,24,0,17,1,81,0,2,2
20,60,1,1,1,1,0,29,3,0,0,78,1,2,3
20,60,1,1,1,1,0,28,1,15,1,82,1,2,2
20,60,1,1,1,1,0,21,3,0,1,85,1,1,3
20,60,1,1,1,1,0,19,0,15,1,76,1,1,0
20,60,0,1,1,1,0,28,2,2,1,97,1,2,2
20,60,0,1,1,1,0,24,0,17,1,81,0,2,2
20,60,0,1,1,1,0,29,3,0,0,78,1,2,3
20,60,0,1,1,1,0,28,1,15,1,82,1,2,2
20,60,0,1,1,1,0,21,3,0,1,85,1,1,3
20,60,0,1,1,1,0,19,0,15,1,76,1,1,0
25,79,1,1,1,1,0,19,0,1,1,87,1,2,3
25,79,1,1,1,1,0,18,2,15,1,50,0,1,2
25,79,1,1,1,1,0,27,2,8,1,74,0,2,0
25,79,1,1,1,1,0,29,3,15,1,100,0,1,0
25,79,1,1,1,1,0,19,3,2,1,57,0,1,1
25,88,1,1,1,1,0,19,1,5,1,95,1,2,1
25,88,1,1,1,1,0,29,2,2,1,100,1,2,0
25,88,0,1,0,1,0,19,1,5,1,95,1,2,1
25,88,0,1,0,1,0,29,2,2,1,100,1,2,0
25,88,2,0,1,1,0,19,1,5,1,95,1,2,1
25,88,2,0,1,1,0,29,2,2,1,100,1,2,0
25,88,2,1,1,1,0,19,1,5,1,95,1,2,1
25,88,2,1,1,1,0,29,2,2,1,100,1,2,0
25,88,1,1,0,1,0,19,1,5,1,95,1,2,1
25,88,1,1,0,1,0,29,2,2,1,100,1,2,0
27,70,1,0,2,1,0,22,2,9,1,69,0,1,2
27,70,1,0,2,1,0,23,0,6,1,62,0,0,2
27,70,1,0,0,1,0,22,2,9,1,69,0,1,2
27,70,1,0,0,1,0,23,0,6,1,62,0,0,2
24,94,0,0,1,1,1,26,3,6,0,87,1,1,1
24,94,0,0,1,1,1,25,2,8,1,90,1,1,3
24,94,1,0,1,1,1,26,3,6,0,87,1,1,1
24,94,1,0,1,1,1,25,2,8,1,90,1,1,3
24,94,1,0,0,1,1,26,3,6,0,87,1,1,1
24,94,1,0,0,1,1,25,2,8,1,90,1,1,3
22,96,2,1,0,1,1,19,0,20,1,68,1,1,1
22,96,2,1,0,1,1,20,0,2,0,67,1,2,3
22,96,0,0,2,1,1,19,0,20,1,68,1,1,1
22,96,0,0,2,1,1,20,0,2,0,67,1,2,3
22,96,2,1,2,1,1,19,0,20,1,68,1,1,1
22,96,2,1,2,1,1,20,0,2,0,67,1,2,3
22,96,2,0,1,0,1,19,0,20,1,68,1,1,1
22,96,2,0,1,0,1,20,0,2,0,67,1,2,3
15,99,1,1,1,1,1,27,0,2,1,89,1,2,1
15,99,1,1,1,1,1,29,0,10,1,61,1,1,3
15,99,1,1,1,1,1,21,1,13,1,62,0,0,2
15,99,2,1,2,1,1,27,0,2,1,89,1,2,1
15,99,2,1,2,1,1,29,0,10,1,61,1,1,3
15,99,2,1,2,1,1,21,1,13,1,62,0,0,2
15,99,2,1,2,0,1,27,0,2,1,89,1,2,1
15,99,2,1,2,0,1,29,0,10,1,61,1,1,3
15,99,2,1,2,0,1,21,1,13,1,62,0,0,2
15,99,1,1,0,1,1,27,0,2,1,89,1,2,1
15,99,1,1,0,1,1,29,0,10,1,61,1,1,3
15,99,1,1,0,1,1,21,1,13,1,62,0,0,2
15,99,1,0,0,1,1,27,0,2,1,89,1,2,1
15,99,1,0,0,1,1,29,0,10,1,61,1,1,3
15,99,1,0,0,1,1,21,1,13,1,62,0,0,2
19,82,1,0,1,1,0,26,1,7,0,72,1,1,1
19,82,1,0,1,1,0,19,0,1,1,78,1,1,2
19,82,1,0,1,1,0,18,2,3,0,78,1,1,1
19,82,1,1,2,1,0,26,1,7,0,72,1,1,1
19,82,1,1,2,1,0,19,0,1,1,78,1,1,2
19,82,1,1,2,1,0,18,2,3,0,78,1,1,1
19,82,1,0,0,1,0,26,1,7,0,72,1,1,1
19,82,1,0,0,1,0,19,0,1,1,78,1,1,2
19,82,1,0,0,1,0,18,2,3,0,78,1,1,1
19,82,0,0,1,1,0,26,1,7,0,72,1,1,1
19,82,0,0,1,1,0,19,0,1,1,78,1,1,2
19,82,0,0,1,1,0,18,2,3,0,78,1,1,1
19,82,1,1,0,1,0,26,1,7,0,72,1,1,1
19,82,1,1,0,1,0,19,0,1,1,78,1,1,2
19,82,1,1,0,1,0,18,2,3,0,78,1,1,1
19,82,2,0,1,1,0,26,1,7,0,72,1,1,1
19,82,2,0,1,1,0,19,0,1,1,78,1,1,2
19,82,2,0,1,1,0,18,2,3,0,78,1,1,1
9,62,2,1,0,1,0,28,1,0,1,55,1,1,1
9,62,2,1,0,1,0,18,0,7,0,79,1,2,2
10,67,1,0,1,0,1,24,0,17,0,96,0,2,0
10,67,1,0,1,0,1,24,0,9,1,78,0,2,1
10,67,1,1,1,1,1,24,0,17,0,96,0,2,0
10,67,1,1,1,1,1,24,0,9,1,78,0,2,1
15,66,1,0,1,1,0,26,0,5,1,92,1,0,2
15,66,1,0,1,1,0,27,0,19,1,74,1,2,3
15,66,1,0,1,1,0,18,0,0,0,73,0,2,2
15,66,2,1,2,1,0,26,0,5,1,92,1,0,2
15,66,2,1,2,1,0,27,0,19,1,74,1,2,3
15,66,2,1,2,1,0,18,0,0,0,73,0,2,2
15,66,1,0,0,1,0,26,0,5,1,92,1,0,2
15,66,1,0,0,1,0,27,0,19,1,74,1,2,3
15,66,1,0,0,1,0,18,0,0,0,73,0,2,2
25,99,0,0,0,1,0,27,1,18,1,54,0,1,1
25,99,0,0,0,1,0,19,2,0,1,61,1,1,1
25,99,0,0,0,1,0,25,2,9,0,55,1,0,0
25,99,0,0,0,1,0,27,2,7,0,87,1,2,0
25,99,2,0,0,0,0,27,1,18,1,54,0,1,1
25,99,2,0,0,0,0,19,2,0,1,61,1,1,1
25,99,2,0,0,0,0,25,2,9,0,55,1,0,0
25,99,2,0,0,0,0,27,2,7,0,87,1,2,0
25,99,1,1,1,1,0,27,1,18,1,54,0,1,1
25,99,1,1,1,1,0,19,2,0,1,61,1,1,1
25,99,1,1,1,1,0,25,2,9,0,55,1,0,0
25,99,1,1,1,1,0,27,2,7,0,87,1,2,0
25,99,1,0,1,1,0,27,1,18,1,54,0,1,1
25,99,1,0,1,1,0,19,2,0,1,61,1,1,1
25,99,1,0,1,1,0,25,2,9,0,55,1,0,0
25,99,1,0,1,1,0,27,2,7,0,87,1,2,0
8,84,2,0,1,1,1,24,3,12,0,60,0,1,0
8,84,2,0,1,1,1,27,1,19,0,80,1,1,0
8,84,2,0,1,1,1,28,1,4,1,97,0,0,0
8,84,2,0,1,1,1,25,3,9,0,68,1,2,3
8,84,0,1,0,1,1,24,3,12,0,60,0,1,0
8,84,0,1,0,1,1,27,1,19,0,80,1,1,0
8,84,0,1,0,1,1,28,1,4,1,97,0,0,0
8,84,0,1,0,1,1,25,3,9,0,68,1,2,3
13,66,1,1,1,1,1,19,1,16,0,96,1,2,0
13,66,1,1,1,1,1,29,1,10,1,95,1,1,2
13,66,1,1,1,1,1,23,2,0,0,60,1,0,3
13,66,1,1,0,1,1,19,1,16,0,96,1,2,0
13,66,1,1,0,1,1,29,1,10,1,95,1,1,2
13,66,1,1,0,1,1,23,2,0,0,60,1,0,3
13,66,2,0,0,1,1,19,1,16,0,96,1,2,0
13,66,2,0,0,1,1,29,1,10,1,95,1,1,2
13,66,2,0,0,1,1,23,2,0,0,60,1,0,3
22,91,1,1,0,1,0,23,1,17,1,68,0,1,3
22,91,1,1,0,1,0,20,0,11,0,64,1,1,0
22,91,0,1,1,1,0,23,1,17,1,68,0,1,3
22,91,0,1,1,1,0,20,0,11,0,64,1,1,0
22,91,1,1,1,0,0,23,1,17,1,68,0,1,3
22,91,1,1,1,0,0,20,0,11,0,64,1,1,0
22,91,1,0,0,1,0,23,1,17,1,68,0,1,3
22,91,1,0,0,1,0,20,0,11,0,64,1,1,0
22,91,1,1,2,1,0,23,1,17,1,68,0,1,3
22,91,1,1,2,1,0,20,0,11,0,64,1,1,0
22,91,1,0,1,1,0,23,1,17,1,68,0,1,3
22,91,1,0,1,1,0,20,0,11,0,64,1,1,0
28,69,2,0,0,1,0,25,2,18,0,77,1,1,2
28,69,1,0,1,1,0,25,2,18,0,77,1,1,2
28,69,1,0,2,1,0,25,2,18,0,77,1,1,2
31,88,0,0,1,1,1,21,3,15,0,74,1,2,2
31,88,0,0,1,1,1,26,1,4,0,100,1,0,3
31,88,0,0,1,1,1,25,2,6,1,88,1,1,0
31,88,1,1,0,1,1,21,3,15,0,74,1,2,2
31,88,1,1,0,1,1,26,1,4,0,100,1,0,3
31,88,1,1,0,1,1,25,2,6,1,88,1,1,0
31,88,2,0,1,1,1,21,3,15,0,74,1,2,2
31,88,2,0,1,1,1,26,1,4,0,100,1,0,3
31,88,2,0,1,1,1,25,2,6,1,88,1,1,0
23,73,2,0,1,1,1,19,0,17,0,86,0,1,3
23,73,2,0,1,1,1,24,2,15,0,57,1,2,1
23,73,2,0,1,1,1,28,1,14,1,94,1,1,0
23,73,2,0,1,1,1,19,1,12,0,79,1,1,3
23,73,1,0,1,1,1,19,0,17,0,86,0,1,3
23,73,1,0,1,1,1,24,2,15,0,57,1,2,1
23,73,1,0,1,1,1,28,1,14,1,94,1,1,0
23,73,1,0,1,1,1,19,1,12,0,79,1,1,3
37,94,1,1,2,1,1,20,1,6,0,61,1,2,0
12,71,1,1,1,1,1,20,1,8,0,67,1,2,2
12,71,1,1,1,1,1,18,0,18,0,56,0,1,2
12,71,1,1,1,1,1,19,0,4,1,75,0,2,2
12,71,0,0,1,1,1,20,1,8,0,67,1,2,2
12,71,0,0,1,1,1,18,0,18,0,56,0,1,2
12,71,0,0,1,1,1,19,0,4,1,75,0,2,2
12,71,1,0,1,1,1,20,1,8,0,67,1,2,2
12,71,1,0,1,1,1,18,0,18,0,56,0,1,2
12,71,1,0,1,1,1,19,0,4,1,75,0,2,2
17,76,0,0,0,1,1,24,3,5,1,53,0,0,3
17,76,2,1,0,1,1,24,3,5,1,53,0,0,3
17,76,2,0,1,1,1,24,3,5,1,53,0,0,3
17,76,1,0,0,0,1,24,3,5,1,53,0,0,3
17,76,1,0,1,1,1,24,3,5,1,53,0,0,3
21,100,1,0,1,1,1,19,1,1,0,83,1,1,0
21,100,1,0,1,1,1,23,0,1,1,97,0,2,0
21,100,1,0,0,1,1,19,1,1,0,83,1,1,0
21,100,1,0,0,1,1,23,0,1,1,97,0,2,0
25,89,2,0,0,1,0,23,3,18,1,77,1,2,1
25,89,2,0,0,1,0,27,1,9,0,61,0,1,0
25,89,2,0,0,1,0,25,1,14,1,63,1,1,2
25,89,0,1,1,1,0,23,3,18,1,77,1,2,1
25,89,0,1,1,1,0,27,1,9,0,61,0,1,0
25,89,0,1,1,1,0,25,1,14,1,63,1,1,2
22,93,1,0,1,1,0,23,3,7,1,51,1,0,3
22,93,1,0,1,1,0,20,1,12,1,73,1,2,1
22,93,1,0,1,1,0,19,2,4,1,93,1,1,3
22,93,1,0,1,1,0,24,3,17,1,60,1,1,3
22,93,1,0,1,1,0,18,2,13,1,89,0,2,0
22,93,1,1,1,1,0,23,3,7,1,51,1,0,3
22,93,1,1,1,1,0,20,1,12,1,73,1,2,1
22,93,1,1,1,1,0,19,2,4,1,93,1,1,3
22,93,1,1,1,1,0,24,3,17,1,60,1,1,3
22,93,1,1,1,1,0,18,2,13,1,89,0,2,0
22,93,2,0,0,1,0,23,3,7,1,51,1,0,3
22,93,2,0,0,1,0,20,1,12,1,73,1,2,1
22,93,2,0,0,1,0,19,2,4,1,93,1,1,3
22,93,2,0,0,1,0,24,3,17,1,60,1,1,3
22,93,2,0,0,1,0,18,2,13,1,89,0,2,0
5,70,2,1,1,1,1,19,0,2,1,67,1,2,1
5,70,2,1,1,1,1,28,3,2,1,58,1,2,0
5,70,2,1,1,1,1,21,3,16,0,64,1,1,1
5,70,2,1,1,1,1,22,2,13,1,95,1,2,0
5,70,2,1,1,1,1,28,3,12,0,89,0,1,0
29,61,1,1,2,1,1,24,1,6,1,66,0,2,1
29,61,1,1,2,1,1,19,2,6,1,97,1,2,1
29,61,2,0,1,1,1,24,1,6,1,66,0,2,1
29,61,2,0,1,1,1,19,2,6,1,97,1,2,1
26,80,2,1,1,1,0,28,1,5,1,63,0,0,3
21,99,2,1,1,1,0,26,2,18,1,99,1,1,3
21,99,2,1,1,1,0,18,3,18,1,50,1,2,3
21,99,0,1,0,1,0,26,2,18,1,99,1,1,3
21,99,0,1,0,1,0,18,3,18,1,50,1,2,3
21,99,0,1,1,1,0,26,2,18,1,99,1,1,3
21,99,0,1,1,1,0,18,3,18,1,50,1,2,3
21,99,2,0,2,1,0,26,2,18,1,99,1,1,3
21,99,2,0,2,1,0,18,3,18,1,50,1,2,3
21,99,0,0,0,1,0,26,2,18,1,99,1,1,3
21,99,0,0,0,1,0,18,3,18,1,50,1,2,3
21,99,1,1,0,1,0,26,2,18,1,99,1,1,3
21,99,1,1,0,1,0,18,3,18,1,50,1,2,3
24,77,1,1,1,1,1,19,2,5,1,96,1,1,1
24,77,1,1,1,1,1,21,2,8,1,56,0,2,1
24,77,1,1,0,1,1,19,2,5,1,96,1,1,1
24,77,1,1,0,1,1,21,2,8,1,56,0,2,1
24,77,1,0,2,1,1,19,2,5,1,96,1,1,1
24,77,1,0,2,1,1,21,2,8,1,56,0,2,1
24,77,2,1,0,1,1,19,2,5,1,96,1,1,1
24,77,2,1,0,1,1,21,2,8,1,56,0,2,1
24,77,2,1,2,1,1,19,2,5,1,96,1,1,1
24,77,2,1,2,1,1,21,2,8,1,56,0,2,1
24,77,1,1,2,1,1,19,2,5,1,96,1,1,1
24,77,1,1,2,1,1,21,2,8,1,56,0,2,1
24,77,0,1,0,1,1,19,2,5,1,96,1,1,1
24,77,0,1,0,1,1,21,2,8,1,56,0,2,1
24,77,2,1,1,1,1,19,2,5,1,96,1,1,1
24,77,2,1,1,1,1,21,2,8,1,56,0,2,1
24,77,0,1,2,1,1,19,2,5,1,96,1,1,1
24,77,0,1,2,1,1,21,2,8,1,56,0,2,1
24,94,1,1,0,1,0,19,2,0,1,67,0,1,3
24,94,1,1,0,1,0,25,0,8,0,76,1,1,2
24,94,1,1,0,1,0,27,1,1,0,81,0,1,3
24,94,0,1,2,0,0,19,2,0,1,67,0,1,3
24,94,0,1,2,0,0,25,0,8,0,76,1,1,2
24,94,0,1,2,0,0,27,1,1,0,81,0,1,3
24,94,1,0,2,1,0,19,2,0,1,67,0,1,3
24,94,1,0,2,1,0,25,0,8,0,76,1,1,2
24,94,1,0,2,1,0,27,1,1,0,81,0,1,3
11,92,2,1,1,1,0,27,1,4,0,51,1,2,0
11,92,1,1,2,1,0,27,1,4,0,51,1,2,0
11,92,1,0,1,1,0,27,1,4,0,51,1,2,0
6,65,2,0,1,0,1,26,3,17,0,98,1,0,1
6,65,2,0,1,0,1,29,2,2,1,92,1,2,3
17,72,2,1,0,1,0,22,2,20,0,53,1,0,0
17,72,2,1,0,1,0,21,2,16,0,64,0,2,1
17,72,1,0,0,1,0,22,2,20,0,53,1,0,0
17,72,1,0,0,1,0,21,2,16,0,64,0,2,1
29,74,1,1,2,1,0,27,1,10,1,85,1,1,3
29,74,1,1,2,1,0,29,2,12,1,53,0,2,3
29,74,1,1,2,1,0,26,3,2,1,92,1,1,0
29,74,1,0,0,1,0,27,1,10,1,85,1,1,3
29,74,1,0,0,1,0,29,2,12,1,53,0,2,3
29,74,1,0,0,1,0,26,3,2,1,92,1,1,0
29,74,1,0,1,1,0,27,1,10,1,85,1,1,3
29,74,1,0,1,1,0,29,2,12,1,53,0,2,3
29,74,1,0,1,1,0,26,3,2,1,92,1,1,0
29,74,2,1,1,1,0,27,1,10,1,85,1,1,3
29,74,2,1,1,1,0,29,2,12,1,53,0,2,3
29,74,2,1,1,1,0,26,3,2,1,92,1,1,0
24,91,1,1,0,1,0,23,0,16,0,53,1,0,1
24,91,1,1,0,1,0,29,1,13,0,99,1,1,3
24,91,1,1,0,1,0,21,0,3,1,63,1,2,2
24,91,0,1,2,1,0,23,0,16,0,53,1,0,1
24,91,0,1,2,1,0,29,1,13,0,99,1,1,3
24,91,0,1,2,1,0,21,0,3,1,63,1,2,2
24,91,2,1,1,1,0,23,0,16,0,53,1,0,1
24,91,2,1,1,1,0,29,1,13,0,99,1,1,3
24,91,2,1,1,1,0,21,0,3,1,63,1,2,2
26,62,1,1,1,1,0,20,2,19,1,82,1,1,0
26,62,0,1,0,1,0,20,2,19,1,82,1,1,0
26,62,1,0,1,1,0,20,2,19,1,82,1,1,0
11,85,1,1,0,1,0,29,1,6,1,61,1,0,1
11,85,1,1,0,1,0,18,3,0,1,50,1,2,0
11,85,0,0,0,0,0,29,1,6,1,61,1,0,1
11,85,0,0,0,0,0,18,3,0,1,50,1,2,0
15,69,1,1,0,0,1,24,1,19,1,96,1,2,1
15,69,1,1,0,0,1,23,3,16,1,56,1,1,0
15,69,1,0,1,1,1,24,1,19,1,96,1,2,1
15,69,1,0,1,1,1,23,3,16,1,56,1,1,0
15,69,2,0,0,1,1,24,1,19,1,96,1,2,1
15,69,2,0,0,1,1,23,3,16,1,56,1,1,0
15,69,1,1,0,1,1,24,1,19,1,96,1,2,1
15,69,1,1,0,1,1,23,3,16,1,56,1,1,0
27,66,2,0,0,1,0,22,3,14,0,89,1,2,2
27,66,2,0,0,1,0,26,0,8,1,54,1,0,2
27,66,2,0,0,1,0,23,3,9,0,85,1,1,3
27,66,2,0,0,1,0,24,2,11,1,93,1,2,3
13,84,1,1,2,1,0,24,2,10,0,76,1,2,0
13,84,1,0,0,0,0,24,2,10,0,76,1,2,0
15,81,1,1,1,1,1,26,2,11,1,81,1,0,1
15,81,1,1,1,1,1,29,3,5,1,85,0,2,0
15,81,1,1,1,1,1,27,1,3,0,92,0,1,1
15,81,1,1,1,1,1,21,2,19,1,92,1,2,1
15,81,1,1,1,1,1,26,2,10,1,77,0,1,3
15,81,0,1,0,1,1,26,2,11,1,81,1,0,1
15,81,0,1,0,1,1,29,3,5,1,85,0,2,0
15,81,0,1,0,1,1,27,1,3,0,92,0,1,1
15,81,0,1,0,1,1,21,2,19,1,92,1,2,1
15,81,0,1,0,1,1,26,2,10,1,77,0,1,3
18,72,2,1,1,1,0,26,0,5,0,63,1,0,3
18,72,2,1,1,1,0,22,0,11,1,79,0,2,2
18,72,1,1,1,1,0,26,0,5,0,63,1,0,3
18,72,1,1,1,1,0,22,0,11,1,79,0,2,2
18,72,2,1,2,1,0,26,0,5,0,63,1,0,3
18,72,2,1,2,1,0,22,0,11,1,79,0,2,2
18,72,1,1,2,0,0,26,0,5,0,63,1,0,3
18,72,1,1,2,0,0,22,0,11,1,79,0,2,2
24,61,1,1,1,1,0,21,3,7,1,57,0,1,2
24,61,1,1,1,1,0,29,0,16,1,66,1,0,2
24,61,1,1,0,1,0,21,3,7,1,57,0,1,2
24,61,1,1,0,1,0,29,0,16,1,66,1,0,2
24,61,1,0,1,1,0,21,3,7,1,57,0,1,2
24,61,1,0,1,1,0,29,0,16,1,66,1,0,2
24,61,1,0,0,1,0,21,3,7,1,57,0,1,2
24,61,1,0,0,1,0,29,0,16,1,66,1,0,2
19,71,1,0,1,1,1,29,2,5,0,53,0,2,0
19,71,1,0,1,1,1,19,1,8,1,84,0,1,2
19,71,2,1,2,1,1,29,2,5,0,53,0,2,0
19,71,2,1,2,1,1,19,1,8,1,84,0,1,2
34,65,1,1,2,1,1,19,0,13,1,76,1,0,0
34,65,1,1,2,1,1,27,0,10,0,58,1,0,2
34,65,1,1,2,1,1,22,3,2,1,54,0,2,1
24,95,2,1,1,1,0,24,3,9,1,55,1,2,3
24,95,2,1,1,1,0,20,0,0,1,62,1,2,1
24,95,2,1,1,1,0,29,1,3,0,62,0,0,1
24,95,0,0,0,1,0,24,3,9,1,55,1,2,3
24,95,0,0,0,1,0,20,0,0,1,62,1,2,1
24,95,0,0,0,1,0,29,1,3,0,62,0,0,1
24,95,0,1,2,1,0,24,3,9,1,55,1,2,3
24,95,0,1,2,1,0,20,0,0,1,62,1,2,1
24,95,0,1,2,1,0,29,1,3,0,62,0,0,1
18,77,1,1,0,1,1,29,2,6,0,78,1,2,1
18,77,1,1,0,1,1,24,0,15,0,97,1,1,2
18,77,1,0,1,1,1,29,2,6,0,78,1,2,1
18,77,1,0,1,1,1,24,0,15,0,97,1,1,2
18,77,0,0,2,1,1,29,2,6,0,78,1,2,1
18,77,0,0,2,1,1,24,0,15,0,97,1,1,2
18,77,1,1,1,1,1,29,2,6,0,78,1,2,1
18,77,1,1,1,1,1,24,0,15,0,97,1,1,2
17,91,0,1,0,1,0,18,0,10,1,61,0,1,3
17,91,1,1,2,1,0,18,0,10,1,61,0,1,3
17,91,2,0,2,1,0,18,0,10,1,61,0,1,3
29,63,2,1,1,1,0,19,1,13,1,64,1,1,0
13,96,1,0,1,1,0,25,3,11,1,77,1,1,0
13,96,1,0,1,1,0,24,1,7,1,95,1,0,0
13,96,1,0,1,1,0,23,1,20,1,80,0,1,3
13,96,1,0,1,1,0,27,2,18,1,52,1,2,2
13,96,1,0,1,1,0,25,2,0,0,86,0,2,1
10,73,2,1,0,1,0,18,1,7,1,97,1,2,1
10,73,2,1,0,1,0,25,2,10,0,89,1,1,0
10,73,2,1,0,1,0,23,0,11,0,56,1,2,1
10,79,1,0,2,0,0,23,0,0,0,53,1,1,2
10,79,1,0,2,0,0,21,1,1,0,55,1,2,1
10,79,1,0,2,0,0,19,3,9,1,97,1,2,1
18,98,2,1,0,1,0,23,1,14,0,84,0,0,2
18,98,1,1,1,1,0,23,1,14,0,84,0,0,2
18,98,1,1,0,1,0,23,1,14,0,84,0,0,2
28,72,1,1,0,0,1,18,2,20,0,55,0,1,2
28,72,1,1,0,0,1,20,0,17,0,81,0,2,1
28,72,1,1,0,0,1,19,3,9,1,93,0,2,0
28,72,1,1,0,0,1,21,3,17,1,91,1,0,2
28,72,2,0,0,1,1,18,2,20,0,55,0,1,2
28,72,2,0,0,1,1,20,0,17,0,81,0,2,1
28,72,2,0,0,1,1,19,3,9,1,93,0,2,0
28,72,2,0,0,1,1,21,3,17,1,91,1,0,2
28,72,1,1,1,1,1,18,2,20,0,55,0,1,2
28,72,1,1,1,1,1,20,0,17,0,81,0,2,1
28,72,1,1,1,1,1,19,3,9,1,93,0,2,0
28,72,1,1,1,1,1,21,3,17,1,91,1,0,2
13,77,1,1,0,1,0,23,3,9,0,91,0,2,1
13,77,2,0,0,1,0,23,3,9,0,91,0,2,1
23,83,1,1,0,1,1,21,1,4,1,91,1,2,1
23,83,1,1,0,1,1,19,1,13,0,84,1,2,1
23,83,1,1,0,1,1,18,0,9,1,76,1,0,2
23,83,2,1,0,1,1,21,1,4,1,91,1,2,1
23,83,2,1,0,1,1,19,1,13,0,84,1,2,1
23,83,2,1,0,1,1,18,0,9,1,76,1,0,2
23,83,0,0,1,1,1,21,1,4,1,91,1,2,1
23,83,0,0,1,1,1,19,1,13,0,84,1,2,1
23,83,0,0,1,1,1,18,0,9,1,76,1,0,2
23,83,1,0,1,1,1,21,1,4,1,91,1,2,1
23,83,1,0,1,1,1,19,1,13,0,84,1,2,1
23,83,1,0,1,1,1,18,0,9,1,76,1,0,2
27,83,2,1,1,1,1,29,0,2,1,65,0,2,3
27,83,1,1,1,1,1,29,0,2,1,65,0,2,3
27,83,0,0,1,1,1,29,0,2,1,65,0,2,3
23,99,1,0,0,1,0,18,0,19,1,80,1,1,3
23,99,2,0,2,1,0,18,0,19,1,80,1,1,3
23,99,1,0,2,1,0,18,0,19,1,80,1,1,3
15,62,2,0,1,1,1,25,2,7,0,50,1,1,0
15,62,2,0,1,1,1,28,0,19,1,67,1,1,1
15,62,2,0,0,1,1,25,2,7,0,50,1,1,0
15,62,2,0,0,1,1,28,0,19,1,67,1,1,1
33,88,0,0,1,1,1,19,0,9,0,58,1,2,2
33,88,0,0,1,1,1,22,0,2,1,91,0,0,1
33,88,0,0,1,1,1,21,0,13,0,78,1,1,0
10,94,1,1,2,1,1,21,2,0,0,60,0,1,0
10,94,0,0,1,1,1,21,2,0,0,60,0,1,0
10,94,1,0,0,1,1,21,2,0,0,60,0,1,0
10,94,2,0,1,1,1,21,2,0,0,60,0,1,0
32,97,0,1,0,1,0,26,0,9,1,72,1,2,0
32,97,0,1,0,1,0,25,0,7,1,77,1,0,1
32,97,0,1,0,1,0,21,0,12,0,94,1,0,0
32,97,0,1,0,1,0,28,0,7,1,50,1,2,1
32,97,1,1,1,1,0,26,0,9,1,72,1,2,0
32,97,1,1,1,1,0,25,0,7,1,77,1,0,1
32,97,1,1,1,1,0,21,0,12,0,94,1,0,0
32,97,1,1,1,1,0,28,0,7,1,50,1,2,1
19,85,2,0,0,1,1,19,3,9,1,83,0,1,2
19,85,2,0,0,1,1,27,1,15,1,100,1,0,0
19,85,1,0,0,1,1,19,3,9,1,83,0,1,2
19,85,1,0,0,1,1,27,1,15,1,100,1,0,0
19,85,1,1,2,1,1,19,3,9,1,83,0,1,2
19,85,1,1,2,1,1,27,1,15,1,100,1,0,0
28,74,1,1,0,1,0,28,1,11,1,57,1,1,2
28,74,1,1,0,1,0,25,2,5,1,79,1,2,0
28,74,1,0,0,1,0,28,1,11,1,57,1,1,2
28,74,1,0,0,1,0,25,2,5,1,79,1,2,0
7,96,1,1,1,1,0,21,3,5,0,51,0,0,1
7,96,1,1,1,1,0,29,1,16,1,79,0,2,1
11,99,2,1,2,0,1,18,0,19,0,88,0,1,1
11,99,0,1,1,1,1,18,0,19,0,88,0,1,1
11,99,1,1,2,1,1,18,0,19,0,88,0,1,1
18,96,0,0,1,1,1,28,2,8,0,94,0,2,2
18,96,0,0,1,1,1,26,0,10,1,77,1,2,0
18,96,0,0,1,1,1,21,1,5,1,64,1,2,0
18,96,2,0,2,1,1,28,2,8,0,94,0,2,2
18,96,2,0,2,1,1,26,0,10,1,77,1,2,0
18,96,2,0,2,1,1,21,1,5,1,64,1,2,0
18,96,2,1,1,1,1,28,2,8,0,94,0,2,2
18,96,2,1,1,1,1,26,0,10,1,77,1,2,0
18,96,2,1,1,1,1,21,1,5,1,64,1,2,0
18,96,2,1,2,1,1,28,2,8,0,94,0,2,2
18,96,2,1,2,1,1,26,0,10,1,77,1,2,0
18,96,2,1,2,1,1,21,1,5,1,64,1,2,0
17,65,1,1,1,1,1,23,2,17,1,73,1,1,3
17,65,1,1,1,1,1,29,3,15,1,65,0,2,0
17,65,1,1,0,1,1,23,2,17,1,73,1,1,3
17,65,1,1,0,1,1,29,3,15,1,65,0,2,0
17,65,2,0,1,1,1,23,2,17,1,73,1,1,3
17,65,2,0,1,1,1,29,3,15,1,65,0,2,0
17,65,1,0,1,1,1,23,2,17,1,73,1,1,3
17,65,1,0,1,1,1,29,3,15,1,65,0,2,0
17,65,2,1,0,1,1,23,2,17,1,73,1,1,3
17,65,2,1,0,1,1,29,3,15,1,65,0,2,0
24,93,1,1,1,1,1,28,3,13,1,95,0,2,2
24,93,1,1,1,1,1,19,2,4,0,50,1,2,0
24,93,1,1,1,1,1,18,0,8,1,77,1,0,0
24,93,1,1,2,1,1,28,3,13,1,95,0,2,2
24,93,1,1,2,1,1,19,2,4,0,50,1,2,0
24,93,1,1,2,1,1,18,0,8,1,77,1,0,0
24,93,0,1,2,1,1,28,3,13,1,95,0,2,2
24,93,0,1,2,1,1,19,2,4,0,50,1,2,0
24,93,0,1,2,1,1,18,0,8,1,77,1,0,0
24,93,2,1,1,1,1,28,3,13,1,95,0,2,2
24,93,2,1,1,1,1,19,2,4,0,50,1,2,0
24,93,2,1,1,1,1,18,0,8,1,77,1,0,0
10,76,1,1,1,1,0,29,2,7,1,94,1,0,0
10,76,1,1,1,1,0,28,3,7,0,100,1,1,3
10,76,1,1,1,1,0,19,0,12,1,53,1,2,3
10,76,0,1,0,1,0,29,2,7,1,94,1,0,0
10,76,0,1,0,1,0,28,3,7,0,100,1,1,3
10,76,0,1,0,1,0,19,0,12,1,53,1,2,3
23,100,1,1,1,1,1,27,1,12,0,96,1,1,0
23,100,1,1,1,1,1,19,3,0,1,71,1,2,3
23,100,0,1,1,1,1,27,1,12,0,96,1,1,0
23,100,0,1,1,1,1,19,3,0,1,71,1,2,3
32,79,2,1,1,1,1,25,2,8,1,50,1,1,0
32,79,2,1,1,1,1,26,1,20,1,59,0,0,2
31,91,1,1,1,1,1,24,3,16,1,91,0,2,2
31,91,1,1,1,1,1,26,0,17,1,96,1,2,2
31,91,1,1,1,1,1,23,1,11,1,57,1,0,2
31,91,1,1,1,1,1,28,2,2,0,63,1,1,0
31,91,1,1,1,1,1,21,3,0,1,91,0,2,2
31,91,1,1,0,1,1,24,3,16,1,91,0,2,2
31,91,1,1,0,1,1,26,0,17,1,96,1,2,2
31,91,1,1,0,1,1,23,1,11,1,57,1,0,2
31,91,1,1,0,1,1,28,2,2,0,63,1,1,0
31,91,1,1,0,1,1,21,3,0,1,91,0,2,2
31,91,2,1,2,1,1,24,3,16,1,91,0,2,2
31,91,2,1,2,1,1,26,0,17,1,96,1,2,2
31,91,2,1,2,1,1,23,1,11,1,57,1,0,2
31,91,2,1,2,1,1,28,2,2,0,63,1,1,0
31,91,2,1,2,1,1,21,3,0,1,91,0,2,2
29,82,2,0,1,1,1,27,1,14,1,62,1,1,0
29,82,2,0,0,1,1,27,1,14,1,62,1,1,0
25,86,0,1,1,1,0,22,0,12,0,64,1,2,3
22,68,1,1,2,1,0,23,0,14,0,78,1,2,3
22,68,1,1,2,1,0,19,1,5,0,83,1,2,0
22,68,1,1,2,1,0,28,1,14,0,62,0,1,2
22,68,1,1,2,1,0,28,1,18,1,59,1,0,1
22,68,1,0,2,1,0,23,0,14,0,78,1,2,3
22,68,1,0,2,1,0,19,1,5,0,83,1,2,0
22,68,1,0,2,1,0,28,1,14,0,62,0,1,2
22,68,1,0,2,1,0,28,1,18,1,59,1,0,1
22,68,1,0,1,1,0,23,0,14,0,78,1,2,3
22,68,1,0,1,1,0,19,1,5,0,83,1,2,0
22,68,1,0,1,1,0,28,1,14,0,62,0,1,2
22,68,1,0,1,1,0,28,1,18,1,59,1,0,1
33,90,1,1,1,1,1,24,3,14,0,72,0,0,0
33,90,1,1,1,1,1,20,3,9,0,86,1,0,0
33,90,1,1,1,1,1,19,0,1,1,79,1,2,3
33,90,1,1,1,1,1,25,0,4,0,93,1,2,3
19,74,2,1,1,1,1,27,2,9,0,65,1,2,2
19,74,2,1,1,1,1,20,1,18,1,85,1,1,1
19,74,2,0,2,1,1,27,2,9,0,65,1,2,2
19,74,2,0,2,1,1,20,1,18,1,85,1,1,1
19,74,0,1,1,0,1,27,2,9,0,65,1,2,2
19,74,0,1,1,0,1,20,1,18,1,85,1,1,1
19,74,0,1,2,0,1,27,2,9,0,65,1,2,2
19,74,0,1,2,0,1,20,1,18,1,85,1,1,1
19,74,1,0,2,1,1,27,2,9,0,65,1,2,2
19,74,1,0,2,1,1,20,1,18,1,85,1,1,1
19,74,1,1,1,1,1,27,2,9,0,65,1,2,2
19,74,1,1,1,1,1,20,1,18,1,85,1,1,1
28,80,2,1,0,1,0,19,0,19,0,50,1,2,2
28,80,2,1,0,1,0,21,1,1,0,67,0,1,0
28,80,2,0,1,1,0,19,0,19,0,50,1,2,2
28,80,2,0,1,1,0,21,1,1,0,67,0,1,0
9,65,1,0,0,1,1,18,1,11,1,79,0,1,3
9,65,1,0,0,1,1,27,0,9,1,96,0,2,1
9,65,1,1,1,1,1,18,1,11,1,79,0,1,3
9,65,1,1,1,1,1,27,0,9,1,96,0,2,1
8,85,0,1,0,1,1,19,1,4,1,81,1,1,0
8,85,0,1,0,1,1,24,1,2,0,64,0,2,0
13,98,2,1,1,1,0,25,2,5,1,53,0,2,3
13,98,2,1,1,1,0,18,1,5,0,66,1,2,1
13,98,0,1,1,1,0,25,2,5,1,53,0,2,3
13,98,0,1,1,1,0,18,1,5,0,66,1,2,1
24,90,0,1,0,1,0,29,2,15,0,54,1,2,1
24,90,2,0,2,1,0,29,2,15,0,54,1,2,1
11,75,1,0,1,1,1,29,2,10,0,77,1,0,0
11,75,2,1,1,0,1,29,2,10,0,77,1,0,0
11,79,1,0,0,1,0,28,2,10,1,69,1,2,2
11,79,1,0,0,1,0,23,2,4,0,82,1,2,3
11,79,1,0,0,1,0,20,1,12,0,72,1,0,3
11,79,2,1,1,1,0,28,2,10,1,69,1,2,2
11,79,2,1,1,1,0,23,2,4,0,82,1,2,3
11,79,2,1,1,1,0,20,1,12,0,72,1,0,3
11,79,1,1,1,1,0,28,2,10,1,69,1,2,2
11,79,1,1,1,1,0,23,2,4,0,82,1,2,3
11,79,1,1,1,1,0,20,1,12,0,72,1,0,3
12,69,1,1,0,1,0,23,0,5,1,86,1,2,1
23,97,2,0,1,1,0,27,1,17,1,94,0,2,3
23,97,2,0,1,1,0,27,2,20,1,73,0,0,2
23,97,2,1,1,1,0,27,1,17,1,94,0,2,3
23,97,2,1,1,1,0,27,2,20,1,73,0,0,2
23,97,2,0,0,1,0,27,1,17,1,94,0,2,3
23,97,2,0,0,1,0,27,2,20,1,73,0,0,2
23,97,1,1,0,1,0,27,1,17,1,94,0,2,3
23,97,1,1,0,1,0,27,2,20,1,73,0,0,2
17,62,0,1,0,1,1,26,0,1,1,67,1,2,2
17,62,1,0,2,1,1,26,0,1,1,67,1,2,2
17,62,1,1,1,1,1,26,0,1,1,67,1,2,2
20,78,1,0,1,1,1,19,3,7,1,78,1,2,1
20,78,1,0,1,1,1,25,3,11,1,76,1,2,1
20,78,1,0,1,1,1,27,3,17,1,83,1,1,0
20,78,1,0,1,1,1,26,1,16,1,51,1,2,3
20,78,1,0,1,1,1,18,0,3,1,77,1,1,0
20,78,1,0,1,1,1,25,3,3,1,67,0,2,3
20,78,1,1,0,1,1,19,3,7,1,78,1,2,1
20,78,1,1,0,1,1,25,3,11,1,76,1,2,1
20,78,1,1,0,1,1,27,3,17,1,83,1,1,0
20,78,1,1,0,1,1,26,1,16,1,51,1,2,3
20,78,1,1,0,1,1,18,0,3,1,77,1,1,0
20,78,1,1,0,1,1,25,3,3,1,67,0,2,3
20,78,1,1,1,1,1,19,3,7,1,78,1,2,1
20,78,1,1,1,1,1,25,3,11,1,76,1,2,1
20,78,1,1,1,1,1,27,3,17,1,83,1,1,0
20,78,1,1,1,1,1,26,1,16,1,51,1,2,3
20,78,1,1,1,1,1,18,0,3,1,77,1,1,0
20,78,1,1,1,1,1,25,3,3,1,67,0,2,3
20,78,1,0,2,1,1,19,3,7,1,78,1,2,1
20,78,1,0,2,1,1,25,3,11,1,76,1,2,1
20,78,1,0,2,1,1,27,3,17,1,83,1,1,0
20,78,1,0,2,1,1,26,1,16,1,51,1,2,3
20,78,1,0,2,1,1,18,0,3,1,77,1,1,0
20,78,1,0,2,1,1,25,3,3,1,67,0,2,3
25,95,0,0,0,1,0,28,3,5,0,67,1,2,1
25,95,2,1,1,1,0,28,3,5,0,67,1,2,1
16,68,2,1,1,1,1,28,3,2,1,50,1,2,0
16,68,2,1,1,1,1,24,1,15,1,60,0,1,1
16,68,2,1,1,1,1,18,0,17,1,68,1,1,3
16,68,2,1,1,1,1,21,1,0,1,82,0,1,3
16,68,2,1,1,1,1,20,1,8,1,96,1,2,2
16,68,1,0,1,1,1,28,3,2,1,50,1,2,0
16,68,1,0,1,1,1,24,1,15,1,60,0,1,1
16,68,1,0,1,1,1,18,0,17,1,68,1,1,3
16,68,1,0,1,1,1,21,1,0,1,82,0,1,3
16,68,1,0,1,1,1,20,1,8,1,96,1,2,2
16,68,0,1,1,1,1,28,3,2,1,50,1,2,0
16,68,0,1,1,1,1,24,1,15,1,60,0,1,1
16,68,0,1,1,1,1,18,0,17,1,68,1,1,3
16,68,0,1,1,1,1,21,1,0,1,82,0,1,3
16,68,0,1,1,1,1,20,1,8,1,96,1,2,2
16,68,1,1,1,0,1,28,3,2,1,50,1,2,0
16,68,1,1,1,0,1,24,1,15,1,60,0,1,1
16,68,1,1,1,0,1,18,0,17,1,68,1,1,3
16,68,1,1,1,0,1,21,1,0,1,82,0,1,3
16,68,1,1,1,0,1,20,1,8,1,96,1,2,2
29,71,1,0,0,1,0,28,1,12,0,75,1,2,1
29,71,1,0,0,1,0,27,1,14,1,59,1,0,0
29,71,1,0,0,1,0,20,0,8,1,74,0,0,1
29,71,1,1,1,1,0,28,1,12,0,75,1,2,1
29,71,1,1,1,1,0,27,1,14,1,59,1,0,0
29,71,1,1,1,1,0,20,0,8,1,74,0,0,1
30,79,2,1,1,1,1,18,0,12,0,66,1,2,3
26,98,1,1,1,1,0,20,1,4,0,88,1,2,2
26,98,1,1,1,1,0,21,2,17,0,95,1,2,0
26,98,0,0,0,1,0,20,1,4,0,88,1,2,2
26,98,0,0,0,1,0,21,2,17,0,95,1,2,0
23,78,1,1,1,1,0,27,2,16,0,89,1,2,3
23,78,1,1,1,1,0,18,0,18,0,81,1,2,0
23,78,1,1,1,1,0,25,2,9,0,54,1,0,2
23,78,1,1,1,1,0,29,1,9,1,93,1,2,2
23,78,1,1,1,1,0,27,1,19,0,65,1,1,1
23,78,1,1,1,1,0,22,3,4,0,67,1,2,3
23,78,1,1,1,1,0,19,2,10,0,89,1,0,0
23,78,1,1,1,1,0,21,3,11,1,95,1,2,3
23,78,1,1,1,1,0,27,0,17,1,67,1,2,2
23,78,1,1,2,1,0,27,2,16,0,89,1,2,3
23,78,1,1,2,1,0,18,0,18,0,81,1,2,0
23,78,1,1,2,1,0,25,2,9,0,54,1,0,2
23,78,1,1,2,1,0,29,1,9,1,93,1,2,2
23,78,1,1,2,1,0,27,1,19,0,65,1,1,1
23,78,1,1,2,1,0,22,3,4,0,67,1,2,3
23,78,1,1,2,1,0,19,2,10,0,89,1,0,0
23,78,1,1,2,1,0,21,3,11,1,95,1,2,3
23,78,1,1,2,1,0,27,0,17,1,67,1,2,2
23,78,2,0,1,1,0,27,2,16,0,89,1,2,3
23,78,2,0,1,1,0,18,0,18,0,81,1,2,0
23,78,2,0,1,1,0,25,2,9,0,54,1,0,2
23,78,2,0,1,1,0,29,1,9,1,93,1,2,2
23,78,2,0,1,1,0,27,1,19,0,65,1,1,1
23,78,2,0,1,1,0,22,3,4,0,67,1,2,3
23,78,2,0,1,1,0,19,2,10,0,89,1,0,0
23,78,2,0,1,1,0,21,3,11,1,95,1,2,3
23,78,2,0,1,1,0,27,0,17,1,67,1,2,2
23,78,0,0,2,1,0,27,2,16,0,89,1,2,3
23,78,0,0,2,1,0,18,0,18,0,81,1,2,0
23,78,0,0,2,1,0,25,2,9,0,54,1,0,2
23,78,0,0,2,1,0,29,1,9,1,93,1,2,2
23,78,0,0,2,1,0,27,1,19,0,65,1,1,1
23,78,0,0,2,1,0,22,3,4,0,67,1,2,3
23,78,0,0,2,1,0,19,2,10,0,89,1,0,0
23,78,0,0,2,1,0,21,3,11,1,95,1,2,3
23,78,0,0,2,1,0,27,0,17,1,67,1,2,2
11,70,0,1,0,1,0,22,3,15,1,94,1,1,0
11,70,2,1,0,1,0,22,3,15,1,94,1,1,0
11,70,1,0,1,1,0,22,3,15,1,94,1,1,0
14,63,1,0,0,1,0,23,2,15,1,52,0,1,1
14,63,2,0,1,1,0,23,2,15,1,52,0,1,1
14,63,0,1,1,1,0,23,2,15,1,52,0,1,1
22,68,2,0,2,1,1,25,3,6,0,75,0,2,0
22,68,0,1,1,1,1,25,3,6,0,75,0,2,0
22,68,2,1,1,0,1,25,3,6,0,75,0,2,0
22,68,2,0,1,1,1,25,3,6,0,75,0,2,0
39,92,1,0,1,1,1,19,0,16,0,89,1,2,1
39,92,1,0,1,1,1,22,2,20,0,91,1,1,1
39,92,1,0,1,1,1,23,3,10,0,83,0,1,3
39,92,1,0,1,1,1,22,2,13,1,66,1,0,3
39,92,1,0,1,1,1,23,2,12,1,58,1,1,0
39,92,1,0,1,1,1,24,1,1,1,62,1,2,0
24,99,1,0,0,1,1,26,3,8,1,84,0,1,2
24,99,1,0,0,1,1,18,0,20,0,53,1,0,2
24,99,1,1,1,1,1,26,3,8,1,84,0,1,2
24,99,1,1,1,1,1,18,0,20,0,53,1,0,2
24,99,0,1,0,1,1,26,3,8,1,84,0,1,2
24,99,0,1,0,1,1,18,0,20,0,53,1,0,2
24,99,1,0,2,1,1,26,3,8,1,84,0,1,2
24,99,1,0,2,1,1,18,0,20,0,53,1,0,2
23,89,2,0,0,1,1,18,3,8,0,56,1,0,2
23,89,2,0,0,1,1,24,0,20,0,89,1,1,0
23,89,2,0,0,1,1,27,1,7,1,75,1,1,3
23,89,2,0,0,1,1,25,0,2,1,76,0,0,3
23,89,2,0,1,1,1,18,3,8,0,56,1,0,2
23,89,2,0,1,1,1,24,0,20,0,89,1,1,0
23,89,2,0,1,1,1,27,1,7,1,75,1,1,3
23,89,2,0,1,1,1,25,0,2,1,76,0,0,3
23,89,1,0,0,1,1,18,3,8,0,56,1,0,2
23,89,1,0,0,1,1,24,0,20,0,89,1,1,0
23,89,1,0,0,1,1,27,1,7,1,75,1,1,3
23,89,1,0,0,1,1,25,0,2,1,76,0,0,3
23,89,2,1,0,1,1,18,3,8,0,56,1,0,2
23,89,2,1,0,1,1,24,0,20,0,89,1,1,0
23,89,2,1,0,1,1,27,1,7,1,75,1,1,3
23,89,2,1,0,1,1,25,0,2,1,76,0,0,3
23,89,2,1,1,1,1,18,3,8,0,56,1,0,2
23,89,2,1,1,1,1,24,0,20,0,89,1,1,0
23,89,2,1,1,1,1,27,1,7,1,75,1,1,3
23,89,2,1,1,1,1,25,0,2,1,76,0,0,3
23,89,1,0,2,1,1,18,3,8,0,56,1,0,2
23,89,1,0,2,1,1,24,0,20,0,89,1,1,0
23,89,1,0,2,1,1,27,1,7,1,75,1,1,3
23,89,1,0,2,1,1,25,0,2,1,76,0,0,3
23,89,0,0,1,1,1,18,3,8,0,56,1,0,2
23,89,0,0,1,1,1,24,0,20,0,89,1,1,0
23,89,0,0,1,1,1,27,1,7,1,75,1,1,3
23,89,0,0,1,1,1,25,0,2,1,76,0,0,3
25,75,2,0,2,1,1,18,3,17,1,81,1,0,2
25,75,2,0,2,1,1,19,3,11,0,68,1,1,0
25,75,2,0,2,1,1,21,3,7,1,67,1,2,1
25,75,2,0,2,1,1,21,1,13,0,85,1,2,1
25,75,2,0,2,1,1,26,0,11,1,66,1,1,0
25,75,1,1,0,1,1,18,3,17,1,81,1,0,2
25,75,1,1,0,1,1,19,3,11,0,68,1,1,0
25,75,1,1,0,1,1,21,3,7,1,67,1,2,1
25,75,1,1,0,1,1,21,1,13,0,85,1,2,1
25,75,1,1,0,1,1,26,0,11,1,66,1,1,0
25,75,2,1,2,1,1,18,3,17,1,81,1,0,2
25,75,2,1,2,1,1,19,3,11,0,68,1,1,0
25,75,2,1,2,1,1,21,3,7,1,67,1,2,1
25,75,2,1,2,1,1,21,1,13,0,85,1,2,1
25,75,2,1,2,1,1,26,0,11,1,66,1,1,0
25,75,0,1,1,1,1,18,3,17,1,81,1,0,2
25,75,0,1,1,1,1,19,3,11,0,68,1,1,0
25,75,0,1,1,1,1,21,3,7,1,67,1,2,1
25,75,0,1,1,1,1,21,1,13,0,85,1,2,1
25,75,0,1,1,1,1,26,0,11,1,66,1,1,0
25,75,0,1,2,1,1,18,3,17,1,81,1,0,2
25,75,0,1,2,1,1,19,3,11,0,68,1,1,0
25,75,0,1,2,1,1,21,3,7,1,67,1,2,1
25,75,0,1,2,1,1,21,1,13,0,85,1,2,1
25,75,0,1,2,1,1,26,0,11,1,66,1,1,0
25,75,2,1,0,1,1,18,3,17,1,81,1,0,2
25,75,2,1,0,1,1,19,3,11,0,68,1,1,0
25,75,2,1,0,1,1,21,3,7,1,67,1,2,1
25,75,2,1,0,1,1,21,1,13,0,85,1,2,1
25,75,2,1,0,1,1,26,0,11,1,66,1,1,0
31,78,2,1,0,1,1,24,0,16,1,83,0,0,2
31,78,2,1,0,1,1,21,0,15,1,50,0,2,0
31,78,2,1,0,1,1,21,0,4,1,100,1,0,0
31,78,2,1,0,1,1,19,3,17,1,97,1,2,1
31,78,2,1,0,1,1,20,3,6,1,74,1,1,0
31,78,2,1,0,1,1,18,2,6,0,92,0,0,2
24,64,1,1,1,1,0,29,3,6,1,60,0,1,0
24,64,1,1,1,1,0,22,0,4,1,96,1,1,0
24,64,1,1,1,1,0,21,2,18,0,92,1,2,0
24,64,1,1,1,1,0,21,0,11,1,84,0,2,3
25,85,0,1,1,1,1,23,0,12,1,55,1,0,2
25,85,0,1,1,1,1,28,0,4,1,71,0,1,0
25,85,1,0,1,1,1,23,0,12,1,55,1,0,2
25,85,1,0,1,1,1,28,0,4,1,71,0,1,0
25,85,1,1,1,1,1,23,0,12,1,55,1,0,2
25,85,1,1,1,1,1,28,0,4,1,71,0,1,0
16,82,2,1,1,1,1,23,3,1,1,69,1,0,2
16,82,2,1,1,1,1,26,3,1,0,85,1,1,2
16,82,2,1,1,1,1,19,2,18,1,50,1,2,1
16,82,1,1,1,1,1,23,3,1,1,69,1,0,2
16,82,1,1,1,1,1,26,3,1,0,85,1,1,2
16,82,1,1,1,1,1,19,2,18,1,50,1,2,1
16,82,1,1,2,1,1,23,3,1,1,69,1,0,2
16,82,1,1,2,1,1,26,3,1,0,85,1,1,2
16,82,1,1,2,1,1,19,2,18,1,50,1,2,1
16,82,2,0,0,1,1,23,3,1,1,69,1,0,2
16,82,2,0,0,1,1,26,3,1,0,85,1,1,2
16,82,2,0,0,1,1,19,2,18,1,50,1,2,1
16,82,0,0,0,1,1,23,3,1,1,69,1,0,2
16,82,0,0,0,1,1,26,3,1,0,85,1,1,2
16,82,0,0,0,1,1,19,2,18,1,50,1,2,1
16,82,1,0,1,1,1,23,3,1,1,69,1,0,2
16,82,1,0,1,1,1,26,3,1,0,85,1,1,2
16,82,1,0,1,1,1,19,2,18,1,50,1,2,1
16,82,2,1,0,1,1,23,3,1,1,69,1,0,2
16,82,2,1,0,1,1,26,3,1,0,85,1,1,2
16,82,2,1,0,1,1,19,2,18,1,50,1,2,1
23,82,1,0,1,1,0,28,1,8,1,69,1,1,3
23,82,1,0,1,1,0,23,0,17,1,61,1,2,1
23,82,0,0,2,1,0,28,1,8,1,69,1,1,3
23,82,0,0,2,1,0,23,0,17,1,61,1,2,1
23,82,1,1,1,1,0,28,1,8,1,69,1,1,3
23,82,1,1,1,1,0,23,0,17,1,61,1,2,1
25,71,2,1,1,1,0,29,2,12,1,74,1,0,2
25,71,1,1,0,1,0,29,2,12,1,74,1,0,2
30,90,1,0,2,1,1,19,2,0,1,89,1,1,0
20,99,1,0,1,1,1,23,0,17,1,78,1,2,2
20,99,1,0,1,1,1,25,3,2,0,78,0,0,1
20,99,0,1,2,1,1,23,0,17,1,78,1,2,2
20,99,0,1,2,1,1,25,3,2,0,78,0,0,1
20,99,0,1,0,1,1,23,0,17,1,78,1,2,2
20,99,0,1,0,1,1,25,3,2,0,78,0,0,1
20,99,0,0,0,1,1,23,0,17,1,78,1,2,2
20,99,0,0,0,1,1,25,3,2,0,78,0,0,1
20,99,1,1,1,1,1,23,0,17,1,78,1,2,2
20,99,1,1,1,1,1,25,3,2,0,78,0,0,1
20,99,1,0,2,1,1,23,0,17,1,78,1,2,2
20,99,1,0,2,1,1,25,3,2,0,78,0,0,1
24,62,2,0,0,1,0,27,3,18,1,76,1,2,0
24,62,2,0,0,1,0,29,1,11,0,50,1,2,0
24,62,2,0,0,1,0,26,3,16,1,100,1,1,1
24,62,0,1,1,1,0,27,3,18,1,76,1,2,0
24,62,0,1,1,1,0,29,1,11,0,50,1,2,0
24,62,0,1,1,1,0,26,3,16,1,100,1,1,1
24,62,2,1,1,1,0,27,3,18,1,76,1,2,0
24,62,2,1,1,1,0,29,1,11,0,50,1,2,0
24,62,2,1,1,1,0,26,3,16,1,100,1,1,1
24,62,1,0,1,1,0,27,3,18,1,76,1,2,0
24,62,1,0,1,1,0,29,1,11,0,50,1,2,0
24,62,1,0,1,1,0,26,3,16,1,100,1,1,1
11,80,1,1,0,1,1,26,2,12,1,98,1,1,3
11,80,1,1,0,1,1,29,2,1,1,79,0,2,2
18,96,1,0,0,1,0,24,0,6,0,97,1,1,3
18,96,2,0,1,1,0,24,0,6,0,97,1,1,3
18,96,0,1,1,1,0,24,0,6,0,97,1,1,3
18,96,1,1,1,1,0,24,0,6,0,97,1,1,3
18,96,1,1,0,1,0,24,0,6,0,97,1,1,3
18,96,0,1,0,1,0,24,0,6,0,97,1,1,3
18,96,0,0,0,1,0,24,0,6,0,97,1,1,3
23,90,1,1,1,1,1,28,3,10,0,86,0,2,0
23,90,1,1,1,1,1,18,1,9,0,70,0,2,3
23,90,1,1,1,1,1,28,0,0,1,93,1,1,3
23,90,1,1,1,1,1,25,3,20,1,74,1,1,2
23,90,0,0,0,1,1,28,3,10,0,86,0,2,0
23,90,0,0,0,1,1,18,1,9,0,70,0,2,3
23,90,0,0,0,1,1,28,0,0,1,93,1,1,3
23,90,0,0,0,1,1,25,3,20,1,74,1,1,2
23,90,1,1,0,1,1,28,3,10,0,86,0,2,0
23,90,1,1,0,1,1,18,1,9,0,70,0,2,3
23,90,1,1,0,1,1,28,0,0,1,93,1,1,3
23,90,1,1,0,1,1,25,3,20,1,74,1,1,2
23,90,2,1,2,0,1,28,3,10,0,86,0,2,0
23,90,2,1,2,0,1,18,1,9,0,70,0,2,3
23,90,2,1,2,0,1,28,0,0,1,93,1,1,3
23,90,2,1,2,0,1,25,3,20,1,74,1,1,2
23,90,1,0,0,1,1,28,3,10,0,86,0,2,0
23,90,1,0,0,1,1,18,1,9,0,70,0,2,3
23,90,1,0,0,1,1,28,0,0,1,93,1,1,3
23,90,1,0,0,1,1,25,3,20,1,74,1,1,2
7,75,2,1,1,1,0,27,3,6,0,62,0,2,3
7,75,2,1,1,1,0,19,2,12,0,65,1,1,3
27,68,1,0,1,1,0,26,3,0,0,74,0,2,1
27,68,1,0,1,1,0,23,0,18,1,50,1,1,3
27,68,2,0,1,1,0,26,3,0,0,74,0,2,1
27,68,2,0,1,1,0,23,0,18,1,50,1,1,3
9,78,1,1,0,1,1,23,3,3,1,53,0,1,1
9,78,1,1,0,1,1,25,1,8,1,64,0,2,0
9,78,1,1,0,1,1,22,3,11,1,62,0,2,2
9,78,1,0,0,1,1,23,3,3,1,53,0,1,1
9,78,1,0,0,1,1,25,1,8,1,64,0,2,0
9,78,1,0,0,1,1,22,3,11,1,62,0,2,2
9,78,2,0,1,1,1,23,3,3,1,53,0,1,1
9,78,2,0,1,1,1,25,1,8,1,64,0,2,0
9,78,2,0,1,1,1,22,3,11,1,62,0,2,2
14,77,2,0,0,1,1,20,1,2,1,52,1,0,1
14,77,2,0,0,1,1,21,3,14,0,97,1,2,1
14,77,2,0,0,1,1,23,0,12,0,68,0,0,0
14,77,2,0,0,1,1,22,0,18,0,60,1,0,2
14,77,1,1,1,1,1,20,1,2,1,52,1,0,1
14,77,1,1,1,1,1,21,3,14,0,97,1,2,1
14,77,1,1,1,1,1,23,0,12,0,68,0,0,0
14,77,1,1,1,1,1,22,0,18,0,60,1,0,2
14,77,1,1,0,1,1,20,1,2,1,52,1,0,1
14,77,1,1,0,1,1,21,3,14,0,97,1,2,1
14,77,1,1,0,1,1,23,0,12,0,68,0,0,0
14,77,1,1,0,1,1,22,0,18,0,60,1,0,2
14,77,2,1,0,1,1,20,1,2,1,52,1,0,1
14,77,2,1,0,1,1,21,3,14,0,97,1,2,1
14,77,2,1,0,1,1,23,0,12,0,68,0,0,0
14,77,2,1,0,1,1,22,0,18,0,60,1,0,2
14,77,0,0,1,1,1,20,1,2,1,52,1,0,1
14,77,0,0,1,1,1,21,3,14,0,97,1,2,1
14,77,0,0,1,1,1,23,0,12,0,68,0,0,0
14,77,0,0,1,1,1,22,0,18,0,60,1,0,2
14,77,1,0,2,1,1,20,1,2,1,52,1,0,1
14,77,1,0,2,1,1,21,3,14,0,97,1,2,1
14,77,1,0,2,1,1,23,0,12,0,68,0,0,0
14,77,1,0,2,1,1,22,0,18,0,60,1,0,2
11,82,0,0,0,1,0,29,2,9,1,92,0,2,3
11,82,0,0,0,1,0,23,3,14,0,87,1,2,2
11,82,1,1,1,0,0,29,2,9,1,92,0,2,3
11,82,1,1,1,0,0,23,3,14,0,87,1,2,2
11,82,2,0,2,1,0,29,2,9,1,92,0,2,3
11,82,2,0,2,1,0,23,3,14,0,87,1,2,2
10,90,1,1,0,1,0,23,2,8,0,96,1,0,0
10,90,1,1,0,1,0,23,1,11,1,66,1,0,0
29,85,1,1,2,0,1,28,3,16,1,89,1,2,1
29,85,1,1,2,0,1,22,0,17,1,94,1,2,3
29,85,1,1,2,0,1,22,2,15,0,81,1,2,0
12,74,0,1,0,1,1,22,2,6,1,93,1,2,0
12,74,1,0,1,1,1,22,2,6,1,93,1,2,0
12,74,1,0,2,1,1,22,2,6,1,93,1,2,0
12,74,2,1,2,1,1,22,2,6,1,93,1,2,0
18,79,1,1,0,1,0,23,1,12,0,63,1,1,2
18,79,1,1,0,1,0,22,0,14,1,91,1,2,0
18,79,1,1,0,1,0,21,1,8,1,71,1,0,1
18,79,1,1,1,1,0,23,1,12,0,63,1,1,2
18,79,1,1,1,1,0,22,0,14,1,91,1,2,0
18,79,1,1,1,1,0,21,1,8,1,71,1,0,1
18,79,1,0,2,1,0,23,1,12,0,63,1,1,2
18,79,1,0,2,1,0,22,0,14,1,91,1,2,0
18,79,1,0,2,1,0,21,1,8,1,71,1,0,1
18,79,1,0,1,0,0,23,1,12,0,63,1,1,2
18,79,1,0,1,0,0,22,0,14,1,91,1,2,0
18,79,1,0,1,0,0,21,1,8,1,71,1,0,1
18,79,2,0,0,1,0,23,1,12,0,63,1,1,2
18,79,2,0,0,1,0,22,0,14,1,91,1,2,0
18,79,2,0,0,1,0,21,1,8,1,71,1,0,1
18,79,2,1,1,1,0,23,1,12,0,63,1,1,2
18,79,2,1,1,1,0,22,0,14,1,91,1,2,0
18,79,2,1,1,1,0,21,1,8,1,71,1,0,1
14,88,1,1,1,1,0,20,1,5,1,64,1,1,2
14,88,1,1,1,1,0,24,2,6,1,95,1,2,2
25,92,2,0,1,1,0,18,2,10,1,63,1,2,2
25,92,2,0,1,1,0,20,3,19,0,55,1,1,3
25,92,2,0,1,1,0,24,3,5,1,56,1,0,0
25,92,2,1,1,1,0,18,2,10,1,63,1,2,2
25,92,2,1,1,1,0,20,3,19,0,55,1,1,3
25,92,2,1,1,1,0,24,3,5,1,56,1,0,0
25,92,1,1,1,1,0,18,2,10,1,63,1,2,2
25,92,1,1,1,1,0,20,3,19,0,55,1,1,3
25,92,1,1,1,1,0,24,3,5,1,56,1,0,0
25,92,1,0,2,1,0,18,2,10,1,63,1,2,2
25,92,1,0,2,1,0,20,3,19,0,55,1,1,3
25,92,1,0,2,1,0,24,3,5,1,56,1,0,0
26,68,2,0,0,1,0,19,3,9,0,94,0,2,3
26,68,2,0,0,1,0,25,2,7,0,55,1,0,2
26,68,1,1,2,1,0,19,3,9,0,94,0,2,3
26,68,1,1,2,1,0,25,2,7,0,55,1,0,2
18,65,1,1,1,1,0,21,0,14,1,99,0,1,1
18,65,1,1,1,1,0,21,2,15,1,61,1,2,3
18,65,2,1,0,1,0,21,0,14,1,99,0,1,1
18,65,2,1,0,1,0,21,2,15,1,61,1,2,3
12,76,0,1,1,1,0,24,3,12,0,98,1,2,3
12,76,0,1,1,1,0,28,3,5,1,78,0,2,2
29,93,2,0,1,1,1,18,1,4,1,80,1,0,1
29,93,2,0,1,1,1,19,2,4,1,74,1,1,1
29,93,1,1,1,1,1,18,1,4,1,80,1,0,1
29,93,1,1,1,1,1,19,2,4,1,74,1,1,1
29,93,1,1,1,0,1,18,1,4,1,80,1,0,1
29,93,1,1,1,0,1,19,2,4,1,74,1,1,1
12,84,2,1,1,0,1,28,0,4,0,51,1,0,0
12,84,1,0,1,1,1,28,0,4,0,51,1,0,0
12,84,2,0,2,0,1,28,0,4,0,51,1,0,0
26,86,2,1,1,1,1,25,2,5,0,68,0,2,0
26,86,0,0,1,1,1,25,2,5,0,68,0,2,0
26,86,0,1,1,1,1,25,2,5,0,68,0,2,0
20,93,0,0,1,1,0,23,2,18,0,78,1,1,2
20,93,0,0,1,1,0,29,3,10,1,87,1,1,1
20,93,0,0,1,1,0,23,1,2,0,77,1,2,3
20,93,0,0,1,1,0,29,2,19,1,75,0,2,3
20,93,1,1,0,0,0,23,2,18,0,78,1,1,2
20,93,1,1,0,0,0,29,3,10,1,87,1,1,1
20,93,1,1,0,0,0,23,1,2,0,77,1,2,3
20,93,1,1,0,0,0,29,2,19,1,75,0,2,3
20,93,1,0,0,1,0,23,2,18,0,78,1,1,2
20,93,1,0,0,1,0,29,3,10,1,87,1,1,1
20,93,1,0,0,1,0,23,1,2,0,77,1,2,3
20,93,1,0,0,1,0,29,2,19,1,75,0,2,3
11,88,2,1,0,1,1,24,0,10,1,51,0,0,2
11,88,2,1,0,1,1,27,3,16,1,74,0,2,1
11,88,1,1,0,1,1,24,0,10,1,51,0,0,2
11,88,1,1,0,1,1,27,3,16,1,74,0,2,1
25,97,2,1,2,1,1,21,1,6,0,80,1,2,3
25,97,2,1,2,1,1,29,2,15,1,60,1,1,3
25,97,1,1,1,1,1,21,1,6,0,80,1,2,3
25,97,1,1,1,1,1,29,2,15,1,60,1,1,3
25,97,2,1,1,1,1,21,1,6,0,80,1,2,3
25,97,2,1,1,1,1,29,2,15,1,60,1,1,3
25,97,1,1,0,1,1,21,1,6,0,80,1,2,3
25,97,1,1,0,1,1,29,2,15,1,60,1,1,3
12,75,1,1,2,1,0,26,2,17,1,79,1,2,0
12,75,1,1,2,1,0,26,2,2,1,54,1,0,0
12,75,2,0,0,1,0,26,2,17,1,79,1,2,0
12,75,2,0,0,1,0,26,2,2,1,54,1,0,0
20,95,0,1,0,0,1,18,3,20,1,61,1,0,0
20,95,0,1,0,0,1,22,2,19,1,55,1,0,0
20,95,1,0,1,1,1,18,3,20,1,61,1,0,0
20,95,1,0,1,1,1,22,2,19,1,55,1,0,0
20,95,0,1,1,1,1,18,3,20,1,61,1,0,0
20,95,0,1,1,1,1,22,2,19,1,55,1,0,0
20,95,0,1,0,1,1,18,3,20,1,61,1,0,0
20,95,0,1,0,1,1,22,2,19,1,55,1,0,0
20,95,1,0,0,1,1,18,3,20,1,61,1,0,0
20,95,1,0,0,1,1,22,2,19,1,55,1,0,0
20,95,2,1,0,1,1,18,3,20,1,61,1,0,0
20,95,2,1,0,1,1,22,2,19,1,55,1,0,0
16,72,0,0,1,0,0,29,3,15,0,68,1,1,1
16,72,0,0,1,0,0,18,0,9,0,53,1,1,0
16,72,0,0,1,0,0,21,2,14,1,86,1,2,1
16,72,1,0,1,1,0,29,3,15,0,68,1,1,1
16,72,1,0,1,1,0,18,0,9,0,53,1,1,0
16,72,1,0,1,1,0,21,2,14,1,86,1,2,1
17,83,1,1,0,1,1,19,2,2,1,83,1,2,0
17,83,1,0,1,1,1,19,2,2,1,83,1,2,0
17,83,1,1,1,1,1,19,2,2,1,83,1,2,0
17,83,0,1,0,1,1,19,2,2,1,83,1,2,0
17,83,2,0,0,1,1,19,2,2,1,83,1,2,0
17,83,1,1,2,1,1,19,2,2,1,83,1,2,0
34,74,0,1,1,1,0,23,0,12,1,54,0,1,0
34,74,0,1,1,1,0,28,0,13,0,77,1,1,0
29,90,1,1,1,1,1,22,2,19,0,79,1,1,0
29,90,1,1,1,1,1,26,2,14,0,76,1,2,3
29,90,1,1,1,1,1,26,2,11,1,76,1,2,0
12,81,1,1,1,1,1,23,2,16,1,78,1,1,1
12,81,1,1,1,1,1,24,2,17,0,76,1,2,1
12,81,1,1,1,1,1,26,0,14,1,67,0,2,2
12,81,1,1,1,1,1,25,3,12,1,93,1,2,2
12,81,1,0,0,1,1,23,2,16,1,78,1,1,1
12,81,1,0,0,1,1,24,2,17,0,76,1,2,1
12,81,1,0,0,1,1,26,0,14,1,67,0,2,2
12,81,1,0,0,1,1,25,3,12,1,93,1,2,2
12,81,1,1,2,1,1,23,2,16,1,78,1,1,1
12,81,1,1,2,1,1,24,2,17,0,76,1,2,1
12,81,1,1,2,1,1,26,0,14,1,67,0,2,2
12,81,1,1,2,1,1,25,3,12,1,93,1,2,2
16,63,1,0,2,1,0,24,3,9,1,80,1,1,3
16,63,1,0,2,1,0,25,0,4,0,53,0,0,2
16,63,2,0,0,1,0,24,3,9,1,80,1,1,3
16,63,2,0,0,1,0,25,0,4,0,53,0,0,2
16,63,0,0,1,1,0,24,3,9,1,80,1,1,3
16,63,0,0,1,1,0,25,0,4,0,53,0,0,2
32,83,1,1,0,1,1,24,1,15,1,87,1,2,2
32,83,1,1,0,1,1,26,2,7,1,83,0,2,2
32,83,1,1,0,1,1,19,3,11,0,58,0,2,3
32,83,1,1,1,1,1,24,1,15,1,87,1,2,2
32,83,1,1,1,1,1,26,2,7,1,83,0,2,2
32,83,1,1,1,1,1,19,3,11,0,58,0,2,3
20,82,0,1,0,1,0,29,1,4,1,95,0,1,2
20,82,0,1,0,1,0,27,2,0,1,77,1,2,2
20,82,0,1,0,1,0,19,0,12,1,93,0,2,3
20,82,0,1,0,1,0,27,1,7,1,54,0,2,3
20,82,0,1,0,1,0,22,3,15,1,95,1,2,1
20,82,0,1,0,1,0,24,3,1,1,95,0,1,1
20,82,1,1,1,1,0,29,1,4,1,95,0,1,2
20,82,1,1,1,1,0,27,2,0,1,77,1,2,2
20,82,1,1,1,1,0,19,0,12,1,93,0,2,3
20,82,1,1,1,1,0,27,1,7,1,54,0,2,3
20,82,1,1,1,1,0,22,3,15,1,95,1,2,1
20,82,1,1,1,1,0,24,3,1,1,95,0,1,1
20,82,1,0,0,1,0,29,1,4,1,95,0,1,2
20,82,1,0,0,1,0,27,2,0,1,77,1,2,2
20,82,1,0,0,1,0,19,0,12,1,93,0,2,3
20,82,1,0,0,1,0,27,1,7,1,54,0,2,3
20,82,1,0,0,1,0,22,3,15,1,95,1,2,1
20,82,1,0,0,1,0,24,3,1,1,95,0,1,1
17,75,2,1,1,1,0,24,0,8,1,81,0,1,2
17,75,0,0,2,1,0,24,0,8,1,81,0,1,2
29,84,1,1,2,1,0,19,2,16,1,93,0,2,1
29,84,1,1,2,1,0,22,2,10,0,86,0,2,0
18,93,2,1,1,1,0,24,0,13,1,96,1,2,2
18,93,1,0,0,1,0,24,0,13,1,96,1,2,2
18,93,2,0,2,1,0,24,0,13,1,96,1,2,2
38,63,2,0,2,1,1,26,0,19,0,64,1,1,3
38,63,2,0,2,1,1,20,1,17,1,90,0,0,1
38,63,2,0,2,1,1,20,2,4,1,80,1,2,0
27,69,2,1,1,0,0,18,0,10,1,75,1,2,1
27,69,2,1,1,0,0,21,3,5,1,55,1,2,0
19,94,0,0,1,1,0,18,1,18,0,98,1,2,0
19,94,0,0,1,1,0,26,1,11,1,77,1,0,1
19,94,2,0,1,1,0,18,1,18,0,98,1,2,0
19,94,2,0,1,1,0,26,1,11,1,77,1,0,1
19,94,1,0,1,1,0,18,1,18,0,98,1,2,0
19,94,1,0,1,1,0,26,1,11,1,77,1,0,1
19,94,1,1,1,1,0,18,1,18,0,98,1,2,0
19,94,1,1,1,1,0,26,1,11,1,77,1,0,1
19,94,0,1,1,1,0,18,1,18,0,98,1,2,0
19,94,0,1,1,1,0,26,1,11,1,77,1,0,1
38,86,1,0,2,1,0,24,0,8,1,83,0,1,1
38,86,1,0,2,1,0,27,1,4,1,75,1,1,3
38,86,1,0,2,1,0,18,0,13,1,93,0,0,0
26,94,1,0,1,1,0,28,3,1,1,84,1,2,1
26,94,1,0,0,1,0,28,3,1,1,84,1,2,1
26,94,2,1,0,1,0,28,3,1,1,84,1,2,1
26,94,1,0,2,1,0,28,3,1,1,84,1,2,1
32,84,2,1,1,1,1,18,1,10,1,96,1,2,2
32,84,1,1,1,0,1,18,1,10,1,96,1,2,2
13,71,2,1,0,1,0,19,0,1,1,76,0,1,3
13,71,2,1,0,1,0,27,2,7,0,81,1,1,2
13,71,2,1,2,1,0,19,0,1,1,76,0,1,3
13,71,2,1,2,1,0,27,2,7,0,81,1,1,2
14,84,1,0,1,1,0,18,0,3,1,99,1,2,3
14,84,2,1,2,1,0,18,0,3,1,99,1,2,3
14,84,2,0,1,0,0,18,0,3,1,99,1,2,3
14,84,1,1,2,1,0,18,0,3,1,99,1,2,3
14,61,1,0,0,0,0,29,3,4,0,80,0,1,1
14,61,1,0,0,0,0,21,1,12,1,57,1,1,0
14,61,2,0,1,1,0,29,3,4,0,80,0,1,1
14,61,2,0,1,1,0,21,1,12,1,57,1,1,0
14,61,0,1,1,1,0,29,3,4,0,80,0,1,1
14,61,0,1,1,1,0,21,1,12,1,57,1,1,0
14,61,1,0,2,1,0,29,3,4,0,80,0,1,1
14,61,1,0,2,1,0,21,1,12,1,57,1,1,0
17,90,2,0,1,1,1,28,1,7,1,91,1,2,3
17,90,2,0,1,1,1,21,0,8,1,75,1,1,0
17,90,1,0,0,1,1,28,1,7,1,91,1,2,3
17,90,1,0,0,1,1,21,0,8,1,75,1,1,0
17,90,1,0,1,1,1,28,1,7,1,91,1,2,3
17,90,1,0,1,1,1,21,0,8,1,75,1,1,0
13,83,1,1,1,1,0,25,1,5,1,64,1,2,0
13,83,1,1,1,1,0,20,3,8,1,93,1,2,3
13,83,1,1,1,1,0,19,1,11,1,66,0,2,3
13,83,0,0,2,1,0,25,1,5,1,64,1,2,0
13,83,0,0,2,1,0,20,3,8,1,93,1,2,3
13,83,0,0,2,1,0,19,1,11,1,66,0,2,3
13,83,1,0,1,1,0,25,1,5,1,64,1,2,0
13,83,1,0,1,1,0,20,3,8,1,93,1,2,3
13,83,1,0,1,1,0,19,1,11,1,66,0,2,3
19,68,1,1,1,1,1,21,3,20,0,79,0,2,2
19,68,1,1,1,1,1,25,0,12,1,63,0,0,0
19,68,2,1,2,1,1,21,3,20,0,79,0,2,2
19,68,2,1,2,1,1,25,0,12,1,63,0,0,0
19,68,0,1,0,1,1,21,3,20,0,79,0,2,2
19,68,0,1,0,1,1,25,0,12,1,63,0,0,0
35,77,2,1,1,1,0,18,2,8,1,56,0,1,0
9,86,1,0,2,1,0,19,3,4,0,100,1,2,0
9,86,1,0,2,1,0,28,1,18,0,60,0,1,1
9,86,1,0,2,1,0,29,1,16,1,65,0,2,3
9,86,2,0,1,1,0,19,3,4,0,100,1,2,0
9,86,2,0,1,1,0,28,1,18,0,60,0,1,1
9,86,2,0,1,1,0,29,1,16,1,65,0,2,3
15,74,1,1,1,1,1,18,0,7,1,87,0,2,2
15,74,1,1,1,1,1,18,1,14,0,93,1,1,2
15,74,2,0,0,0,1,18,0,7,1,87,0,2,2
15,74,2,0,0,0,1,18,1,14,0,93,1,1,2
15,74,0,0,0,1,1,18,0,7,1,87,0,2,2
15,74,0,0,0,1,1,18,1,14,0,93,1,1,2
15,74,0,0,1,1,1,18,0,7,1,87,0,2,2
15,74,0,0,1,1,1,18,1,14,0,93,1,1,2
15,74,2,0,1,1,1,18,0,7,1,87,0,2,2
15,74,2,0,1,1,1,18,1,14,0,93,1,1,2
15,74,1,1,0,1,1,18,0,7,1,87,0,2,2
15,74,1,1,0,1,1,18,1,14,0,93,1,1,2
15,74,2,0,0,1,1,18,0,7,1,87,0,2,2
15,74,2,0,0,1,1,18,1,14,0,93,1,1,2
15,95,1,1,0,1,0,18,1,14,1,69,1,1,0
15,95,1,1,0,1,0,18,3,18,0,63,0,0,0
15,95,1,1,0,1,0,22,0,17,1,90,0,1,2
15,95,1,0,2,1,0,18,1,14,1,69,1,1,0
15,95,1,0,2,1,0,18,3,18,0,63,0,0,0
15,95,1,0,2,1,0,22,0,17,1,90,0,1,2
15,95,0,0,2,1,0,18,1,14,1,69,1,1,0
15,95,0,0,2,1,0,18,3,18,0,63,0,0,0
15,95,0,0,2,1,0,22,0,17,1,90,0,1,2
15,95,0,0,1,1,0,18,1,14,1,69,1,1,0
15,95,0,0,1,1,0,18,3,18,0,63,0,0,0
15,95,0,0,1,1,0,22,0,17,1,90,0,1,2
15,95,1,1,2,1,0,18,1,14,1,69,1,1,0
15,95,1,1,2,1,0,18,3,18,0,63,0,0,0
15,95,1,1,2,1,0,22,0,17,1,90,0,1,2
11,81,1,1,2,1,0,23,0,10,0,63,1,1,3
11,81,1,1,2,1,0,18,3,16,1,52,1,2,2
11,81,1,1,2,1,0,29,0,17,1,74,1,2,1
11,81,1,1,2,1,0,19,2,10,1,79,1,1,3
11,81,1,1,2,1,0,21,3,10,0,94,1,2,3
36,96,0,0,1,1,0,20,2,2,0,71,1,2,2
36,96,0,0,1,1,0,20,3,13,0,62,1,0,0
29,66,2,0,1,1,1,19,3,4,1,57,1,2,2
29,66,2,0,1,1,1,29,1,10,1,89,1,2,2
22,86,1,0,1,1,0,19,0,18,1,86,0,2,3
22,86,1,0,1,1,0,24,1,12,0,82,0,2,2
22,86,0,0,1,1,0,19,0,18,1,86,0,2,3
22,86,0,0,1,1,0,24,1,12,0,82,0,2,2
31,68,2,1,0,1,1,27,0,9,0,58,1,2,0
31,68,2,1,0,1,1,19,0,18,0,51,0,0,0
31,68,2,1,0,1,1,21,3,16,1,91,0,2,0
31,68,2,1,0,1,1,19,2,20,0,55,0,2,0
12,98,0,1,1,0,0,22,1,18,1,73,1,1,1
12,98,0,1,1,0,0,22,1,7,0,83,0,0,3
12,98,0,1,1,0,0,20,0,11,1,81,1,2,3
12,98,2,1,1,1,0,22,1,18,1,73,1,1,1
12,98,2,1,1,1,0,22,1,7,0,83,0,0,3
12,98,2,1,1,1,0,20,0,11,1,81,1,2,3
12,98,2,0,1,1,0,22,1,18,1,73,1,1,1
12,98,2,0,1,1,0,22,1,7,0,83,0,0,3
12,98,2,0,1,1,0,20,0,11,1,81,1,2,3
12,98,1,0,1,1,0,22,1,18,1,73,1,1,1
12,98,1,0,1,1,0,22,1,7,0,83,0,0,3
12,98,1,0,1,1,0,20,0,11,1,81,1,2,3
12,98,1,0,0,1,0,22,1,18,1,73,1,1,1
12,98,1,0,0,1,0,22,1,7,0,83,0,0,3
12,98,1,0,0,1,0,20,0,11,1,81,1,2,3
12,98,0,1,1,1,0,22,1,18,1,73,1,1,1
12,98,0,1,1,1,0,22,1,7,0,83,0,0,3
12,98,0,1,1,1,0,20,0,11,1,81,1,2,3
17,84,0,1,0,1,1,25,0,2,1,54,1,2,1
17,84,0,1,0,1,1,19,1,17,1,96,0,0,2
17,84,2,0,2,1,1,25,0,2,1,54,1,2,1
17,84,2,0,2,1,1,19,1,17,1,96,0,0,2
17,84,2,1,1,1,1,25,0,2,1,54,1,2,1
17,84,2,1,1,1,1,19,1,17,1,96,0,0,2
17,84,2,0,1,1,1,25,0,2,1,54,1,2,1
17,84,2,0,1,1,1,19,1,17,1,96,0,0,2
7,69,2,1,2,1,1,23,0,6,1,62,1,1,2
7,69,2,1,2,1,1,18,3,14,0,98,1,2,1
9,86,1,0,1,1,1,29,3,2,0,80,0,0,3
9,86,1,0,1,1,1,26,0,14,1,50,1,1,0
7,88,2,1,0,1,1,20,0,1,1,95,0,2,2
7,88,2,1,0,1,1,28,2,12,0,97,0,2,2
7,88,2,1,0,1,1,29,0,6,0,57,1,2,3
24,98,0,1,2,1,0,21,1,16,1,51,1,1,2
24,98,0,1,2,1,0,26,0,18,1,50,0,2,0
24,98,0,1,2,1,0,29,1,3,1,99,1,2,1
24,98,0,1,2,1,0,19,2,5,1,53,1,0,3
24,98,0,1,2,1,0,19,1,2,1,72,0,2,2
24,98,2,0,1,1,0,21,1,16,1,51,1,1,2
24,98,2,0,1,1,0,26,0,18,1,50,0,2,0
24,98,2,0,1,1,0,29,1,3,1,99,1,2,1
24,98,2,0,1,1,0,19,2,5,1,53,1,0,3
24,98,2,0,1,1,0,19,1,2,1,72,0,2,2
24,98,1,1,1,1,0,21,1,16,1,51,1,1,2
24,98,1,1,1,1,0,26,0,18,1,50,0,2,0
24,98,1,1,1,1,0,29,1,3,1,99,1,2,1
24,98,1,1,1,1,0,19,2,5,1,53,1,0,3
24,98,1,1,1,1,0,19,1,2,1,72,0,2,2
29,74,1,1,1,0,1,24,2,11,1,78,1,1,3
29,74,2,1,2,1,1,24,2,11,1,78,1,1,3
29,74,0,0,1,1,1,24,2,11,1,78,1,1,3
28,87,1,1,2,1,0,20,2,0,1,65,1,1,0
28,87,1,0,1,1,0,20,2,0,1,65,1,1,0
30,78,2,1,1,1,1,29,0,5,1,58,1,2,3
14,93,1,0,0,1,1,18,1,2,0,77,0,2,1
14,93,1,0,0,1,1,28,2,9,0,57,0,1,1
14,93,0,1,0,1,1,18,1,2,0,77,0,2,1
14,93,0,1,0,1,1,28,2,9,0,57,0,1,1
31,71,2,1,1,1,1,22,0,12,0,97,0,1,1
31,71,2,1,1,1,1,26,3,18,0,79,1,0,0
19,60,2,1,2,1,1,19,0,13,1,87,1,2,0
19,60,2,1,2,1,1,22,3,18,1,50,0,0,0
19,60,1,0,2,1,1,19,0,13,1,87,1,2,0
19,60,1,0,2,1,1,22,3,18,1,50,0,0,0
15,77,1,1,1,1,0,18,1,6,1,86,1,0,0
15,77,1,1,1,1,0,27,0,19,0,91,0,2,1
18,84,0,1,1,1,1,18,3,8,1,98,0,0,0
18,84,0,1,1,1,1,29,3,16,0,68,1,1,2
18,84,0,1,1,1,1,20,0,1,1,81,0,2,0
18,84,0,0,1,1,1,18,3,8,1,98,0,0,0
18,84,0,0,1,1,1,29,3,16,0,68,1,1,2
18,84,0,0,1,1,1,20,0,1,1,81,0,2,0
18,84,2,0,1,1,1,18,3,8,1,98,0,0,0
18,84,2,0,1,1,1,29,3,16,0,68,1,1,2
18,84,2,0,1,1,1,20,0,1,1,81,0,2,0
18,84,2,1,0,1,1,18,3,8,1,98,0,0,0
18,84,2,1,0,1,1,29,3,16,0,68,1,1,2
18,84,2,1,0,1,1,20,0,1,1,81,0,2,0
12,70,1,1,1,1,0,28,3,12,1,51,0,2,1
12,70,1,1,1,1,0,20,2,18,1,57,1,2,0
12,70,1,0,2,1,0,28,3,12,1,51,0,2,1
12,70,1,0,2,1,0,20,2,18,1,57,1,2,0
29,88,1,1,1,1,1,21,1,7,1,90,1,2,3
13,61,1,1,0,1,0,28,0,5,1,86,1,2,2
13,61,1,1,0,1,0,29,2,16,1,69,0,1,0
13,61,1,1,0,1,0,20,2,15,1,58,1,2,2
13,61,0,0,0,1,0,28,0,5,1,86,1,2,2
13,61,0,0,0,1,0,29,2,16,1,69,0,1,0
13,61,0,0,0,1,0,20,2,15,1,58,1,2,2
15,65,1,0,1,1,1,19,1,11,0,51,1,0,1
15,65,1,0,1,1,1,28,2,9,0,80,1,2,0
15,65,1,0,1,1,1,26,0,18,0,60,1,2,3
15,65,2,1,0,1,1,19,1,11,0,51,1,0,1
15,65,2,1,0,1,1,28,2,9,0,80,1,2,0
15,65,2,1,0,1,1,26,0,18,0,60,1,2,3
14,92,2,1,2,1,1,25,2,12,1,64,0,0,0
14,92,2,1,2,1,1,20,1,2,1,92,1,2,2
14,92,1,1,2,1,1,25,2,12,1,64,0,0,0
14,92,1,1,2,1,1,20,1,2,1,92,1,2,2
12,74,2,1,0,1,0,23,1,7,0,63,0,2,1
12,74,1,0,1,1,0,23,1,7,0,63,0,2,1
16,90,0,0,1,1,1,22,2,2,1,57,1,2,3
16,90,0,0,1,1,1,23,3,11,0,79,1,2,2
16,90,1,0,1,1,1,22,2,2,1,57,1,2,3
16,90,1,0,1,1,1,23,3,11,0,79,1,2,2
16,90,2,1,0,1,1,22,2,2,1,57,1,2,3
16,90,2,1,0,1,1,23,3,11,0,79,1,2,2
22,94,2,0,0,1,1,25,0,9,0,61,1,2,3
22,94,2,0,0,1,1,20,2,16,1,87,0,1,0
22,94,2,0,0,1,1,25,0,20,1,62,0,2,3
22,94,1,1,0,1,1,25,0,9,0,61,1,2,3
22,94,1,1,0,1,1,20,2,16,1,87,0,1,0
22,94,1,1,0,1,1,25,0,20,1,62,0,2,3
22,94,2,1,1,1,1,25,0,9,0,61,1,2,3
22,94,2,1,1,1,1,20,2,16,1,87,0,1,0
22,94,2,1,1,1,1,25,0,20,1,62,0,2,3
18,75,1,1,0,1,1,19,3,15,1,50,1,2,0
18,75,1,1,0,1,1,19,3,10,1,76,0,0,0
18,75,1,1,2,1,1,19,3,15,1,50,1,2,0
18,75,1,1,2,1,1,19,3,10,1,76,0,0,0
18,75,0,1,1,1,1,19,3,15,1,50,1,2,0
18,75,0,1,1,1,1,19,3,10,1,76,0,0,0
11,71,1,1,1,1,0,20,1,5,0,53,0,2,1
11,71,1,1,1,1,0,18,0,7,0,96,1,2,2
11,71,1,1,1,1,0,21,3,16,1,86,1,0,3
11,71,1,1,1,1,0,28,3,3,1,60,0,2,0
14,100,0,1,2,1,0,23,3,10,1,50,0,0,3
14,100,0,1,2,1,0,20,3,11,1,52,1,1,1
14,100,0,1,2,1,0,29,0,1,1,76,1,0,2
14,100,0,1,2,1,0,22,1,3,1,80,0,1,0
14,100,0,0,0,1,0,23,3,10,1,50,0,0,3
14,100,0,0,0,1,0,20,3,11,1,52,1,1,1
14,100,0,0,0,1,0,29,0,1,1,76,1,0,2
14,100,0,0,0,1,0,22,1,3,1,80,0,1,0
14,100,1,1,1,1,0,23,3,10,1,50,0,0,3
14,100,1,1,1,1,0,20,3,11,1,52,1,1,1
14,100,1,1,1,1,0,29,0,1,1,76,1,0,2
14,100,1,1,1,1,0,22,1,3,1,80,0,1,0
20,75,1,1,0,1,0,22,2,9,1,88,0,0,0
20,75,1,1,0,1,0,29,2,8,0,94,1,1,2
20,75,1,1,0,1,0,26,1,1,1,66,1,2,0
20,75,1,0,1,1,0,22,2,9,1,88,0,0,0
20,75,1,0,1,1,0,29,2,8,0,94,1,1,2
20,75,1,0,1,1,0,26,1,1,1,66,1,2,0
20,75,1,1,2,1,0,22,2,9,1,88,0,0,0
20,75,1,1,2,1,0,29,2,8,0,94,1,1,2
20,75,1,1,2,1,0,26,1,1,1,66,1,2,0
29,76,2,1,0,0,0,18,0,7,1,84,0,1,3
29,76,2,1,0,0,0,18,2,2,1,65,0,2,0
29,76,2,1,0,0,0,26,2,17,1,71,0,2,1
29,76,2,1,0,0,0,22,1,1,1,75,0,2,0
29,76,2,1,0,0,0,19,1,4,1,71,1,2,0
29,76,2,1,1,1,0,18,0,7,1,84,0,1,3
29,76,2,1,1,1,0,18,2,2,1,65,0,2,0
29,76,2,1,1,1,0,26,2,17,1,71,0,2,1
29,76,2,1,1,1,0,22,1,1,1,75,0,2,0
29,76,2,1,1,1,0,19,1,4,1,71,1,2,0
28,86,1,0,1,1,1,25,3,10,0,58,1,2,0
28,86,1,1,1,1,1,25,3,10,0,58,1,2,0
27,92,1,0,1,0,0,20,1,7,0,89,0,0,2
27,92,0,1,2,1,0,20,1,7,0,89,0,0,2
27,92,1,1,0,1,0,20,1,7,0,89,0,0,2
15,71,0,0,1,1,1,24,3,8,1,59,1,0,2
15,71,0,0,1,1,1,18,2,1,1,62,0,0,1
15,71,0,0,1,1,1,18,3,18,1,80,1,0,0
15,71,2,0,0,1,1,24,3,8,1,59,1,0,2
15,71,2,0,0,1,1,18,2,1,1,62,0,0,1
15,71,2,0,0,1,1,18,3,18,1,80,1,0,0
7,64,2,0,1,1,0,27,0,13,1,84,1,2,0
7,64,2,0,1,1,0,18,1,9,1,96,1,2,1
7,64,2,0,1,1,0,23,0,10,1,54,1,2,2
7,64,2,0,1,1,0,19,1,19,1,80,0,0,0
28,81,2,1,1,1,0,19,1,5,0,69,1,1,1
28,81,2,1,1,1,0,27,3,12,1,93,0,2,3
28,81,2,1,1,1,0,18,0,7,0,56,1,2,1
30,68,2,0,1,1,1,22,2,2,0,100,0,0,0
30,68,2,0,1,1,1,26,0,6,1,52,1,0,3
17,89,2,0,1,1,1,21,2,9,0,92,0,1,1
5,83,1,1,1,1,1,23,0,17,1,92,0,2,3
5,83,1,1,1,1,1,19,0,16,1,88,1,2,3
13,96,2,0,1,1,1,29,2,9,0,95,1,0,0
13,96,2,0,1,1,1,27,2,18,1,72,0,0,1
13,96,2,0,1,1,1,26,0,7,0,50,1,2,3
13,96,2,0,0,1,1,29,2,9,0,95,1,0,0
13,96,2,0,0,1,1,27,2,18,1,72,0,0,1
13,96,2,0,0,1,1,26,0,7,0,50,1,2,3
13,96,1,0,1,1,1,29,2,9,0,95,1,0,0
13,96,1,0,1,1,1,27,2,18,1,72,0,0,1
13,96,1,0,1,1,1,26,0,7,0,50,1,2,3
13,96,2,1,1,0,1,29,2,9,0,95,1,0,0
13,96,2,1,1,0,1,27,2,18,1,72,0,0,1
13,96,2,1,1,0,1,26,0,7,0,50,1,2,3
19,99,1,1,2,1,0,24,2,0,0,71,0,1,1
19,99,1,1,2,1,0,26,0,2,0,64,1,1,1
19,99,1,1,2,1,0,25,1,8,0,53,1,2,0
19,99,1,1,2,1,0,28,3,9,1,66,1,2,3
19,99,1,1,2,1,0,18,0,5,1,91,0,0,1
19,99,2,1,2,0,0,24,2,0,0,71,0,1,1
19,99,2,1,2,0,0,26,0,2,0,64,1,1,1
19,99,2,1,2,0,0,25,1,8,0,53,1,2,0
19,99,2,1,2,0,0,28,3,9,1,66,1,2,3
19,99,2,1,2,0,0,18,0,5,1,91,0,0,1
19,99,0,1,0,1,0,24,2,0,0,71,0,1,1
19,99,0,1,0,1,0,26,0,2,0,64,1,1,1
19,99,0,1,0,1,0,25,1,8,0,53,1,2,0
19,99,0,1,0,1,0,28,3,9,1,66,1,2,3
19,99,0,1,0,1,0,18,0,5,1,91,0,0,1
29,98,2,0,0,1,1,19,1,11,1,77,0,2,2
29,98,2,0,0,1,1,22,0,14,1,52,1,2,2
29,98,2,1,0,1,1,19,1,11,1,77,0,2,2
29,98,2,1,0,1,1,22,0,14,1,52,1,2,2
17,73,1,1,0,1,0,27,3,15,0,99,1,2,3
17,73,1,1,0,1,0,29,1,14,0,78,1,0,1
17,73,1,1,2,1,0,27,3,15,0,99,1,2,3
17,73,1,1,2,1,0,29,1,14,0,78,1,0,1
17,73,2,0,1,1,0,27,3,15,0,99,1,2,3
17,73,2,0,1,1,0,29,1,14,0,78,1,0,1
17,73,0,0,2,1,0,27,3,15,0,99,1,2,3
17,73,0,0,2,1,0,29,1,14,0,78,1,0,1
19,68,1,1,0,1,0,28,2,0,1,79,1,2,0
19,68,2,0,1,0,0,28,2,0,1,79,1,2,0
19,68,2,0,1,1,0,28,2,0,1,79,1,2,0
19,68,2,0,0,0,0,28,2,0,1,79,1,2,0
23,63,1,1,2,1,0,18,3,16,1,86,1,2,2
23,63,1,1,1,1,0,18,3,16,1,86,1,2,2
23,63,2,0,0,1,0,18,3,16,1,86,1,2,2
25,94,1,0,0,0,1,25,1,0,1,97,1,2,1
15,100,0,0,1,1,1,29,2,5,0,58,1,0,2
15,100,2,0,2,1,1,29,2,5,0,58,1,0,2
15,100,1,1,1,1,1,29,2,5,0,58,1,0,2
36,66,2,1,2,1,1,21,3,12,1,50,1,2,1
9,71,2,1,1,1,1,24,0,18,0,83,1,1,2
25,80,0,0,1,1,1,20,3,5,0,52,0,2,1
25,80,0,0,1,1,1,23,2,1,0,75,1,2,1
25,80,1,1,0,1,1,20,3,5,0,52,0,2,1
25,80,1,1,0,1,1,23,2,1,0,75,1,2,1
18,90,2,0,2,0,0,27,3,17,1,71,1,2,0
18,90,2,0,2,0,0,26,2,12,1,74,0,0,2
18,90,2,1,1,1,0,27,3,17,1,71,1,2,0
18,90,2,1,1,1,0,26,2,12,1,74,0,0,2
18,90,1,1,2,1,0,27,3,17,1,71,1,2,0
18,90,1,1,2,1,0,26,2,12,1,74,0,0,2
18,90,1,0,0,1,0,27,3,17,1,71,1,2,0
18,90,1,0,0,1,0,26,2,12,1,74,0,0,2
18,90,2,1,0,1,0,27,3,17,1,71,1,2,0
18,90,2,1,0,1,0,26,2,12,1,74,0,0,2
8,75,1,0,1,1,1,27,3,11,0,89,0,1,2
8,75,1,0,1,1,1,21,3,17,0,64,1,2,1
8,75,1,0,1,1,1,27,1,9,1,84,1,2,0
27,77,1,1,0,1,1,23,3,9,0,82,0,2,0
27,77,2,0,2,1,1,23,3,9,0,82,0,2,0
27,77,2,1,0,1,1,23,3,9,0,82,0,2,0
10,63,1,0,1,1,1,21,1,3,1,90,1,2,0
10,63,1,0,1,1,1,27,1,19,1,73,1,1,0
10,63,1,0,1,1,1,24,1,3,1,93,1,0,2
10,63,1,0,1,1,1,27,1,1,0,69,1,2,0
10,63,1,0,1,1,1,18,1,14,1,85,0,0,1
10,63,2,0,0,0,1,21,1,3,1,90,1,2,0
10,63,2,0,0,0,1,27,1,19,1,73,1,1,0
10,63,2,0,0,0,1,24,1,3,1,93,1,0,2
10,63,2,0,0,0,1,27,1,1,0,69,1,2,0
10,63,2,0,0,0,1,18,1,14,1,85,0,0,1
10,63,1,0,0,1,1,21,1,3,1,90,1,2,0
10,63,1,0,0,1,1,27,1,19,1,73,1,1,0
10,63,1,0,0,1,1,24,1,3,1,93,1,0,2
10,63,1,0,0,1,1,27,1,1,0,69,1,2,0
10,63,1,0,0,1,1,18,1,14,1,85,0,0,1
22,92,1,0,1,1,1,27,3,1,1,55,1,2,2
22,92,1,0,1,1,1,29,0,3,0,51,1,0,3
22,92,1,0,1,1,1,22,1,8,1,65,1,2,2
22,92,0,0,1,1,1,27,3,1,1,55,1,2,2
22,92,0,0,1,1,1,29,0,3,0,51,1,0,3
22,92,0,0,1,1,1,22,1,8,1,65,1,2,2
22,92,0,1,2,1,1,27,3,1,1,55,1,2,2
22,92,0,1,2,1,1,29,0,3,0,51,1,0,3
22,92,0,1,2,1,1,22,1,8,1,65,1,2,2
22,92,0,1,0,1,1,27,3,1,1,55,1,2,2
22,92,0,1,0,1,1,29,0,3,0,51,1,0,3
22,92,0,1,0,1,1,22,1,8,1,65,1,2,2
22,92,2,0,0,1,1,27,3,1,1,55,1,2,2
22,92,2,0,0,1,1,29,0,3,0,51,1,0,3
22,92,2,0,0,1,1,22,1,8,1,65,1,2,2
22,92,0,0,0,1,1,27,3,1,1,55,1,2,2
22,92,0,0,0,1,1,29,0,3,0,51,1,0,3
22,92,0,0,0,1,1,22,1,8,1,65,1,2,2
22,92,2,0,1,1,1,27,3,1,1,55,1,2,2
22,92,2,0,1,1,1,29,0,3,0,51,1,0,3
22,92,2,0,1,1,1,22,1,8,1,65,1,2,2
22,92,1,1,1,1,1,27,3,1,1,55,1,2,2
22,92,1,1,1,1,1,29,0,3,0,51,1,0,3
22,92,1,1,1,1,1,22,1,8,1,65,1,2,2
29,64,2,1,1,1,0,20,2,6,0,99,1,2,3
29,64,1,0,1,1,0,20,2,6,0,99,1,2,3
13,67,2,1,1,1,0,28,0,0,0,56,0,2,1
13,67,2,1,1,1,0,21,0,6,0,84,1,2,1
21,77,0,1,0,1,0,29,0,11,1,83,1,1,0
21,77,0,1,2,1,0,29,0,11,1,83,1,1,0
21,77,1,1,1,1,0,29,0,11,1,83,1,1,0
21,77,1,1,0,1,0,29,0,11,1,83,1,1,0
7,84,2,1,0,1,1,25,3,8,1,63,1,1,0
7,84,2,1,0,1,1,20,3,9,1,84,0,2,2
7,84,1,1,1,0,1,25,3,8,1,63,1,1,0
7,84,1,1,1,0,1,20,3,9,1,84,0,2,2
7,84,2,0,1,1,1,25,3,8,1,63,1,1,0
7,84,2,0,1,1,1,20,3,9,1,84,0,2,2
7,66,0,1,2,1,1,18,0,7,0,64,0,2,1
7,66,0,1,2,1,1,21,2,17,0,56,1,1,2
7,66,0,1,2,1,1,19,2,17,1,67,1,1,1
7,64,2,0,2,1,1,29,2,17,1,79,1,1,2
28,84,1,1,1,1,1,21,3,3,1,78,1,1,2
28,84,1,1,1,1,1,24,2,7,1,100,1,2,3
28,84,2,1,2,1,1,21,3,3,1,78,1,1,2
28,84,2,1,2,1,1,24,2,7,1,100,1,2,3
7,70,1,1,1,1,0,25,1,6,1,53,1,2,2
7,70,1,1,1,1,0,24,1,8,0,61,1,2,3
23,95,1,0,0,1,0,21,2,2,1,54,0,2,0
23,95,1,0,0,1,0,26,2,20,0,64,1,2,1
23,95,0,0,2,1,0,21,2,2,1,54,0,2,0
23,95,0,0,2,1,0,26,2,20,0,64,1,2,1
23,95,1,1,2,1,0,21,2,2,1,54,0,2,0
23,95,1,1,2,1,0,26,2,20,0,64,1,2,1
23,95,1,0,1,1,0,21,2,2,1,54,0,2,0
23,95,1,0,1,1,0,26,2,20,0,64,1,2,1
44,68,0,0,0,1,0,21,3,7,0,99,0,2,0
7,98,1,0,2,1,0,25,3,16,1,65,0,1,1
7,98,1,0,2,1,0,19,3,2,0,56,0,2,2
28,69,0,0,0,1,1,26,0,1,1,54,0,1,3
28,69,2,0,0,1,1,26,0,1,1,54,0,1,3
28,69,1,1,1,1,1,26,0,1,1,54,0,1,3
28,69,2,1,0,0,1,26,0,1,1,54,0,1,3
28,69,2,1,0,1,1,26,0,1,1,54,0,1,3
28,69,0,0,1,1,1,26,0,1,1,54,0,1,3
29,73,1,0,0,1,1,22,3,5,1,76,1,2,0
29,73,1,0,0,1,1,21,1,11,1,52,0,0,0
10,93,1,1,1,1,0,21,3,13,0,52,1,1,2
10,93,1,1,1,1,0,18,3,10,1,76,0,2,2
10,93,1,1,1,1,0,23,2,17,1,76,1,2,1
18,61,1,0,1,1,0,27,3,0,0,54,0,2,1
18,61,1,0,1,1,0,24,1,2,1,97,1,2,2
18,61,0,0,1,1,0,27,3,0,0,54,0,2,1
18,61,0,0,1,1,0,24,1,2,1,97,1,2,2
18,61,0,1,2,1,0,27,3,0,0,54,0,2,1
18,61,0,1,2,1,0,24,1,2,1,97,1,2,2
17,66,1,1,1,0,0,28,2,5,0,77,1,2,3
17,66,1,1,1,0,0,21,0,4,1,88,1,0,2
17,66,1,1,1,0,0,26,2,16,1,77,0,2,0
17,66,1,1,1,0,0,26,3,2,1,89,0,1,2
17,66,1,0,1,1,0,28,2,5,0,77,1,2,3
17,66,1,0,1,1,0,21,0,4,1,88,1,0,2
17,66,1,0,1,1,0,26,2,16,1,77,0,2,0
17,66,1,0,1,1,0,26,3,2,1,89,0,1,2
14,75,1,1,1,1,1,28,0,4,1,78,0,2,3
14,75,1,0,1,1,1,28,0,4,1,78,0,2,3
16,60,2,1,0,1,1,23,0,15,1,96,1,0,3
16,60,0,0,0,1,1,23,0,15,1,96,1,0,3
9,90,1,1,0,1,0,23,3,9,0,86,1,0,0
9,91,1,0,2,1,1,28,0,5,0,76,1,0,0
9,91,1,0,2,1,1,21,0,17,0,84,1,2,2
32,75,1,1,2,1,1,27,0,2,1,98,1,2,0
32,75,1,1,2,1,1,29,3,6,1,51,0,2,2
32,75,0,0,1,1,1,27,0,2,1,98,1,2,0
32,75,0,0,1,1,1,29,3,6,1,51,0,2,2
10,97,2,0,0,1,1,28,0,1,0,98,1,1,0
10,97,2,0,0,1,1,18,2,0,1,92,1,2,2
10,97,2,0,0,1,1,21,1,7,1,73,0,2,0
34,68,1,0,2,1,1,18,3,3,1,70,1,2,0
14,71,2,0,1,1,0,27,3,9,0,62,1,0,2
14,71,2,0,1,1,0,25,2,19,1,89,1,1,0
14,71,0,1,0,1,0,27,3,9,0,62,1,0,2
14,71,0,1,0,1,0,25,2,19,1,89,1,1,0
14,71,2,1,1,1,0,27,3,9,0,62,1,0,2
14,71,2,1,1,1,0,25,2,19,1,89,1,1,0
22,100,1,1,1,1,0,18,3,6,0,69,1,2,2
22,100,1,1,1,1,0,28,2,12,1,53,1,0,2
9,60,0,1,1,1,0,29,0,7,1,72,1,2,0
9,60,0,1,1,1,0,24,2,16,1,96,1,1,0
9,60,0,1,1,1,0,29,3,13,1,66,1,2,0
31,84,1,1,0,1,0,26,1,12,1,94,1,2,0
11,88,0,1,0,1,0,29,0,7,1,52,1,1,2
28,78,1,0,0,1,1,27,3,12,0,98,0,0,0
28,78,1,1,0,1,1,27,3,12,0,98,0,0,0
12,77,0,1,1,1,0,24,0,8,1,86,1,0,2
12,77,0,1,1,1,0,23,3,11,0,69,1,1,1
12,77,0,1,1,1,0,18,0,7,1,100,1,1,0
12,77,1,0,0,1,0,24,0,8,1,86,1,0,2
12,77,1,0,0,1,0,23,3,11,0,69,1,1,1
12,77,1,0,0,1,0,18,0,7,1,100,1,1,0
27,65,1,1,1,1,0,28,2,1,1,84,1,2,1
18,63,0,0,1,1,1,25,1,4,0,75,1,0,2
18,63,0,0,1,1,1,21,2,17,0,79,1,2,1
18,63,2,0,1,1,1,25,1,4,0,75,1,0,2
18,63,2,0,1,1,1,21,2,17,0,79,1,2,1
21,97,0,0,1,1,0,23,3,2,0,61,1,2,0
21,97,0,0,1,1,0,22,3,13,0,91,1,2,2
21,97,2,0,0,1,0,23,3,2,0,61,1,2,0
21,97,2,0,0,1,0,22,3,13,0,91,1,2,2
21,97,1,1,2,1,0,23,3,2,0,61,1,2,0
21,97,1,1,2,1,0,22,3,13,0,91,1,2,2
17,90,1,1,0,1,0,27,3,19,1,82,1,2,3
17,90,1,1,0,1,0,28,2,18,0,71,0,2,2
17,90,1,1,0,1,0,20,0,16,0,86,0,1,0
17,90,1,1,0,1,0,28,2,5,1,56,1,0,1
17,90,1,1,0,1,0,26,0,7,1,76,1,2,3
17,90,2,0,1,1,0,27,3,19,1,82,1,2,3
17,90,2,0,1,1,0,28,2,18,0,71,0,2,2
17,90,2,0,1,1,0,20,0,16,0,86,0,1,0
17,90,2,0,1,1,0,28,2,5,1,56,1,0,1
17,90,2,0,1,1,0,26,0,7,1,76,1,2,3
17,90,2,1,0,1,0,27,3,19,1,82,1,2,3
17,90,2,1,0,1,0,28,2,18,0,71,0,2,2
17,90,2,1,0,1,0,20,0,16,0,86,0,1,0
17,90,2,1,0,1,0,28,2,5,1,56,1,0,1
17,90,2,1,0,1,0,26,0,7,1,76,1,2,3
5,88,1,0,1,1,0,18,3,8,1,75,1,1,2
16,70,1,1,2,1,0,29,2,15,0,62,1,2,1
16,70,1,1,2,1,0,28,0,19,1,81,0,1,0
16,70,1,1,2,1,0,23,2,4,1,59,1,2,1
16,70,2,0,2,0,0,29,2,15,0,62,1,2,1
16,70,2,0,2,0,0,28,0,19,1,81,0,1,0
16,70,2,0,2,0,0,23,2,4,1,59,1,2,1
21,87,2,1,2,1,0,26,0,14,0,63,1,0,2
21,87,2,1,2,1,0,19,3,0,0,56,0,2,3
21,87,1,1,1,1,0,26,0,14,0,63,1,0,2
21,87,1,1,1,1,0,19,3,0,0,56,0,2,3
21,87,0,1,1,1,0,26,0,14,0,63,1,0,2
21,87,0,1,1,1,0,19,3,0,0,56,0,2,3
21,85,1,0,1,1,0,18,3,8,1,72,0,2,3
21,85,1,0,1,1,0,26,2,6,0,85,1,1,2
21,85,1,0,1,1,0,18,0,14,0,97,0,1,3
21,85,1,0,0,1,0,18,3,8,1,72,0,2,3
21,85,1,0,0,1,0,26,2,6,0,85,1,1,2
21,85,1,0,0,1,0,18,0,14,0,97,0,1,3
21,85,2,1,1,1,0,18,3,8,1,72,0,2,3
21,85,2,1,1,1,0,26,2,6,0,85,1,1,2
21,85,2,1,1,1,0,18,0,14,0,97,0,1,3
21,85,1,1,0,1,0,18,3,8,1,72,0,2,3
21,85,1,1,0,1,0,26,2,6,0,85,1,1,2
21,85,1,1,0,1,0,18,0,14,0,97,0,1,3
8,80,1,0,1,1,1,19,0,19,0,82,1,0,0
8,80,1,0,1,1,1,20,1,0,1,71,1,2,1
8,80,1,0,1,1,1,27,3,4,1,62,1,0,2
8,80,1,1,1,1,1,19,0,19,0,82,1,0,0
8,80,1,1,1,1,1,20,1,0,1,71,1,2,1
8,80,1,1,1,1,1,27,3,4,1,62,1,0,2
27,91,2,0,1,1,0,24,0,9,1,98,1,1,2
27,91,2,0,1,1,0,27,0,6,1,55,1,0,1
27,91,2,0,1,1,0,22,1,8,1,89,0,2,0
27,91,2,0,1,1,0,26,0,2,0,92,1,0,2
27,91,2,0,1,1,0,26,3,11,0,80,1,2,1
27,91,2,1,0,1,0,24,0,9,1,98,1,1,2
27,91,2,1,0,1,0,27,0,6,1,55,1,0,1
27,91,2,1,0,1,0,22,1,8,1,89,0,2,0
27,91,2,1,0,1,0,26,0,2,0,92,1,0,2
27,91,2,1,0,1,0,26,3,11,0,80,1,2,1
27,91,1,0,1,1,0,24,0,9,1,98,1,1,2
27,91,1,0,1,1,0,27,0,6,1,55,1,0,1
27,91,1,0,1,1,0,22,1,8,1,89,0,2,0
27,91,1,0,1,1,0,26,0,2,0,92,1,0,2
27,91,1,0,1,1,0,26,3,11,0,80,1,2,1
27,91,2,0,1,0,0,24,0,9,1,98,1,1,2
27,91,2,0,1,0,0,27,0,6,1,55,1,0,1
27,91,2,0,1,0,0,22,1,8,1,89,0,2,0
27,91,2,0,1,0,0,26,0,2,0,92,1,0,2
27,91,2,0,1,0,0,26,3,11,0,80,1,2,1
15,93,1,1,1,1,0,28,3,10,0,95,0,2,3
15,93,1,1,1,1,0,20,2,9,1,96,1,2,3
15,93,1,1,1,1,0,23,1,4,0,62,1,2,0
15,93,1,1,1,1,0,21,1,10,1,58,1,1,3
15,93,1,0,2,1,0,28,3,10,0,95,0,2,3
15,93,1,0,2,1,0,20,2,9,1,96,1,2,3
15,93,1,0,2,1,0,23,1,4,0,62,1,2,0
15,93,1,0,2,1,0,21,1,10,1,58,1,1,3
15,93,0,1,0,1,0,28,3,10,0,95,0,2,3
15,93,0,1,0,1,0,20,2,9,1,96,1,2,3
15,93,0,1,0,1,0,23,1,4,0,62,1,2,0
15,93,0,1,0,1,0,21,1,10,1,58,1,1,3
11,99,1,1,1,1,0,22,3,11,0,93,1,2,2
11,99,1,1,1,1,0,21,1,4,1,94,1,1,3
11,99,1,0,1,1,0,22,3,11,0,93,1,2,2
11,99,1,0,1,1,0,21,1,4,1,94,1,1,3
31,77,0,1,2,1,0,24,1,6,1,88,1,1,2
31,77,0,1,2,1,0,28,2,13,1,80,1,2,2
31,61,1,0,1,1,0,29,3,0,1,80,1,1,0
31,61,1,0,1,1,0,23,2,10,0,85,0,1,3
31,61,1,0,1,1,0,23,2,4,0,53,0,2,2
31,61,1,0,1,1,0,18,1,13,0,93,1,0,3
21,68,1,0,0,1,0,18,1,6,1,84,1,1,2
21,68,1,0,0,1,0,28,0,2,1,87,1,2,1
21,68,1,0,0,1,0,23,0,4,0,52,1,2,3
27,62,0,0,1,1,1,22,1,0,1,66,1,2,1
27,62,1,0,0,1,1,22,1,0,1,66,1,2,1
27,62,0,1,1,1,1,22,1,0,1,66,1,2,1
27,62,1,0,1,1,1,22,1,0,1,66,1,2,1
23,83,0,0,1,1,0,23,3,16,1,94,0,2,2
23,83,0,0,1,1,0,27,1,10,1,58,1,1,0
23,83,0,0,1,1,0,24,1,14,0,95,0,1,0
23,83,0,0,1,1,0,21,0,16,1,71,0,0,0
23,83,0,0,1,1,0,18,3,4,0,60,1,2,2
23,83,0,1,1,0,0,23,3,16,1,94,0,2,2
23,83,0,1,1,0,0,27,1,10,1,58,1,1,0
23,83,0,1,1,0,0,24,1,14,0,95,0,1,0
23,83,0,1,1,0,0,21,0,16,1,71,0,0,0
23,83,0,1,1,0,0,18,3,4,0,60,1,2,2
16,98,0,1,1,1,0,24,1,1,0,59,1,0,0
16,98,0,1,1,1,0,23,0,11,0,52,0,1,3
16,98,0,1,1,1,0,20,1,5,1,96,0,1,3
16,98,1,0,1,1,0,24,1,1,0,59,1,0,0
16,98,1,0,1,1,0,23,0,11,0,52,0,1,3
16,98,1,0,1,1,0,20,1,5,1,96,0,1,3
12,62,2,1,2,1,1,29,1,0,1,61,0,0,2
12,62,2,1,2,1,1,20,1,17,0,87,1,2,0
9,100,0,0,1,1,1,27,2,12,1,76,1,2,3
9,100,0,0,1,1,1,28,1,10,1,77,1,0,3
9,100,0,0,1,1,1,20,0,16,0,99,1,1,1
13,74,2,1,1,1,1,27,0,0,0,82,0,1,0
13,74,2,1,1,1,1,23,2,19,1,62,1,1,3
13,74,1,0,0,1,1,27,0,0,0,82,0,1,0
13,74,1,0,0,1,1,23,2,19,1,62,1,1,3
13,74,2,1,2,1,1,27,0,0,0,82,0,1,0
13,74,2,1,2,1,1,23,2,19,1,62,1,1,3
17,62,0,0,1,1,0,20,3,1,1,72,1,2,1
17,62,0,0,1,1,0,26,0,4,1,87,0,1,1
17,62,0,0,1,1,0,18,3,20,0,69,1,2,3
17,62,0,0,1,1,0,26,2,14,1,94,1,1,1
17,62,0,0,1,1,0,27,3,11,1,83,1,0,1
17,62,0,0,1,1,0,20,2,9,1,60,0,0,3
17,62,0,0,2,1,0,20,3,1,1,72,1,2,1
17,62,0,0,2,1,0,26,0,4,1,87,0,1,1
17,62,0,0,2,1,0,18,3,20,0,69,1,2,3
17,62,0,0,2,1,0,26,2,14,1,94,1,1,1
17,62,0,0,2,1,0,27,3,11,1,83,1,0,1
17,62,0,0,2,1,0,20,2,9,1,60,0,0,3
9,75,1,0,0,1,0,22,0,13,1,58,1,0,0
9,75,1,0,0,1,0,23,2,12,1,89,1,2,1
9,75,1,0,0,1,0,21,1,19,1,94,1,1,1
10,69,1,1,0,1,0,29,1,1,1,60,0,2,1
10,69,1,0,1,1,0,29,1,1,1,60,0,2,1
29,63,0,1,2,0,1,27,3,6,1,87,1,2,1
7,63,2,1,1,1,1,23,1,17,1,53,1,1,1
7,63,2,1,1,1,1,29,1,2,1,91,0,2,3
7,63,2,1,1,1,1,24,3,4,1,52,1,1,0
7,63,2,1,1,1,1,18,1,20,1,69,1,2,2
15,88,2,1,1,1,0,29,1,15,1,94,1,2,0
15,88,2,1,1,1,0,23,3,19,0,93,1,2,1
15,88,1,1,1,1,0,29,1,15,1,94,1,2,0
15,88,1,1,1,1,0,23,3,19,0,93,1,2,1
10,77,2,0,0,1,1,24,3,10,0,82,1,2,3
10,77,2,0,1,1,1,24,3,10,0,82,1,2,3
13,80,2,0,1,1,1,27,2,5,0,79,1,2,2
13,80,2,0,1,1,1,24,0,0,0,63,0,0,1
13,80,2,0,1,1,1,28,0,13,1,91,0,2,3
9,83,0,1,1,1,0,26,0,18,0,89,0,1,0
9,83,0,1,1,1,0,21,1,0,1,72,0,1,0
14,92,0,1,0,1,0,28,3,0,0,85,1,1,0
14,92,0,1,0,1,0,22,0,18,1,91,0,2,0
14,92,0,1,0,1,0,24,2,18,1,54,1,1,2
11,60,2,0,2,1,1,21,1,1,0,98,1,2,1
11,60,2,0,2,1,1,26,0,19,0,79,1,1,0
26,64,1,1,0,1,0,20,1,5,1,76,1,2,0
26,64,1,1,0,1,0,25,2,11,1,100,1,2,3
26,64,1,1,0,1,0,25,3,20,1,80,1,1,2
26,64,1,1,0,1,0,21,1,7,0,65,1,2,0
13,86,1,0,1,0,1,26,1,11,0,99,1,0,1
13,86,1,0,1,0,1,24,3,11,1,96,1,2,0
13,86,2,0,1,1,1,26,1,11,0,99,1,0,1
13,86,2,0,1,1,1,24,3,11,1,96,1,2,0
13,86,0,1,1,1,1,26,1,11,0,99,1,0,1
13,86,0,1,1,1,1,24,3,11,1,96,1,2,0
13,86,1,0,1,1,1,26,1,11,0,99,1,0,1
13,86,1,0,1,1,1,24,3,11,1,96,1,2,0
13,86,2,1,1,1,1,26,1,11,0,99,1,0,1
13,86,2,1,1,1,1,24,3,11,1,96,1,2,0
9,87,0,0,0,0,1,22,2,7,1,53,0,2,1
9,62,2,1,2,1,1,20,1,13,1,81,0,2,3
9,62,2,1,2,1,1,27,1,9,1,90,0,1,2
9,62,2,1,2,1,1,25,1,6,1,99,1,2,0
28,72,1,1,0,1,0,23,0,15,1,74,1,1,1
28,72,1,1,0,1,0,18,3,6,1,56,1,2,1
28,72,1,1,0,1,0,20,1,3,1,96,0,2,1
28,72,1,1,0,1,0,19,2,16,1,93,1,1,2
28,72,0,0,2,1,0,23,0,15,1,74,1,1,1
28,72,0,0,2,1,0,18,3,6,1,56,1,2,1
28,72,0,0,2,1,0,20,1,3,1,96,0,2,1
28,72,0,0,2,1,0,19,2,16,1,93,1,1,2
16,92,0,0,2,1,0,21,0,12,1,98,1,2,3
16,92,0,0,2,1,0,23,0,3,1,65,0,1,2
16,92,0,0,2,1,0,18,0,7,1,81,1,0,3
16,92,1,0,0,0,0,21,0,12,1,98,1,2,3
16,92,1,0,0,0,0,23,0,3,1,65,0,1,2
16,92,1,0,0,0,0,18,0,7,1,81,1,0,3
16,92,1,1,2,1,0,21,0,12,1,98,1,2,3
16,92,1,1,2,1,0,23,0,3,1,65,0,1,2
16,92,1,1,2,1,0,18,0,7,1,81,1,0,3
16,92,0,1,0,1,0,21,0,12,1,98,1,2,3
16,92,0,1,0,1,0,23,0,3,1,65,0,1,2
16,92,0,1,0,1,0,18,0,7,1,81,1,0,3
15,81,1,0,0,0,0,29,1,4,1,69,0,2,1
15,81,1,0,0,0,0,21,3,4,1,97,1,2,3
15,81,1,0,0,0,0,18,1,17,1,90,1,1,3
15,81,1,0,2,1,0,29,1,4,1,69,0,2,1
15,81,1,0,2,1,0,21,3,4,1,97,1,2,3
15,81,1,0,2,1,0,18,1,17,1,90,1,1,3
15,81,2,1,2,1,0,29,1,4,1,69,0,2,1
15,81,2,1,2,1,0,21,3,4,1,97,1,2,3
15,81,2,1,2,1,0,18,1,17,1,90,1,1,3
27,75,1,0,1,1,0,28,3,16,1,100,0,2,3
27,75,1,0,1,1,0,29,2,6,1,96,1,0,2
27,75,1,0,1,1,0,21,2,13,1,85,1,1,2
27,75,1,0,1,0,0,28,3,16,1,100,0,2,3
27,75,1,0,1,0,0,29,2,6,1,96,1,0,2
27,75,1,0,1,0,0,21,2,13,1,85,1,1,2
27,75,0,1,0,1,0,28,3,16,1,100,0,2,3
27,75,0,1,0,1,0,29,2,6,1,96,1,0,2
27,75,0,1,0,1,0,21,2,13,1,85,1,1,2
30,98,2,1,2,0,0,23,0,13,1,76,1,2,3
30,98,2,1,1,1,0,23,0,13,1,76,1,2,3
10,74,1,1,2,1,1,23,3,6,0,87,0,1,2
24,75,2,1,2,1,0,22,3,2,1,74,1,0,0
24,75,2,1,2,1,0,28,3,10,1,77,1,1,0
24,75,1,1,0,1,0,22,3,2,1,74,1,0,0
24,75,1,1,0,1,0,28,3,10,1,77,1,1,0
28,68,2,1,1,1,0,22,0,3,1,66,0,2,0
28,68,2,1,1,1,0,24,0,19,1,90,1,2,0
28,68,2,1,1,1,0,28,3,7,1,77,1,1,1
14,91,1,0,2,1,0,20,0,19,1,87,1,0,2
14,91,1,0,2,1,0,28,0,0,1,84,1,0,0
8,71,1,1,1,1,0,18,3,2,1,79,1,2,2
8,71,1,1,1,1,0,18,2,5,1,63,1,2,0
8,71,1,1,1,1,0,22,0,10,1,77,1,1,1
8,71,1,1,1,1,0,25,1,5,1,81,0,2,0
8,71,1,1,1,0,0,18,3,2,1,79,1,2,2
8,71,1,1,1,0,0,18,2,5,1,63,1,2,0
8,71,1,1,1,0,0,22,0,10,1,77,1,1,1
8,71,1,1,1,0,0,25,1,5,1,81,0,2,0
14,63,1,1,2,1,1,20,0,12,0,72,1,0,0
14,63,1,1,2,1,1,21,3,14,1,52,1,2,0
14,63,0,0,1,1,1,20,0,12,0,72,1,0,0
14,63,0,0,1,1,1,21,3,14,1,52,1,2,0
31,62,1,1,2,1,1,27,3,1,1,55,1,0,0
21,74,0,1,0,1,0,19,3,7,1,84,0,1,3
21,74,0,1,0,1,0,19,1,3,0,51,1,1,2
21,74,0,1,0,1,0,25,1,3,0,87,1,2,1
21,74,0,1,0,1,0,20,2,8,1,50,0,0,0
21,74,0,1,0,1,0,29,0,8,0,53,1,2,1
21,74,0,1,0,1,0,20,0,3,1,64,0,1,0
21,74,1,1,0,1,0,19,3,7,1,84,0,1,3
21,74,1,1,0,1,0,19,1,3,0,51,1,1,2
21,74,1,1,0,1,0,25,1,3,0,87,1,2,1
21,74,1,1,0,1,0,20,2,8,1,50,0,0,0
21,74,1,1,0,1,0,29,0,8,0,53,1,2,1
21,74,1,1,0,1,0,20,0,3,1,64,0,1,0
21,74,2,1,0,1,0,19,3,7,1,84,0,1,3
21,74,2,1,0,1,0,19,1,3,0,51,1,1,2
21,74,2,1,0,1,0,25,1,3,0,87,1,2,1
21,74,2,1,0,1,0,20,2,8,1,50,0,0,0
21,74,2,1,0,1,0,29,0,8,0,53,1,2,1
21,74,2,1,0,1,0,20,0,3,1,64,0,1,0
26,77,0,0,1,1,1,20,2,1,1,79,1,2,1
26,77,1,1,0,1,1,20,2,1,1,79,1,2,1
26,77,1,1,1,1,1,20,2,1,1,79,1,2,1
37,96,1,1,1,1,1,27,2,19,1,92,1,2,3
19,73,1,0,1,1,1,22,0,1,1,69,1,2,3
19,73,1,1,1,1,1,22,0,1,1,69,1,2,3
21,64,0,1,2,1,0,26,2,7,0,68,1,1,0
21,64,0,1,2,1,0,24,3,14,0,64,1,1,2
21,64,2,1,0,1,0,26,2,7,0,68,1,1,0
21,64,2,1,0,1,0,24,3,14,0,64,1,1,2
21,64,0,0,2,1,0,26,2,7,0,68,1,1,0
21,64,0,0,2,1,0,24,3,14,0,64,1,1,2
15,63,2,1,0,0,1,27,2,2,1,50,1,1,1
15,63,2,1,0,0,1,20,3,7,0,72,1,2,2
15,63,2,1,0,0,1,19,1,3,1,53,1,2,1
15,63,2,1,0,0,1,29,0,8,1,51,0,0,2
15,63,0,1,1,1,1,27,2,2,1,50,1,1,1
15,63,0,1,1,1,1,20,3,7,0,72,1,2,2
15,63,0,1,1,1,1,19,1,3,1,53,1,2,1
15,63,0,1,1,1,1,29,0,8,1,51,0,0,2
15,63,1,1,0,1,1,27,2,2,1,50,1,1,1
15,63,1,1,0,1,1,20,3,7,0,72,1,2,2
15,63,1,1,0,1,1,19,1,3,1,53,1,2,1
15,63,1,1,0,1,1,29,0,8,1,51,0,0,2
15,63,2,0,2,1,1,27,2,2,1,50,1,1,1
15,63,2,0,2,1,1,20,3,7,0,72,1,2,2
15,63,2,0,2,1,1,19,1,3,1,53,1,2,1
15,63,2,0,2,1,1,29,0,8,1,51,0,0,2
24,96,2,1,1,1,1,24,0,20,1,52,1,2,3
24,96,2,1,1,1,1,21,1,14,1,86,1,2,3
24,96,2,1,1,1,1,28,3,5,0,62,1,2,0
24,96,2,1,1,1,1,19,1,17,0,80,1,2,2
18,100,1,0,1,1,1,20,3,3,1,54,1,1,2
18,100,1,1,1,1,1,20,3,3,1,54,1,1,2
18,100,0,1,2,0,1,20,3,3,1,54,1,1,2
21,75,2,0,0,1,0,18,1,1,0,79,1,2,1
21,75,2,0,0,1,0,22,0,3,1,53,1,2,3
21,75,2,0,0,1,0,22,3,20,0,98,1,0,0
21,75,2,0,2,1,0,18,1,1,0,79,1,2,1
21,75,2,0,2,1,0,22,0,3,1,53,1,2,3
21,75,2,0,2,1,0,22,3,20,0,98,1,0,0
20,88,1,0,1,1,0,23,0,20,0,57,1,2,0
20,88,1,0,1,1,0,29,1,16,0,84,1,2,1
20,88,1,0,1,1,0,21,2,3,1,73,1,2,0
20,88,1,1,1,1,0,23,0,20,0,57,1,2,0
20,88,1,1,1,1,0,29,1,16,0,84,1,2,1
20,88,1,1,1,1,0,21,2,3,1,73,1,2,0
25,96,1,0,1,1,0,18,3,20,1,57,1,2,1
25,96,1,0,1,1,0,20,1,8,1,82,1,0,0
25,96,1,0,1,1,0,19,0,20,1,72,1,2,0
25,96,1,0,1,1,0,20,2,20,1,90,1,0,2
29,69,1,1,1,1,1,20,2,19,1,100,1,2,2
29,69,1,1,1,1,1,25,3,17,1,78,1,1,3
29,69,1,1,1,1,1,26,2,7,1,83,1,2,2
29,67,0,0,1,0,0,20,3,0,1,91,1,2,0
29,67,2,0,1,0,0,20,3,0,1,91,1,2,0
29,67,0,1,1,1,0,20,3,0,1,91,1,2,0
5,69,1,1,1,0,0,19,1,14,1,61,1,1,0
5,69,1,1,1,0,0,24,1,6,0,88,1,2,0
5,69,1,1,1,0,0,22,0,18,1,99,1,2,2
28,80,1,0,0,1,1,27,2,16,0,96,0,2,2
28,80,2,0,2,1,1,27,2,16,0,96,0,2,2
28,80,2,0,1,1,1,27,2,16,0,96,0,2,2
13,98,1,1,2,1,1,23,0,9,0,90,1,2,3
13,98,1,1,2,1,1,29,2,7,1,58,0,0,3
13,98,0,1,1,1,1,23,0,9,0,90,1,2,3
13,98,0,1,1,1,1,29,2,7,1,58,0,0,3
30,62,2,1,1,1,1,18,0,1,0,87,1,2,3
13,73,2,1,2,1,0,27,2,20,0,76,1,0,3
13,73,2,0,1,1,0,27,2,20,0,76,1,0,3
31,96,0,0,0,1,0,24,3,7,1,99,1,1,2
31,96,0,0,0,1,0,20,1,11,0,90,1,0,3
31,96,0,0,0,1,0,24,1,10,1,67,0,2,0
31,96,1,1,1,1,0,24,3,7,1,99,1,1,2
31,96,1,1,1,1,0,20,1,11,0,90,1,0,3
31,96,1,1,1,1,0,24,1,10,1,67,0,2,0
13,65,2,0,0,1,0,21,3,0,1,78,0,2,0
13,65,2,0,0,1,0,24,1,3,0,65,1,0,2
13,65,2,0,0,1,0,28,0,3,0,94,1,1,0
13,65,2,0,0,1,0,19,3,5,0,73,0,0,1
13,65,2,0,0,1,0,19,2,17,0,80,1,2,0
13,65,2,1,1,1,0,21,3,0,1,78,0,2,0
13,65,2,1,1,1,0,24,1,3,0,65,1,0,2
13,65,2,1,1,1,0,28,0,3,0,94,1,1,0
13,65,2,1,1,1,0,19,3,5,0,73,0,0,1
13,65,2,1,1,1,0,19,2,17,0,80,1,2,0
34,84,2,1,1,1,1,27,1,12,0,72,0,2,3
34,84,2,1,1,1,1,29,1,15,1,89,0,2,0
34,84,2,1,1,1,1,29,0,8,1,83,0,2,0
34,84,2,1,1,1,1,22,0,9,1,96,0,2,1
34,84,2,1,1,1,1,24,3,13,1,60,0,2,1
21,94,1,1,1,1,0,26,3,8,1,56,1,0,1
21,94,1,1,1,1,0,24,3,15,1,70,1,2,1
21,94,2,0,0,1,0,26,3,8,1,56,1,0,1
21,94,2,0,0,1,0,24,3,15,1,70,1,2,1
21,94,0,1,0,1,0,26,3,8,1,56,1,0,1
21,94,0,1,0,1,0,24,3,15,1,70,1,2,1
21,94,1,0,0,1,0,26,3,8,1,56,1,0,1
21,94,1,0,0,1,0,24,3,15,1,70,1,2,1
20,63,2,1,1,1,1,20,0,14,1,51,1,0,0
20,63,2,1,1,1,1,18,3,6,1,66,1,0,0
20,63,1,1,1,1,1,20,0,14,1,51,1,0,0
20,63,1,1,1,1,1,18,3,6,1,66,1,0,0
20,63,1,0,0,1,1,20,0,14,1,51,1,0,0
20,63,1,0,0,1,1,18,3,6,1,66,1,0,0
20,63,1,0,2,1,1,20,0,14,1,51,1,0,0
20,63,1,0,2,1,1,18,3,6,1,66,1,0,0
20,63,0,0,0,1,1,20,0,14,1,51,1,0,0
20,63,0,0,0,1,1,18,3,6,1,66,1,0,0
20,63,1,1,0,1,1,20,0,14,1,51,1,0,0
20,63,1,1,0,1,1,18,3,6,1,66,1,0,0
12,76,1,1,1,1,1,18,2,6,1,78,1,2,2
12,76,1,1,1,1,1,22,1,8,1,77,1,2,1
12,76,1,1,1,1,1,22,1,9,0,55,1,1,1
12,76,0,1,0,1,1,18,2,6,1,78,1,2,2
12,76,0,1,0,1,1,22,1,8,1,77,1,2,1
12,76,0,1,0,1,1,22,1,9,0,55,1,1,1
14,72,2,0,1,1,1,24,2,17,1,72,1,0,3
14,72,0,0,2,1,1,24,2,17,1,72,1,0,3
27,79,0,1,2,1,0,26,3,15,0,80,1,2,3
27,79,0,1,2,1,0,24,3,19,1,65,1,2,2
27,79,2,1,2,1,0,26,3,15,0,80,1,2,3
27,79,2,1,2,1,0,24,3,19,1,65,1,2,2
14,78,2,1,1,1,1,19,0,7,1,57,0,1,0
14,78,2,1,1,1,1,28,0,20,0,94,1,2,1
14,78,2,1,1,1,1,26,2,17,1,98,1,2,1
14,78,1,0,1,1,1,19,0,7,1,57,0,1,0
14,78,1,0,1,1,1,28,0,20,0,94,1,2,1
14,78,1,0,1,1,1,26,2,17,1,98,1,2,1
18,85,1,1,1,1,0,24,1,20,1,69,1,0,1
18,85,1,1,1,1,0,20,2,9,1,75,1,0,3
18,85,2,1,2,0,0,24,1,20,1,69,1,0,1
18,85,2,1,2,0,0,20,2,9,1,75,1,0,3
18,85,2,1,2,1,0,24,1,20,1,69,1,0,1
18,85,2,1,2,1,0,20,2,9,1,75,1,0,3
7,62,1,1,0,1,1,29,3,5,1,92,1,2,1
7,62,1,1,0,1,1,22,0,5,0,81,1,2,3
7,62,1,1,0,1,1,20,0,7,1,74,1,1,0
13,81,2,0,0,1,1,20,1,1,1,78,0,2,3
13,81,2,0,0,1,1,23,3,13,1,78,1,2,0
13,81,2,0,0,1,1,24,0,18,0,55,0,0,1
13,81,2,0,0,1,1,24,0,2,1,70,1,1,3
13,81,2,0,0,1,1,20,3,0,0,56,1,0,0
13,81,1,1,0,1,1,20,1,1,1,78,0,2,3
13,81,1,1,0,1,1,23,3,13,1,78,1,2,0
13,81,1,1,0,1,1,24,0,18,0,55,0,0,1
13,81,1,1,0,1,1,24,0,2,1,70,1,1,3
13,81,1,1,0,1,1,20,3,0,0,56,1,0,0
9,89,2,1,1,1,1,23,3,1,0,85,1,2,2
9,89,2,1,1,1,1,23,1,15,1,70,1,0,1
9,89,2,1,1,1,1,20,2,1,0,98,1,1,1
9,89,2,1,1,1,1,21,0,3,0,81,1,2,0
9,89,1,1,1,1,1,23,3,1,0,85,1,2,2
9,89,1,1,1,1,1,23,1,15,1,70,1,0,1
9,89,1,1,1,1,1,20,2,1,0,98,1,1,1
9,89,1,1,1,1,1,21,0,3,0,81,1,2,0
12,69,0,0,1,1,1,28,3,20,1,68,0,0,2
12,69,0,0,1,1,1,25,2,16,1,51,1,2,0
12,69,0,0,1,1,1,22,1,1,1,85,0,1,3
12,69,0,0,1,1,1,26,2,20,1,76,1,2,0
12,69,2,1,0,1,1,28,3,20,1,68,0,0,2
12,69,2,1,0,1,1,25,2,16,1,51,1,2,0
12,69,2,1,0,1,1,22,1,1,1,85,0,1,3
12,69,2,1,0,1,1,26,2,20,1,76,1,2,0
32,80,1,0,0,1,1,26,1,12,0,87,1,2,3
29,83,2,0,1,1,0,20,1,2,1,52,1,1,0
29,83,2,0,1,1,0,22,3,18,1,62,1,2,3
29,83,2,0,1,1,0,28,3,4,0,83,1,0,3
29,83,1,0,2,1,0,20,1,2,1,52,1,1,0
29,83,1,0,2,1,0,22,3,18,1,62,1,2,3
29,83,1,0,2,1,0,28,3,4,0,83,1,0,3
31,70,0,1,2,1,0,24,0,15,0,66,1,2,0
10,77,2,1,2,1,0,20,0,3,0,52,1,1,1
10,77,2,1,2,1,0,28,3,20,1,56,0,1,2
10,77,2,1,2,1,0,26,1,19,0,68,0,2,0
10,77,2,1,2,1,0,26,3,15,1,69,1,1,0
10,77,2,1,2,1,0,19,0,5,1,97,1,0,3
10,77,2,1,1,1,0,20,0,3,0,52,1,1,1
10,77,2,1,1,1,0,28,3,20,1,56,0,1,2
10,77,2,1,1,1,0,26,1,19,0,68,0,2,0
10,77,2,1,1,1,0,26,3,15,1,69,1,1,0
10,77,2,1,1,1,0,19,0,5,1,97,1,0,3
23,60,1,1,0,0,0,25,1,11,1,98,1,2,2
23,60,1,1,0,0,0,19,0,11,1,72,1,2,3
23,60,1,0,0,1,0,25,1,11,1,98,1,2,2
23,60,1,0,0,1,0,19,0,11,1,72,1,2,3
27,64,1,1,0,1,0,29,3,18,0,93,1,2,2
27,64,1,1,1,1,0,29,3,18,0,93,1,2,2
27,64,1,0,2,1,0,29,3,18,0,93,1,2,2
21,70,2,1,0,1,0,29,2,16,1,80,1,1,0
21,70,2,1,0,1,0,21,2,0,1,77,0,2,0
21,70,0,0,2,1,0,29,2,16,1,80,1,1,0
21,70,0,0,2,1,0,21,2,0,1,77,0,2,0
21,70,2,1,1,1,0,29,2,16,1,80,1,1,0
21,70,2,1,1,1,0,21,2,0,1,77,0,2,0
11,72,1,0,2,1,1,21,3,4,0,86,0,2,2
11,72,1,0,2,1,1,29,2,20,1,96,1,2,2
11,72,1,1,0,1,1,21,3,4,0,86,0,2,2
11,72,1,1,0,1,1,29,2,20,1,96,1,2,2
11,72,0,0,2,1,1,21,3,4,0,86,0,2,2
11,72,0,0,2,1,1,29,2,20,1,96,1,2,2
15,82,1,1,1,1,0,23,1,13,0,92,0,1,2
32,87,1,1,1,1,0,22,2,1,1,65,1,2,3
32,87,1,1,1,1,0,24,2,15,1,89,1,2,1
29,83,0,0,0,1,1,29,0,11,1,79,0,2,2
29,83,0,0,0,1,1,28,3,0,0,71,1,0,0
29,83,0,1,2,1,1,29,0,11,1,79,0,2,2
29,83,0,1,2,1,1,28,3,0,0,71,1,0,0
29,83,2,1,1,1,1,29,0,11,1,79,0,2,2
29,83,2,1,1,1,1,28,3,0,0,71,1,0,0
34,77,2,0,1,1,0,20,2,9,0,64,1,2,1
5,95,2,1,0,1,0,19,3,4,0,85,1,2,2
32,76,1,0,1,1,0,29,3,1,1,61,0,2,1
32,76,1,0,1,1,0,28,0,9,1,82,1,2,0
32,76,0,1,0,1,0,29,3,1,1,61,0,2,1
32,76,0,1,0,1,0,28,0,9,1,82,1,2,0
17,100,1,0,0,1,0,20,2,8,1,81,1,2,2
17,100,1,0,0,1,0,26,2,13,1,85,1,2,1
17,100,1,0,0,1,0,20,3,5,1,57,0,1,0
12,61,0,1,0,1,0,26,1,5,0,89,0,0,1
17,64,1,0,1,1,1,18,2,1,1,90,1,2,3
17,64,1,0,1,1,1,19,0,4,1,73,1,1,1
17,64,1,0,1,1,1,21,1,6,1,82,1,0,2
17,64,2,1,1,1,1,18,2,1,1,90,1,2,3
17,64,2,1,1,1,1,19,0,4,1,73,1,1,1
17,64,2,1,1,1,1,21,1,6,1,82,1,0,2
17,64,2,0,0,1,1,18,2,1,1,90,1,2,3
17,64,2,0,0,1,1,19,0,4,1,73,1,1,1
17,64,2,0,0,1,1,21,1,6,1,82,1,0,2
17,64,0,0,2,1,1,18,2,1,1,90,1,2,3
17,64,0,0,2,1,1,19,0,4,1,73,1,1,1
17,64,0,0,2,1,1,21,1,6,1,82,1,0,2
17,64,1,1,1,1,1,18,2,1,1,90,1,2,3
17,64,1,1,1,1,1,19,0,4,1,73,1,1,1
17,64,1,1,1,1,1,21,1,6,1,82,1,0,2
17,64,1,1,2,1,1,18,2,1,1,90,1,2,3
17,64,1,1,2,1,1,19,0,4,1,73,1,1,1
17,64,1,1,2,1,1,21,1,6,1,82,1,0,2
9,70,1,1,0,1,1,27,0,18,1,75,0,2,0
34,93,1,0,0,1,0,18,1,3,0,71,0,2,3
34,93,1,0,0,1,0,22,1,13,0,76,1,0,0
34,93,1,0,0,1,0,29,2,17,1,99,1,2,1
34,93,1,0,0,1,0,25,0,8,0,89,1,2,0
21,78,2,0,1,0,0,28,1,17,1,60,0,1,0
21,78,2,0,1,0,0,27,3,18,0,97,0,2,3
21,78,2,0,1,0,0,26,3,13,0,61,1,2,1
21,78,2,0,2,1,0,28,1,17,1,60,0,1,0
21,78,2,0,2,1,0,27,3,18,0,97,0,2,3
21,78,2,0,2,1,0,26,3,13,0,61,1,2,1
21,78,1,1,1,1,0,28,1,17,1,60,0,1,0
21,78,1,1,1,1,0,27,3,18,0,97,0,2,3
21,78,1,1,1,1,0,26,3,13,0,61,1,2,1
30,97,2,1,2,1,1,19,2,1,0,66,1,1,0
30,97,2,0,1,1,1,19,2,1,0,66,1,1,0
13,64,0,0,1,1,0,18,0,10,0,81,0,1,0
13,64,0,0,1,1,0,28,1,9,0,70,1,2,3
13,64,0,0,1,1,0,24,0,10,0,52,1,2,1
13,64,2,1,1,1,0,18,0,10,0,81,0,1,0
13,64,2,1,1,1,0,28,1,9,0,70,1,2,3
13,64,2,1,1,1,0,24,0,10,0,52,1,2,1
13,64,2,0,0,1,0,18,0,10,0,81,0,1,0
13,64,2,0,0,1,0,28,1,9,0,70,1,2,3
13,64,2,0,0,1,0,24,0,10,0,52,1,2,1
32,63,2,0,1,0,0,27,0,9,1,91,0,0,1
32,63,2,0,1,0,0,22,3,11,1,75,1,2,3
30,72,2,1,1,1,0,28,2,6,1,72,1,2,0
30,72,1,1,2,1,0,28,2,6,1,72,1,2,0
21,83,0,1,0,0,0,20,1,10,1,72,1,1,3
21,83,0,1,0,0,0,18,1,7,1,94,1,1,0
21,83,0,1,0,0,0,22,2,14,1,64,0,1,1
21,83,0,1,0,0,0,19,0,9,0,58,1,1,2
21,83,1,0,2,1,0,20,1,10,1,72,1,1,3
21,83,1,0,2,1,0,18,1,7,1,94,1,1,0
21,83,1,0,2,1,0,22,2,14,1,64,0,1,1
21,83,1,0,2,1,0,19,0,9,0,58,1,1,2
21,83,1,0,1,1,0,20,1,10,1,72,1,1,3
21,83,1,0,1,1,0,18,1,7,1,94,1,1,0
21,83,1,0,1,1,0,22,2,14,1,64,0,1,1
21,83,1,0,1,1,0,19,0,9,0,58,1,1,2
12,65,2,1,2,1,1,20,3,15,0,52,1,2,0
12,65,2,1,2,1,1,27,3,6,0,99,1,2,3
12,65,2,1,2,1,1,24,3,19,1,92,0,2,1
12,65,2,0,1,1,1,20,3,15,0,52,1,2,0
12,65,2,0,1,1,1,27,3,6,0,99,1,2,3
12,65,2,0,1,1,1,24,3,19,1,92,0,2,1
12,65,1,0,1,1,1,20,3,15,0,52,1,2,0
12,65,1,0,1,1,1,27,3,6,0,99,1,2,3
12,65,1,0,1,1,1,24,3,19,1,92,0,2,1
7,61,2,1,2,1,0,18,3,18,1,77,0,2,2
7,61,2,1,2,1,0,27,2,4,0,58,0,0,3
14,93,0,1,0,1,0,18,3,11,0,82,0,0,2
17,97,1,0,0,1,0,26,2,13,1,73,1,2,1
17,97,1,0,0,1,0,26,2,18,0,100,1,2,3
17,97,1,0,0,1,0,19,3,16,0,78,0,2,2
17,97,1,1,1,0,0,26,2,13,1,73,1,2,1
17,97,1,1,1,0,0,26,2,18,0,100,1,2,3
17,97,1,1,1,0,0,19,3,16,0,78,0,2,2
32,64,0,1,1,1,1,27,2,14,0,94,1,2,1
32,64,0,1,1,1,1,23,1,16,1,89,1,2,3
20,96,1,1,1,1,0,28,3,11,1,93,0,0,2
20,96,1,1,1,1,0,26,2,17,1,96,1,2,0
20,96,1,1,2,1,0,28,3,11,1,93,0,0,2
20,96,1,1,2,1,0,26,2,17,1,96,1,2,0
23,88,2,0,2,1,0,19,1,18,1,92,1,1,3
23,88,1,0,1,1,0,19,1,18,1,92,1,1,3
28,77,2,1,1,1,1,22,0,12,1,96,1,0,1
28,77,2,1,1,1,1,24,1,2,0,85,1,2,2
7,60,2,1,0,1,0,19,0,1,1,65,1,2,0
13,100,1,0,1,0,1,28,1,14,1,91,1,2,3
13,100,1,0,1,0,1,24,2,2,0,59,1,1,3
13,100,1,0,1,0,1,20,0,20,1,71,1,2,2
13,100,1,0,1,0,1,24,0,18,0,50,1,0,2
13,100,0,1,0,1,1,28,1,14,1,91,1,2,3
13,100,0,1,0,1,1,24,2,2,0,59,1,1,3
13,100,0,1,0,1,1,20,0,20,1,71,1,2,2
13,100,0,1,0,1,1,24,0,18,0,50,1,0,2
19,95,1,1,2,0,0,20,1,13,1,88,1,1,0
19,95,1,1,2,0,0,28,2,19,1,71,1,2,2
19,95,1,1,2,0,0,29,2,2,0,72,0,0,0
19,95,1,1,2,0,0,18,3,2,1,92,0,1,1
19,95,1,1,2,0,0,29,0,11,0,60,0,2,0
19,95,1,1,2,0,0,20,1,6,0,75,0,1,3
19,95,2,1,1,1,0,20,1,13,1,88,1,1,0
19,95,2,1,1,1,0,28,2,19,1,71,1,2,2
19,95,2,1,1,1,0,29,2,2,0,72,0,0,0
19,95,2,1,1,1,0,18,3,2,1,92,0,1,1
19,95,2,1,1,1,0,29,0,11,0,60,0,2,0
19,95,2,1,1,1,0,20,1,6,0,75,0,1,3
32,100,2,1,1,0,1,21,3,8,1,78,0,1,3
33,72,1,0,0,1,1,28,1,7,1,93,1,1,3
33,72,1,0,0,1,1,22,3,19,1,53,0,2,3
30,95,1,1,1,1,1,22,2,0,1,75,1,0,2
15,61,0,1,1,1,0,20,3,12,0,68,1,2,3
15,61,0,1,1,1,0,24,1,11,1,60,1,2,0
15,61,0,1,1,1,0,24,3,0,1,62,1,1,3
15,61,0,1,1,1,0,20,3,15,1,66,1,2,2
15,61,0,1,1,1,0,26,1,0,1,72,1,0,2
15,61,1,0,2,1,0,20,3,12,0,68,1,2,3
15,61,1,0,2,1,0,24,1,11,1,60,1,2,0
15,61,1,0,2,1,0,24,3,0,1,62,1,1,3
15,61,1,0,2,1,0,20,3,15,1,66,1,2,2
15,61,1,0,2,1,0,26,1,0,1,72,1,0,2
15,61,1,1,2,1,0,20,3,12,0,68,1,2,3
15,61,1,1,2,1,0,24,1,11,1,60,1,2,0
15,61,1,1,2,1,0,24,3,0,1,62,1,1,3
15,61,1,1,2,1,0,20,3,15,1,66,1,2,2
15,61,1,1,2,1,0,26,1,0,1,72,1,0,2
28,76,1,1,0,1,0,25,2,13,1,85,1,2,0
28,76,1,1,0,1,0,21,0,9,1,59,1,2,0
28,76,1,1,0,1,0,25,1,8,1,56,1,2,1
28,76,1,1,0,1,0,26,3,1,0,80,1,1,3
28,76,1,1,1,1,0,25,2,13,1,85,1,2,0
28,76,1,1,1,1,0,21,0,9,1,59,1,2,0
28,76,1,1,1,1,0,25,1,8,1,56,1,2,1
28,76,1,1,1,1,0,26,3,1,0,80,1,1,3
9,97,1,1,1,1,0,27,1,15,1,72,0,1,2
9,97,1,1,1,1,0,19,3,4,1,50,1,0,3
9,97,1,1,1,1,0,22,2,10,1,58,1,1,0
9,97,1,1,1,1,0,28,0,14,0,86,1,1,3
9,97,1,1,1,1,0,18,3,18,1,77,0,2,1
21,100,2,0,1,0,0,23,3,19,0,72,0,0,3
21,100,2,0,1,0,0,26,1,17,1,67,1,0,2
21,100,2,0,1,0,0,25,3,17,1,96,0,2,0
21,100,2,0,1,0,0,23,2,13,0,62,1,1,0
21,100,2,0,1,0,0,24,3,19,1,63,1,2,3
21,100,1,1,1,1,0,23,3,19,0,72,0,0,3
21,100,1,1,1,1,0,26,1,17,1,67,1,0,2
21,100,1,1,1,1,0,25,3,17,1,96,0,2,0
21,100,1,1,1,1,0,23,2,13,0,62,1,1,0
21,100,1,1,1,1,0,24,3,19,1,63,1,2,3
7,62,2,0,1,1,0,21,2,13,1,94,1,1,1
7,62,2,0,1,1,0,20,0,19,0,93,1,0,1
7,62,1,1,1,1,0,21,2,13,1,94,1,1,1
7,62,1,1,1,1,0,20,0,19,0,93,1,0,1
28,94,0,1,1,1,0,24,2,15,1,53,0,1,0
28,94,1,1,1,1,0,24,2,15,1,53,0,1,0
28,94,2,1,2,1,0,24,2,15,1,53,0,1,0
14,90,2,1,1,1,0,18,0,14,1,90,1,2,1
14,90,1,1,1,1,0,18,0,14,1,90,1,2,1
34,81,1,1,0,1,1,27,1,9,0,73,1,1,1
27,84,1,0,1,1,1,23,2,10,1,80,1,2,1
27,84,1,0,1,1,1,18,3,3,0,64,0,2,0
27,84,1,0,1,1,1,28,2,3,1,55,1,1,3
32,98,2,0,1,1,1,23,0,16,1,84,1,2,2
32,98,2,0,1,1,1,25,2,7,1,99,1,2,3
32,98,2,0,1,1,1,21,3,15,1,54,1,0,2
8,95,1,0,0,1,1,23,3,17,0,96,1,2,0
8,95,1,0,0,1,1,25,0,13,0,90,1,2,1
31,68,1,0,0,1,0,26,3,2,1,90,0,1,1
31,68,1,0,0,1,0,23,1,12,1,63,0,1,2
31,68,1,0,0,1,0,29,0,14,1,67,1,0,2
31,68,1,0,1,1,0,26,3,2,1,90,0,1,1
31,68,1,0,1,1,0,23,1,12,1,63,0,1,2
31,68,1,0,1,1,0,29,0,14,1,67,1,0,2
11,67,1,1,0,1,0,25,1,5,1,95,1,0,2
11,67,1,1,0,1,0,24,3,0,0,62,1,0,0
11,67,1,1,0,1,0,19,1,13,0,54,1,2,0
11,67,2,0,2,1,0,25,1,5,1,95,1,0,2
11,67,2,0,2,1,0,24,3,0,0,62,1,0,0
11,67,2,0,2,1,0,19,1,13,0,54,1,2,0
24,99,1,1,1,1,0,29,3,18,0,51,0,2,3
22,62,1,1,1,1,0,23,1,14,1,53,1,2,0
22,62,1,1,0,1,0,23,1,14,1,53,1,2,0
23,72,1,0,1,0,0,26,2,4,0,95,1,2,1
23,72,1,0,1,0,0,23,1,6,1,75,0,1,1
23,72,1,0,1,0,0,29,2,2,1,80,0,2,3
23,72,1,1,0,1,0,26,2,4,0,95,1,2,1
23,72,1,1,0,1,0,23,1,6,1,75,0,1,1
23,72,1,1,0,1,0,29,2,2,1,80,0,2,3
23,72,1,1,0,0,0,26,2,4,0,95,1,2,1
23,72,1,1,0,0,0,23,1,6,1,75,0,1,1
23,72,1,1,0,0,0,29,2,2,1,80,0,2,3
23,72,2,1,1,1,0,26,2,4,0,95,1,2,1
23,72,2,1,1,1,0,23,1,6,1,75,0,1,1
23,72,2,1,1,1,0,29,2,2,1,80,0,2,3
19,74,1,0,2,1,0,19,3,7,0,83,0,2,0
19,74,1,0,2,1,0,22,0,8,1,91,1,2,2
19,74,1,0,2,1,0,23,1,17,1,72,0,2,3
19,74,1,0,2,1,0,27,0,18,0,61,0,2,0
19,74,2,1,1,1,0,19,3,7,0,83,0,2,0
19,74,2,1,1,1,0,22,0,8,1,91,1,2,2
19,74,2,1,1,1,0,23,1,17,1,72,0,2,3
19,74,2,1,1,1,0,27,0,18,0,61,0,2,0
19,74,1,1,2,1,0,19,3,7,0,83,0,2,0
19,74,1,1,2,1,0,22,0,8,1,91,1,2,2
19,74,1,1,2,1,0,23,1,17,1,72,0,2,3
19,74,1,1,2,1,0,27,0,18,0,61,0,2,0
19,74,2,1,2,1,0,19,3,7,0,83,0,2,0
19,74,2,1,2,1,0,22,0,8,1,91,1,2,2
19,74,2,1,2,1,0,23,1,17,1,72,0,2,3
19,74,2,1,2,1,0,27,0,18,0,61,0,2,0
7,99,2,1,0,0,0,20,1,19,1,73,1,2,3
33,66,1,1,1,1,0,22,3,13,0,98,1,2,0
12,80,2,1,2,1,1,22,0,1,1,54,0,1,3
12,80,2,1,2,1,1,27,2,8,1,98,1,1,2
12,80,2,1,2,1,1,24,2,5,1,91,1,1,2
12,80,2,1,2,1,1,26,1,13,0,51,0,2,0
12,80,2,1,2,1,1,27,2,16,1,95,1,2,3
12,80,0,0,1,1,1,22,0,1,1,54,0,1,3
12,80,0,0,1,1,1,27,2,8,1,98,1,1,2
12,80,0,0,1,1,1,24,2,5,1,91,1,1,2
12,80,0,0,1,1,1,26,1,13,0,51,0,2,0
12,80,0,0,1,1,1,27,2,16,1,95,1,2,3
12,80,2,1,1,1,1,22,0,1,1,54,0,1,3
12,80,2,1,1,1,1,27,2,8,1,98,1,1,2
12,80,2,1,1,1,1,24,2,5,1,91,1,1,2
12,80,2,1,1,1,1,26,1,13,0,51,0,2,0
12,80,2,1,1,1,1,27,2,16,1,95,1,2,3
13,79,2,1,0,0,0,20,2,9,0,90,1,2,0
13,79,2,1,0,0,0,19,1,18,0,68,1,1,2
13,79,2,1,0,0,0,29,0,0,1,73,0,0,1
13,79,2,1,0,0,0,29,1,2,1,96,0,2,3
13,79,2,1,0,0,0,22,0,6,0,60,1,1,2
13,79,2,0,2,1,0,20,2,9,0,90,1,2,0
13,79,2,0,2,1,0,19,1,18,0,68,1,1,2
13,79,2,0,2,1,0,29,0,0,1,73,0,0,1
13,79,2,0,2,1,0,29,1,2,1,96,0,2,3
13,79,2,0,2,1,0,22,0,6,0,60,1,1,2
13,79,0,0,1,0,0,20,2,9,0,90,1,2,0
13,79,0,0,1,0,0,19,1,18,0,68,1,1,2
13,79,0,0,1,0,0,29,0,0,1,73,0,0,1
13,79,0,0,1,0,0,29,1,2,1,96,0,2,3
13,79,0,0,1,0,0,22,0,6,0,60,1,1,2
27,98,0,1,0,1,1,29,3,9,1,75,1,0,0
27,98,0,1,0,1,1,20,3,17,0,76,1,0,3
27,98,0,1,0,1,1,22,0,4,1,59,0,2,3
35,68,2,1,1,1,1,26,3,2,1,67,1,1,2
35,68,2,1,1,1,1,26,0,8,1,82,0,1,0
35,68,2,1,1,1,1,18,2,4,0,56,0,1,0
17,85,1,1,1,1,1,27,3,8,0,51,1,2,2
17,85,1,1,1,1,1,18,2,10,0,82,1,1,1
17,85,0,0,1,1,1,27,3,8,0,51,1,2,2
17,85,0,0,1,1,1,18,2,10,0,82,1,1,1
28,95,1,0,2,1,1,25,2,3,1,81,0,2,3
28,95,1,0,2,1,1,25,2,5,0,96,0,2,0
28,95,1,0,2,1,1,25,3,15,1,62,1,2,3
28,95,1,0,2,1,1,19,2,15,0,91,1,1,3
28,95,1,0,1,1,1,25,2,3,1,81,0,2,3
28,95,1,0,1,1,1,25,2,5,0,96,0,2,0
28,95,1,0,1,1,1,25,3,15,1,62,1,2,3
28,95,1,0,1,1,1,19,2,15,0,91,1,1,3
28,95,1,0,0,1,1,25,2,3,1,81,0,2,3
28,95,1,0,0,1,1,25,2,5,0,96,0,2,0
28,95,1,0,0,1,1,25,3,15,1,62,1,2,3
28,95,1,0,0,1,1,19,2,15,0,91,1,1,3
11,76,1,1,0,1,0,28,1,6,1,55,1,1,0
11,76,1,1,0,1,0,20,3,1,1,68,1,0,3
11,76,1,1,0,1,0,21,2,13,0,81,1,1,2
11,76,1,0,2,1,0,28,1,6,1,55,1,1,0
11,76,1,0,2,1,0,20,3,1,1,68,1,0,3
11,76,1,0,2,1,0,21,2,13,0,81,1,1,2
7,92,1,1,1,1,0,19,3,0,1,76,1,2,2
7,92,1,1,1,1,0,19,1,11,1,57,1,2,0
7,92,1,1,1,1,0,29,3,1,1,78,1,0,0
7,92,1,1,1,1,0,23,1,19,1,56,1,1,3
7,92,1,1,1,1,0,25,3,10,0,78,1,0,2
26,72,0,0,0,1,0,20,2,0,0,65,1,2,0
26,72,0,0,0,1,0,25,0,3,1,87,0,2,1
26,72,0,0,0,1,0,19,3,19,0,68,1,0,3
26,72,0,0,1,1,0,20,2,0,0,65,1,2,0
26,72,0,0,1,1,0,25,0,3,1,87,0,2,1
26,72,0,0,1,1,0,19,3,19,0,68,1,0,3
39,90,2,0,2,1,0,25,0,10,1,56,1,2,0
39,90,2,0,2,1,0,28,0,5,0,56,0,2,3
34,72,2,1,0,1,1,18,2,18,0,63,1,2,2
19,77,1,0,0,1,0,28,0,4,1,91,0,2,0
19,77,1,0,0,1,0,18,2,3,0,57,1,2,3
19,77,1,0,0,1,0,20,1,12,1,85,0,2,1
19,77,0,1,1,1,0,28,0,4,1,91,0,2,0
19,77,0,1,1,1,0,18,2,3,0,57,1,2,3
19,77,0,1,1,1,0,20,1,12,1,85,0,2,1
19,77,0,1,0,1,0,28,0,4,1,91,0,2,0
19,77,0,1,0,1,0,18,2,3,0,57,1,2,3
19,77,0,1,0,1,0,20,1,12,1,85,0,2,1
19,77,1,1,2,1,0,28,0,4,1,91,0,2,0
19,77,1,1,2,1,0,18,2,3,0,57,1,2,3
19,77,1,1,2,1,0,20,1,12,1,85,0,2,1
19,77,0,0,0,1,0,28,0,4,1,91,0,2,0
19,77,0,0,0,1,0,18,2,3,0,57,1,2,3
19,77,0,0,0,1,0,20,1,12,1,85,0,2,1
30,89,1,0,1,1,1,22,1,11,1,99,1,1,2
30,89,1,0,1,1,1,24,2,6,1,84,1,1,0
30,89,1,0,1,1,1,25,0,16,1,74,0,2,1
9,93,0,1,0,1,0,19,0,12,0,50,0,2,3
9,93,0,1,0,1,0,28,3,12,1,98,0,1,0
9,93,0,1,0,1,0,19,0,15,1,75,0,2,3
9,93,0,1,0,1,0,24,0,10,1,54,0,2,3
9,93,0,1,0,1,0,26,2,18,0,53,1,0,1
9,93,0,1,0,1,0,22,0,8,1,96,1,2,2
9,93,0,1,0,1,0,18,1,0,1,94,0,1,0
16,100,2,0,1,1,0,27,1,19,1,87,0,0,2
16,100,1,1,2,1,0,27,1,19,1,87,0,0,2
26,92,2,0,1,1,1,19,3,1,1,88,0,2,2
26,92,2,0,1,1,1,25,0,12,1,53,1,1,1
26,92,2,0,1,1,1,18,3,16,1,93,1,2,1
26,92,1,1,1,1,1,19,3,1,1,88,0,2,2
26,92,1,1,1,1,1,25,0,12,1,53,1,1,1
26,92,1,1,1,1,1,18,3,16,1,93,1,2,1
26,92,2,0,2,1,1,19,3,1,1,88,0,2,2
26,92,2,0,2,1,1,25,0,12,1,53,1,1,1
26,92,2,0,2,1,1,18,3,16,1,93,1,2,1
26,92,1,0,1,1,1,19,3,1,1,88,0,2,2
26,92,1,0,1,1,1,25,0,12,1,53,1,1,1
26,92,1,0,1,1,1,18,3,16,1,93,1,2,1
6,90,1,1,1,1,1,27,2,19,1,99,1,0,2
6,90,1,1,1,1,1,25,3,4,1,77,1,1,0
16,84,0,0,0,0,1,20,2,13,1,99,1,0,2
16,84,0,0,0,0,1,18,0,2,1,54,0,1,1
16,84,1,0,0,1,1,20,2,13,1,99,1,0,2
16,84,1,0,0,1,1,18,0,2,1,54,0,1,1
16,84,2,1,1,0,1,20,2,13,1,99,1,0,2
16,84,2,1,1,0,1,18,0,2,1,54,0,1,1
16,84,2,1,1,1,1,20,2,13,1,99,1,0,2
16,84,2,1,1,1,1,18,0,2,1,54,0,1,1
16,84,2,0,0,1,1,20,2,13,1,99,1,0,2
16,84,2,0,0,1,1,18,0,2,1,54,0,1,1
14,61,1,1,1,0,1,26,2,2,1,59,1,1,0
14,61,1,1,1,0,1,29,0,13,1,54,1,2,1
14,61,1,1,1,0,1,18,3,2,0,86,1,2,0
14,61,1,1,1,0,1,19,3,11,1,74,0,2,1
14,61,1,1,0,1,1,26,2,2,1,59,1,1,0
14,61,1,1,0,1,1,29,0,13,1,54,1,2,1
14,61,1,1,0,1,1,18,3,2,0,86,1,2,0
14,61,1,1,0,1,1,19,3,11,1,74,0,2,1
28,63,2,1,0,1,0,23,0,18,0,70,0,2,3
28,63,2,1,0,1,0,18,2,2,0,88,1,2,1
28,63,2,1,0,1,0,25,2,0,0,68,1,1,2
8,82,2,1,1,0,0,27,0,11,1,60,1,1,0
8,66,2,1,1,1,1,23,1,5,1,67,1,0,2
14,73,2,0,1,1,1,29,0,15,0,94,1,0,0
14,73,2,0,1,1,1,23,3,10,1,91,1,0,1
14,73,2,0,1,1,1,28,1,4,1,81,1,1,1
20,100,1,1,1,1,1,25,2,2,1,55,1,2,1
20,100,1,1,1,1,1,27,0,19,1,50,1,1,0
20,100,1,1,1,1,1,19,3,2,1,60,1,1,2
20,100,1,1,2,0,1,25,2,2,1,55,1,2,1
20,100,1,1,2,0,1,27,0,19,1,50,1,1,0
20,100,1,1,2,0,1,19,3,2,1,60,1,1,2
12,68,2,0,2,1,0,19,1,11,1,51,1,2,1
12,68,2,0,2,1,0,20,2,8,0,89,1,2,2
11,100,2,0,1,1,0,22,0,20,1,58,1,2,3
11,100,2,0,1,1,0,24,1,2,0,84,1,2,0
11,100,2,1,2,1,0,22,0,20,1,58,1,2,3
11,100,2,1,2,1,0,24,1,2,0,84,1,2,0
12,61,1,1,1,1,1,27,3,6,1,94,1,2,0
12,61,1,1,1,1,1,25,1,19,0,66,1,2,3
30,82,1,1,0,1,0,22,3,14,1,96,1,0,1
30,82,1,1,0,1,0,21,0,8,0,62,1,1,2
30,82,2,1,1,1,0,22,3,14,1,96,1,0,1
30,82,2,1,1,1,0,21,0,8,0,62,1,1,2
13,91,1,1,1,1,1,27,0,2,1,85,0,1,0
13,91,1,1,1,1,1,28,0,17,0,81,1,2,1
13,91,0,1,0,1,1,27,0,2,1,85,0,1,0
13,91,0,1,0,1,1,28,0,17,0,81,1,2,1
16,91,2,0,0,1,1,29,3,20,0,75,0,2,2
16,91,2,1,0,1,1,29,3,20,0,75,0,2,2
16,91,1,1,1,1,1,29,3,20,0,75,0,2,2
22,97,1,1,0,1,0,28,1,10,1,78,1,0,0
22,97,1,1,0,1,0,22,1,8,0,79,1,2,0
22,97,1,1,0,1,0,18,1,8,1,78,1,2,0
22,97,1,1,0,1,0,20,3,4,1,54,0,0,0
22,97,1,1,0,1,0,22,2,13,1,76,1,2,3
22,97,1,1,0,1,0,24,1,5,0,95,0,0,0
22,97,1,0,2,1,0,28,1,10,1,78,1,0,0
22,97,1,0,2,1,0,22,1,8,0,79,1,2,0
22,97,1,0,2,1,0,18,1,8,1,78,1,2,0
22,97,1,0,2,1,0,20,3,4,1,54,0,0,0
22,97,1,0,2,1,0,22,2,13,1,76,1,2,3
22,97,1,0,2,1,0,24,1,5,0,95,0,0,0
9,97,1,0,0,1,1,19,2,6,1,74,0,2,3
7,90,1,1,0,1,1,29,2,10,0,82,1,2,1
22,60,0,0,1,0,0,26,0,7,1,95,1,2,0
22,60,1,1,1,1,0,26,0,7,1,95,1,2,0
30,100,2,0,1,1,1,21,2,10,0,51,0,1,1
30,100,2,0,1,1,1,28,2,2,0,57,1,2,0
30,100,2,1,0,1,1,21,2,10,0,51,0,1,1
30,100,2,1,0,1,1,28,2,2,0,57,1,2,0
30,70,0,0,2,1,1,18,3,20,1,72,0,1,0
30,70,0,0,2,1,1,19,3,7,0,56,1,2,3
30,70,0,0,2,1,1,19,3,6,1,80,1,2,3
30,70,0,0,2,1,1,18,2,6,0,91,1,0,0
30,70,0,0,2,1,1,20,3,7,1,75,1,0,1
30,70,0,0,2,1,1,29,2,12,1,61,1,2,1
31,85,1,1,0,1,0,21,1,18,1,61,1,2,0
31,85,1,1,0,1,0,25,2,8,1,72,0,2,1
10,73,1,1,2,1,1,24,2,4,0,77,1,0,2
10,73,0,1,0,1,1,24,2,4,0,77,1,0,2
25,66,1,1,1,1,0,26,1,6,0,84,0,2,2
25,66,1,1,1,1,0,28,1,4,1,76,1,2,0
25,66,2,0,2,1,0,26,1,6,0,84,0,2,2
25,66,2,0,2,1,0,28,1,4,1,76,1,2,0
6,98,0,0,1,1,0,20,3,11,1,57,1,0,2
6,98,0,0,1,1,0,18,1,14,0,96,1,0,2
6,98,0,0,1,1,0,18,1,6,1,58,1,2,1
18,92,1,1,0,1,0,20,2,19,0,76,1,1,0
12,66,2,1,0,1,1,19,1,5,1,50,1,1,1
12,66,2,1,0,1,1,19,3,15,1,70,1,0,3
12,66,2,1,1,0,1,19,1,5,1,50,1,1,1
12,66,2,1,1,0,1,19,3,15,1,70,1,0,3
33,74,0,0,1,1,1,23,0,13,1,53,1,0,0
33,74,1,1,1,1,1,23,0,13,1,53,1,0,0
31,94,1,0,0,1,1,25,2,11,1,99,1,0,2
32,66,2,1,2,1,1,23,2,6,1,84,1,2,1
32,66,2,1,2,1,1,23,0,11,0,64,1,1,3
23,93,2,0,2,1,0,22,0,14,0,62,1,1,2
23,93,2,0,2,1,0,26,0,10,0,72,1,1,3
23,93,2,0,2,1,0,24,1,15,0,62,1,2,0
23,93,2,0,2,1,0,25,0,5,0,61,0,0,1
23,93,2,0,2,1,0,27,1,11,0,96,1,2,1
23,93,2,1,2,1,0,22,0,14,0,62,1,1,2
23,93,2,1,2,1,0,26,0,10,0,72,1,1,3
23,93,2,1,2,1,0,24,1,15,0,62,1,2,0
23,93,2,1,2,1,0,25,0,5,0,61,0,0,1
23,93,2,1,2,1,0,27,1,11,0,96,1,2,1
23,93,0,1,2,1,0,22,0,14,0,62,1,1,2
23,93,0,1,2,1,0,26,0,10,0,72,1,1,3
23,93,0,1,2,1,0,24,1,15,0,62,1,2,0
23,93,0,1,2,1,0,25,0,5,0,61,0,0,1
23,93,0,1,2,1,0,27,1,11,0,96,1,2,1
23,93,1,0,1,1,0,22,0,14,0,62,1,1,2
23,93,1,0,1,1,0,26,0,10,0,72,1,1,3
23,93,1,0,1,1,0,24,1,15,0,62,1,2,0
23,93,1,0,1,1,0,25,0,5,0,61,0,0,1
23,93,1,0,1,1,0,27,1,11,0,96,1,2,1
28,62,2,0,1,1,0,19,0,17,1,87,0,1,2
28,62,2,0,1,1,0,26,0,5,0,64,1,1,3
28,62,2,0,1,1,0,26,0,13,0,72,1,0,0
28,62,2,0,1,1,0,29,0,12,1,53,1,2,2
28,62,2,0,1,1,0,27,1,10,0,90,1,2,0
28,62,2,0,1,1,0,21,0,14,1,100,1,2,1
30,76,1,1,1,1,1,20,0,6,1,62,1,2,2
39,75,2,1,2,1,1,29,3,11,1,77,1,2,2
39,75,2,1,2,1,1,18,1,17,1,69,0,2,0
39,75,2,1,2,1,1,29,0,0,1,97,1,1,1
8,90,2,0,2,1,1,26,3,18,0,72,1,2,1
8,90,2,0,2,1,1,24,2,18,1,62,1,1,1
8,90,2,0,2,1,1,21,3,1,0,65,1,1,2
8,90,2,0,2,1,1,24,0,19,0,95,1,1,0
8,90,2,0,2,1,1,26,0,6,1,96,1,1,3
8,90,1,0,2,1,1,26,3,18,0,72,1,2,1
8,90,1,0,2,1,1,24,2,18,1,62,1,1,1
8,90,1,0,2,1,1,21,3,1,0,65,1,1,2
8,90,1,0,2,1,1,24,0,19,0,95,1,1,0
8,90,1,0,2,1,1,26,0,6,1,96,1,1,3
32,81,1,0,2,1,0,21,0,14,1,61,0,2,0
32,81,1,0,2,1,0,19,3,11,0,65,1,1,0
32,81,1,0,2,1,0,29,0,6,1,65,1,1,1
8,78,1,1,1,1,1,18,0,15,1,54,0,1,3
8,78,1,1,1,1,1,28,2,15,1,72,0,0,0
20,87,2,1,1,1,0,27,3,12,1,55,1,2,0
20,87,2,1,1,1,0,29,1,19,0,78,1,2,0
20,87,1,0,1,1,0,27,3,12,1,55,1,2,0
20,87,1,0,1,1,0,29,1,19,0,78,1,2,0
20,87,2,0,0,1,0,27,3,12,1,55,1,2,0
20,87,2,0,0,1,0,29,1,19,0,78,1,2,0
20,87,0,0,1,0,0,27,3,12,1,55,1,2,0
20,87,0,0,1,0,0,29,1,19,0,78,1,2,0
24,74,0,1,2,1,1,21,3,0,1,71,1,2,1
24,74,1,1,0,1,1,21,3,0,1,71,1,2,1
20,100,1,1,1,1,0,23,0,0,0,97,1,2,2
20,100,1,1,1,1,0,26,0,15,0,52,0,2,1
9,69,1,1,1,1,1,18,3,13,0,59,1,2,3
9,69,1,1,1,1,1,19,0,13,0,50,1,0,3
9,69,2,1,1,1,1,18,3,13,0,59,1,2,3
9,69,2,1,1,1,1,19,0,13,0,50,1,0,3
30,91,1,0,0,1,0,18,3,14,1,58,1,0,1
30,91,1,0,0,1,0,21,1,12,1,73,0,2,1
30,91,1,0,0,1,0,26,0,12,1,89,0,1,1
30,91,2,1,0,1,0,18,3,14,1,58,1,0,1
30,91,2,1,0,1,0,21,1,12,1,73,0,2,1
30,91,2,1,0,1,0,26,0,12,1,89,0,1,1
30,91,0,1,1,1,0,18,3,14,1,58,1,0,1
30,91,0,1,1,1,0,21,1,12,1,73,0,2,1
30,91,0,1,1,1,0,26,0,12,1,89,0,1,1
10,95,0,1,2,1,1,18,1,1,1,51,1,2,1
10,95,1,0,2,1,1,18,1,1,1,51,1,2,1
10,95,2,1,2,1,1,18,1,1,1,51,1,2,1
26,70,1,0,0,1,1,25,3,2,1,100,0,2,1
26,70,1,0,0,1,1,27,0,8,1,69,1,1,1
26,70,1,0,0,1,1,26,0,8,0,53,0,1,3
26,70,1,0,0,1,1,24,0,17,0,72,0,2,2
26,70,2,1,1,1,1,25,3,2,1,100,0,2,1
26,70,2,1,1,1,1,27,0,8,1,69,1,1,1
26,70,2,1,1,1,1,26,0,8,0,53,0,1,3
26,70,2,1,1,1,1,24,0,17,0,72,0,2,2
37,73,2,1,1,1,1,22,0,7,0,90,0,2,2
26,88,2,0,1,1,0,20,3,18,0,65,1,1,2
26,88,2,0,1,1,0,29,1,4,1,72,0,2,3
26,88,2,1,2,0,0,20,3,18,0,65,1,1,2
26,88,2,1,2,0,0,29,1,4,1,72,0,2,3
14,72,2,0,1,1,0,18,2,17,0,61,0,0,1
14,72,2,0,1,1,0,26,1,12,1,60,1,1,1
11,100,1,1,0,1,1,19,2,1,1,53,1,0,0
11,100,1,1,0,1,1,20,0,8,1,52,0,1,3
11,100,1,1,0,1,1,27,3,5,0,68,1,2,1
8,65,1,0,1,1,1,23,1,20,0,51,1,0,2
8,65,1,0,1,1,1,22,3,8,0,71,1,2,1
16,87,1,0,2,1,1,20,1,14,0,62,1,2,1
16,87,1,0,2,1,1,29,1,18,1,90,0,1,3
16,87,1,1,1,0,1,20,1,14,0,62,1,2,1
16,87,1,1,1,0,1,29,1,18,1,90,0,1,3
27,71,1,1,1,0,0,18,3,16,0,50,1,0,2
27,71,1,1,1,0,0,26,3,16,1,80,1,1,0
11,86,2,1,1,1,1,24,1,17,1,69,1,2,3
11,86,1,1,1,1,1,24,1,17,1,69,1,2,3
14,95,1,1,1,1,1,20,3,12,0,99,1,1,2
14,95,1,1,1,1,1,22,0,9,0,52,0,0,2
15,79,2,1,1,1,0,26,3,19,1,62,1,0,1
15,79,2,1,1,1,0,25,0,0,1,73,1,2,2
15,79,2,1,1,1,0,27,0,15,1,83,1,2,1
15,79,2,1,1,1,0,20,3,9,0,74,0,1,3
31,99,0,1,2,1,0,21,3,1,0,79,1,1,3
31,99,0,1,2,1,0,29,2,6,1,64,1,1,2
30,84,1,1,1,1,0,27,1,16,1,55,1,1,2
30,84,1,1,1,1,0,24,2,8,0,94,1,2,0
30,84,1,1,1,1,0,19,3,5,0,66,0,1,1
30,84,0,1,0,1,0,27,1,16,1,55,1,1,2
30,84,0,1,0,1,0,24,2,8,0,94,1,2,0
30,84,0,1,0,1,0,19,3,5,0,66,0,1,1
11,66,1,1,1,1,0,18,2,15,0,96,0,1,2
11,66,1,1,1,1,0,18,3,11,1,61,1,0,0
11,66,1,1,1,1,0,29,0,13,1,70,1,1,3
17,70,1,0,1,1,1,23,2,18,1,85,1,2,3
17,70,1,0,1,1,1,25,1,8,1,74,0,2,1
17,70,1,0,1,1,1,21,1,6,0,95,1,2,0
17,70,1,0,1,1,1,28,0,15,1,97,1,0,1
31,83,2,1,1,1,1,20,3,13,0,53,1,0,0
16,65,0,1,2,1,0,27,2,2,0,62,1,0,2
34,61,0,0,0,1,0,20,1,18,0,76,1,2,2
34,61,0,0,0,1,0,19,3,9,1,70,1,1,0
34,61,0,0,0,1,0,26,0,5,1,64,0,2,2
34,61,0,0,0,1,0,24,2,7,1,51,1,1,3
28,90,1,1,1,1,0,23,3,18,0,59,1,1,3
28,90,1,1,1,1,0,19,2,17,1,67,1,2,1
28,90,1,1,1,1,0,21,2,8,0,78,1,1,0
5,93,1,1,1,0,0,24,0,20,0,60,0,2,2
5,93,1,1,1,0,0,21,0,6,1,66,1,1,3
6,69,1,1,1,0,0,29,0,18,1,79,1,2,0
6,69,1,1,1,0,0,28,2,16,1,85,1,2,1
11,91,1,0,1,1,0,25,0,11,1,84,0,1,0
11,91,1,0,1,1,0,29,2,4,0,87,1,0,1
13,82,1,1,1,1,0,27,3,8,1,68,0,2,0
13,82,1,1,1,1,0,29,2,0,0,59,1,1,2
13,82,1,1,1,1,0,26,3,18,0,93,1,2,0
13,82,1,1,1,1,0,21,1,15,1,64,1,2,1
13,82,1,1,1,1,0,20,1,12,0,73,1,1,3
13,82,1,1,1,1,0,29,2,11,1,66,0,2,3
13,82,2,0,1,1,0,27,3,8,1,68,0,2,0
13,82,2,0,1,1,0,29,2,0,0,59,1,1,2
13,82,2,0,1,1,0,26,3,18,0,93,1,2,0
13,82,2,0,1,1,0,21,1,15,1,64,1,2,1
13,82,2,0,1,1,0,20,1,12,0,73,1,1,3
13,82,2,0,1,1,0,29,2,11,1,66,0,2,3
9,96,0,1,0,1,0,29,2,18,1,74,1,0,1
9,96,0,1,0,1,0,25,2,1,0,92,0,2,0
25,61,2,1,0,1,0,21,2,20,1,58,1,2,2
25,61,1,0,2,1,0,21,2,20,1,58,1,2,2
25,61,2,0,1,1,0,21,2,20,1,58,1,2,2
31,63,2,0,1,1,0,25,3,1,1,97,0,0,0
31,63,2,0,1,1,0,27,3,11,0,91,1,0,0
9,80,0,0,1,1,1,25,1,3,0,69,1,0,0
33,92,2,1,0,1,0,19,0,3,1,57,1,2,0
33,92,2,1,0,1,0,24,0,9,0,98,1,2,1
33,92,2,1,0,1,0,26,0,15,0,57,1,1,2
33,92,2,1,0,1,0,21,0,14,0,60,1,2,2
33,92,2,1,0,1,0,18,2,16,0,86,0,0,2
8,60,1,1,2,1,0,20,0,9,0,68,0,2,0
8,60,1,1,2,1,0,24,0,16,1,96,0,2,3
8,78,2,0,0,1,0,18,3,16,0,97,0,1,2
8,78,2,0,0,1,0,29,3,5,1,88,1,0,3
33,63,2,1,1,1,1,29,1,6,1,70,1,2,1
14,86,1,0,1,1,0,29,2,2,1,60,0,2,1
14,86,1,0,1,1,0,18,1,3,0,54,0,1,3
14,86,1,1,1,1,0,29,2,2,1,60,0,2,1
14,86,1,1,1,1,0,18,1,3,0,54,0,1,3
12,89,0,1,0,1,0,20,1,14,0,70,1,2,3
12,89,0,1,0,1,0,21,3,1,0,86,1,2,0
12,89,2,1,0,1,0,20,1,14,0,70,1,2,3
12,89,2,1,0,1,0,21,3,1,0,86,1,2,0
10,70,2,1,1,1,0,26,1,13,0,54,1,0,1
10,70,2,1,1,1,0,28,0,9,0,97,1,1,2
10,70,2,1,1,1,0,28,1,6,0,90,1,1,1
10,70,2,1,1,1,0,19,0,8,1,95,1,1,2
26,95,1,0,1,1,1,27,3,1,0,79,0,0,0
26,95,1,0,1,1,1,27,1,12,0,87,1,1,0
26,95,1,0,1,1,1,26,0,3,0,82,1,2,1
26,65,1,1,0,1,1,27,0,8,0,83,0,2,2
26,65,1,1,0,1,1,25,3,9,1,74,1,2,0
26,65,1,1,0,1,1,22,0,15,1,66,0,0,2
26,65,1,1,0,1,1,18,2,20,0,93,1,2,3
26,65,1,1,1,1,1,27,0,8,0,83,0,2,2
26,65,1,1,1,1,1,25,3,9,1,74,1,2,0
26,65,1,1,1,1,1,22,0,15,1,66,0,0,2
26,65,1,1,1,1,1,18,2,20,0,93,1,2,3
8,83,0,1,0,1,0,24,1,10,0,54,0,2,2
26,69,2,1,1,1,0,24,0,4,0,91,1,2,2
26,69,2,1,1,1,0,28,2,4,1,84,1,2,2
26,69,2,1,1,1,0,21,2,20,1,77,1,1,1
26,69,2,0,0,0,0,24,0,4,0,91,1,2,2
26,69,2,0,0,0,0,28,2,4,1,84,1,2,2
26,69,2,0,0,0,0,21,2,20,1,77,1,1,1
26,69,1,1,1,1,0,24,0,4,0,91,1,2,2
26,69,1,1,1,1,0,28,2,4,1,84,1,2,2
26,69,1,1,1,1,0,21,2,20,1,77,1,1,1
26,69,1,0,1,1,0,24,0,4,0,91,1,2,2
26,69,1,0,1,1,0,28,2,4,1,84,1,2,2
26,69,1,0,1,1,0,21,2,20,1,77,1,1,1
32,85,0,1,0,0,1,26,2,5,1,100,1,2,2
32,85,0,1,0,0,1,24,0,0,0,76,1,1,1
11,84,1,1,2,1,1,24,0,19,1,73,1,2,3
11,84,1,1,2,1,1,19,1,15,1,81,0,1,2
11,84,1,1,2,1,1,18,1,9,1,80,1,2,0
8,87,2,0,0,1,1,29,2,15,0,64,1,2,1
8,87,2,0,0,1,1,18,1,18,1,82,1,2,1
8,87,2,0,0,1,1,21,3,12,0,60,1,2,0
8,87,2,0,0,1,1,28,0,19,0,99,1,2,2
21,73,2,0,1,1,0,26,0,9,1,58,1,2,1
21,73,2,0,1,1,0,20,1,6,0,63,0,2,0
21,73,2,0,1,1,0,24,1,3,1,90,1,2,2
21,73,2,0,1,1,0,26,0,4,1,53,1,2,0
21,73,2,0,1,1,0,25,1,4,1,95,1,1,0
21,73,2,0,1,1,0,24,2,19,0,86,1,1,1
10,66,2,0,1,1,1,24,0,15,0,73,1,2,3
10,66,2,0,1,1,1,28,3,17,0,60,1,0,3
10,66,2,0,1,1,1,24,2,10,0,96,0,2,2
10,66,2,0,1,1,1,25,0,0,1,56,1,2,0
10,66,1,0,0,1,1,24,0,15,0,73,1,2,3
10,66,1,0,0,1,1,28,3,17,0,60,1,0,3
10,66,1,0,0,1,1,24,2,10,0,96,0,2,2
10,66,1,0,0,1,1,25,0,0,1,56,1,2,0
6,85,1,1,2,1,0,24,0,8,0,61,1,2,2
6,85,1,1,2,1,0,23,2,2,1,86,1,1,0
6,85,1,1,2,1,0,20,2,12,0,59,1,1,0
6,85,1,1,2,1,0,25,3,20,1,74,1,2,2
17,70,1,0,0,1,0,26,3,5,0,60,1,2,1
17,70,1,0,0,1,0,24,3,2,1,78,1,2,1
17,70,1,0,0,1,0,23,1,12,1,70,1,2,0
17,70,1,1,0,1,0,26,3,5,0,60,1,2,1
17,70,1,1,0,1,0,24,3,2,1,78,1,2,1
17,70,1,1,0,1,0,23,1,12,1,70,1,2,0
14,99,1,1,2,1,0,18,3,6,0,65,1,1,0
14,99,1,1,2,1,0,23,0,16,1,50,1,2,0
14,99,1,1,2,1,0,20,1,2,0,73,1,0,3
14,99,1,1,2,1,0,25,3,20,0,88,0,2,2
14,99,1,0,2,0,0,18,3,6,0,65,1,1,0
14,99,1,0,2,0,0,23,0,16,1,50,1,2,0
14,99,1,0,2,0,0,20,1,2,0,73,1,0,3
14,99,1,0,2,0,0,25,3,20,0,88,0,2,2
15,92,1,0,1,1,1,27,2,16,1,86,0,1,0
15,92,1,0,1,1,1,28,1,9,1,68,1,0,3
15,92,0,1,0,1,1,27,2,16,1,86,0,1,0
15,92,0,1,0,1,1,28,1,9,1,68,1,0,3
5,62,2,0,0,1,1,20,2,3,1,53,1,2,3
9,66,1,0,0,1,1,27,0,15,1,94,0,0,2
8,72,2,1,2,1,1,26,1,17,0,63,1,2,3
8,72,2,1,2,1,1,29,2,15,0,78,0,0,2
13,68,2,0,1,1,0,29,3,0,0,67,1,2,1
13,68,2,0,1,1,0,29,2,7,1,92,0,2,3
13,68,2,0,1,1,0,29,3,2,1,86,1,2,3
13,68,2,0,1,1,0,29,1,17,1,91,1,0,1
13,68,2,0,1,1,0,25,2,10,1,98,0,1,3
13,68,2,0,1,1,0,25,0,7,1,55,0,0,3
13,68,2,0,1,1,0,25,3,5,0,66,1,2,0
13,68,2,0,1,1,0,23,3,8,0,87,0,1,1
25,81,2,1,0,1,0,18,2,15,0,72,0,2,3
25,81,2,1,0,1,0,26,2,1,0,60,1,2,2
25,81,1,0,0,1,0,18,2,15,0,72,0,2,3
25,81,1,0,0,1,0,26,2,1,0,60,1,2,2
25,81,1,1,2,1,0,18,2,15,0,72,0,2,3
25,81,1,1,2,1,0,26,2,1,0,60,1,2,2
12,83,1,1,1,1,1,25,2,14,0,72,1,2,1
12,83,1,1,1,1,1,25,3,20,0,57,1,2,3
12,83,2,0,1,1,1,25,2,14,0,72,1,2,1
12,83,2,0,1,1,1,25,3,20,0,57,1,2,3
13,89,2,0,0,1,1,24,1,0,1,75,1,0,2
13,89,2,0,0,1,1,27,3,9,0,97,1,2,0
13,89,2,1,1,1,1,24,1,0,1,75,1,0,2
13,89,2,1,1,1,1,27,3,9,0,97,1,2,0
7,98,0,1,1,1,1,19,3,7,0,58,1,1,3
7,98,0,1,1,1,1,22,2,13,0,80,1,2,0
7,98,0,1,1,1,1,18,3,5,1,63,1,1,0
10,67,1,1,1,1,0,18,1,20,0,95,1,0,1
10,67,1,1,1,1,0,25,1,3,1,73,0,0,3
10,67,1,1,1,1,0,18,1,16,0,61,1,2,2
10,67,1,1,1,1,0,26,1,19,0,67,1,1,2
10,67,1,1,1,1,0,28,3,12,1,99,1,1,2
10,67,2,0,1,1,0,18,1,20,0,95,1,0,1
10,67,2,0,1,1,0,25,1,3,1,73,0,0,3
10,67,2,0,1,1,0,18,1,16,0,61,1,2,2
10,67,2,0,1,1,0,26,1,19,0,67,1,1,2
10,67,2,0,1,1,0,28,3,12,1,99,1,1,2
28,71,2,0,1,1,1,18,2,15,1,88,1,2,0
28,71,2,0,1,1,1,24,2,6,0,89,1,2,0
28,71,2,0,1,1,1,28,0,2,1,79,0,2,0
17,95,1,0,2,1,1,28,2,9,1,67,1,1,1
17,95,1,0,2,1,1,26,3,2,0,88,0,1,0
17,95,1,0,2,1,1,27,0,18,1,99,1,1,1
17,95,1,0,2,1,1,19,3,10,1,96,1,2,0
14,97,1,1,1,1,1,26,3,18,0,97,0,2,1
7,97,2,0,1,1,0,20,0,5,1,79,1,0,0
7,97,2,0,1,1,0,25,2,10,1,100,1,1,3
28,60,1,1,0,1,1,27,2,12,1,74,1,0,1
28,60,1,1,0,1,1,29,1,5,0,57,1,1,1
28,60,1,1,0,1,1,29,1,11,0,92,0,1,0
28,61,0,1,0,1,0,25,1,0,1,63,1,2,2
28,61,1,1,0,1,0,25,1,0,1,63,1,2,2
15,62,2,0,2,1,0,29,0,9,1,88,0,1,3
15,62,2,0,2,1,0,29,0,10,0,79,1,0,2
15,62,1,0,2,1,0,29,0,9,1,88,0,1,3
15,62,1,0,2,1,0,29,0,10,0,79,1,0,2
8,61,0,1,1,1,0,26,0,16,0,67,1,2,3
29,98,1,1,0,1,0,26,0,12,0,68,1,2,1
18,88,1,0,0,1,1,24,0,5,0,78,0,1,2
18,88,1,0,0,1,1,21,2,5,1,68,1,2,2
18,88,1,0,0,1,1,23,3,2,0,50,1,2,0
18,88,1,0,0,1,1,23,2,17,1,70,1,2,1
18,88,1,0,2,1,1,24,0,5,0,78,0,1,2
18,88,1,0,2,1,1,21,2,5,1,68,1,2,2
18,88,1,0,2,1,1,23,3,2,0,50,1,2,0
18,88,1,0,2,1,1,23,2,17,1,70,1,2,1
18,88,2,0,1,1,1,24,0,5,0,78,0,1,2
18,88,2,0,1,1,1,21,2,5,1,68,1,2,2
18,88,2,0,1,1,1,23,3,2,0,50,1,2,0
18,88,2,0,1,1,1,23,2,17,1,70,1,2,1
11,83,1,0,2,1,0,25,2,2,1,66,1,2,0
11,83,0,1,0,1,0,25,2,2,1,66,1,2,0
8,67,0,0,0,1,1,18,1,4,0,68,1,0,3
8,67,0,0,0,1,1,21,2,8,0,76,1,2,2
8,67,1,1,1,1,1,18,1,4,0,68,1,0,3
8,67,1,1,1,1,1,21,2,8,0,76,1,2,2
24,86,2,1,2,1,1,23,1,0,1,63,1,1,0
24,86,2,1,2,1,1,18,1,1,0,57,0,2,3
24,86,2,1,2,1,1,22,1,11,1,76,1,2,1
24,86,2,1,2,1,1,22,1,17,1,62,1,0,0
24,86,2,0,1,1,1,23,1,0,1,63,1,1,0
24,86,2,0,1,1,1,18,1,1,0,57,0,2,3
24,86,2,0,1,1,1,22,1,11,1,76,1,2,1
24,86,2,0,1,1,1,22,1,17,1,62,1,0,0
24,86,0,1,1,1,1,23,1,0,1,63,1,1,0
24,86,0,1,1,1,1,18,1,1,0,57,0,2,3
24,86,0,1,1,1,1,22,1,11,1,76,1,2,1
24,86,0,1,1,1,1,22,1,17,1,62,1,0,0
24,86,1,1,1,1,1,23,1,0,1,63,1,1,0
24,86,1,1,1,1,1,18,1,1,0,57,0,2,3
24,86,1,1,1,1,1,22,1,11,1,76,1,2,1
24,86,1,1,1,1,1,22,1,17,1,62,1,0,0
10,72,1,1,1,1,1,22,0,10,0,83,0,1,2
28,99,0,0,1,1,0,28,2,0,1,98,1,2,0
28,99,0,0,1,1,0,25,0,17,1,89,1,1,3
28,99,0,0,1,1,0,20,3,7,1,57,0,2,3
28,99,1,1,1,1,0,28,2,0,1,98,1,2,0
28,99,1,1,1,1,0,25,0,17,1,89,1,1,3
28,99,1,1,1,1,0,20,3,7,1,57,0,2,3
11,74,2,1,0,1,1,22,2,15,0,73,1,1,2
11,74,2,1,0,1,1,19,2,13,0,57,0,2,3
11,74,2,1,0,1,1,25,2,9,0,67,1,2,1
11,74,1,0,0,1,1,22,2,15,0,73,1,1,2
11,74,1,0,0,1,1,19,2,13,0,57,0,2,3
11,74,1,0,0,1,1,25,2,9,0,67,1,2,1
28,67,2,0,0,1,0,18,3,16,1,85,1,2,0
28,67,2,0,0,1,0,27,1,16,1,62,1,2,2
28,67,2,0,0,1,0,28,2,17,1,53,1,2,1
28,67,1,0,2,1,0,18,3,16,1,85,1,2,0
28,67,1,0,2,1,0,27,1,16,1,62,1,2,2
28,67,1,0,2,1,0,28,2,17,1,53,1,2,1
28,67,1,1,1,1,0,18,3,16,1,85,1,2,0
28,67,1,1,1,1,0,27,1,16,1,62,1,2,2
28,67,1,1,1,1,0,28,2,17,1,53,1,2,1
34,75,1,1,1,1,1,23,0,15,1,58,1,2,3
13,60,2,1,1,1,0,23,0,0,1,63,1,1,1
13,60,2,1,1,1,0,28,1,5,1,87,1,2,2
13,60,2,1,1,1,0,23,2,7,1,97,1,0,0
13,60,2,0,1,1,0,23,0,0,1,63,1,1,1
13,60,2,0,1,1,0,28,1,5,1,87,1,2,2
13,60,2,0,1,1,0,23,2,7,1,97,1,0,0
25,66,2,1,0,1,1,19,0,18,1,62,1,2,1
25,66,2,1,0,1,1,20,1,19,1,78,0,2,3
25,66,2,1,0,1,1,25,0,16,0,61,1,2,1
25,66,1,1,1,0,1,19,0,18,1,62,1,2,1
25,66,1,1,1,0,1,20,1,19,1,78,0,2,3
25,66,1,1,1,0,1,25,0,16,0,61,1,2,1
25,66,2,1,1,1,1,19,0,18,1,62,1,2,1
25,66,2,1,1,1,1,20,1,19,1,78,0,2,3
25,66,2,1,1,1,1,25,0,16,0,61,1,2,1
25,66,1,1,1,1,1,19,0,18,1,62,1,2,1
25,66,1,1,1,1,1,20,1,19,1,78,0,2,3
25,66,1,1,1,1,1,25,0,16,0,61,1,2,1
6,73,1,0,0,1,0,19,0,9,1,91,1,1,2
6,73,1,0,0,1,0,18,1,9,1,55,0,2,0
37,69,2,1,1,0,0,21,1,14,1,82,0,1,0
7,72,1,1,1,1,1,19,0,12,0,79,1,2,1
7,72,1,1,1,1,1,20,0,3,1,76,0,1,1
8,97,2,1,2,1,0,23,3,14,1,75,1,0,3
8,97,2,1,2,1,0,28,2,6,0,62,0,1,2
8,97,2,1,2,1,0,27,1,8,0,56,1,1,3
8,98,1,1,1,1,0,25,0,19,1,86,1,1,1
8,98,1,1,1,1,0,29,2,6,0,74,1,2,0
34,87,0,0,2,1,1,18,2,0,0,78,1,2,0
34,87,0,0,2,1,1,27,2,19,1,92,1,1,2
10,71,2,1,1,1,1,22,3,10,1,52,1,2,1
38,90,1,1,0,1,1,22,2,13,1,68,1,0,1
13,76,1,1,2,1,1,19,1,18,0,97,1,2,1
13,76,1,1,2,1,1,23,3,19,1,75,1,2,1
13,76,1,1,2,1,1,24,3,14,0,82,1,2,2
18,60,2,0,0,1,1,29,1,16,1,56,0,2,1
18,60,2,0,0,1,1,25,1,16,0,86,1,2,1
18,60,2,0,0,1,1,22,1,2,1,86,1,2,0
12,85,2,1,1,1,1,28,2,12,0,67,1,2,2
12,85,2,1,1,1,1,26,2,1,1,80,1,2,0
12,85,2,1,1,1,1,25,2,10,1,74,1,1,3
12,85,1,1,2,1,1,28,2,12,0,67,1,2,2
12,85,1,1,2,1,1,26,2,1,1,80,1,2,0
12,85,1,1,2,1,1,25,2,10,1,74,1,1,3
12,85,2,0,0,1,1,28,2,12,0,67,1,2,2
12,85,2,0,0,1,1,26,2,1,1,80,1,2,0
12,85,2,0,0,1,1,25,2,10,1,74,1,1,3
12,85,1,1,1,1,1,28,2,12,0,67,1,2,2
12,85,1,1,1,1,1,26,2,1,1,80,1,2,0
12,85,1,1,1,1,1,25,2,10,1,74,1,1,3
26,82,1,1,1,1,1,24,0,15,1,53,1,1,2
26,82,1,1,1,1,1,19,2,0,1,86,1,1,3
26,82,1,0,0,1,1,24,0,15,1,53,1,1,2
26,82,1,0,0,1,1,19,2,0,1,86,1,1,3
22,78,2,1,2,1,0,21,0,16,1,80,1,1,1
22,78,2,1,2,1,0,24,1,2,1,100,1,1,3
7,74,1,1,0,1,0,21,3,19,1,51,1,2,0
7,74,1,1,0,1,0,28,3,11,1,89,0,2,2
29,72,1,0,0,1,0,18,1,14,1,66,1,2,2
11,73,0,1,2,1,0,23,2,9,1,77,1,1,2
11,73,0,1,2,1,0,27,1,2,0,85,1,0,0
7,79,2,1,1,1,1,23,0,14,1,55,1,2,2
7,79,2,1,1,1,1,28,3,12,0,64,1,2,0
30,83,1,1,1,1,0,22,3,2,0,90,1,2,1
30,83,1,1,1,1,0,23,0,13,0,85,1,2,1
30,83,1,1,1,1,0,25,2,16,1,56,1,1,0
30,83,1,1,1,1,0,28,1,13,1,54,0,1,0
34,91,0,0,1,1,1,21,0,17,0,90,1,1,3
34,91,0,0,1,1,1,26,3,10,1,67,0,2,0
34,91,1,0,1,0,1,21,0,17,0,90,1,1,3
34,91,1,0,1,0,1,26,3,10,1,67,0,2,0
7,63,1,0,1,1,0,27,0,16,1,58,0,2,1
7,63,1,0,1,1,0,29,1,0,1,59,0,1,3
7,63,1,0,1,1,0,21,0,9,1,74,1,0,1
7,63,1,0,1,1,0,23,3,6,1,78,1,2,3
7,86,1,0,1,1,1,26,3,9,1,60,1,0,3
7,86,1,0,1,1,1,21,0,15,0,62,1,2,0
34,97,1,0,1,1,1,19,2,14,1,60,1,2,1
34,97,1,0,1,1,1,24,0,14,1,63,1,1,1
34,97,1,0,1,1,1,27,3,1,0,61,1,0,2
34,97,1,0,1,1,1,29,0,5,1,71,1,0,3
13,97,1,1,1,1,1,19,0,0,1,98,1,1,0
13,97,1,1,1,1,1,23,2,20,0,60,1,0,1
34,92,1,0,0,1,0,27,1,0,1,81,1,1,1
34,92,1,0,0,1,0,21,0,9,1,92,0,1,2
18,90,0,0,2,1,1,22,0,13,1,93,1,2,0
18,90,0,0,2,1,1,29,1,18,0,54,1,2,0
18,90,0,0,2,1,1,26,3,5,0,76,1,2,1
18,90,2,0,2,1,1,22,0,13,1,93,1,2,0
18,90,2,0,2,1,1,29,1,18,0,54,1,2,0
18,90,2,0,2,1,1,26,3,5,0,76,1,2,1
18,90,1,0,1,1,1,22,0,13,1,93,1,2,0
18,90,1,0,1,1,1,29,1,18,0,54,1,2,0
18,90,1,0,1,1,1,26,3,5,0,76,1,2,1
18,90,1,1,0,1,1,22,0,13,1,93,1,2,0
18,90,1,1,0,1,1,29,1,18,0,54,1,2,0
18,90,1,1,0,1,1,26,3,5,0,76,1,2,1
11,90,0,1,0,1,1,20,2,2,1,63,1,2,3
9,88,1,1,0,1,1,26,0,13,0,99,1,2,3
18,100,0,0,0,1,0,23,0,7,1,62,1,1,2
18,100,0,0,0,1,0,25,3,19,1,66,1,2,0
35,86,1,0,1,1,0,23,2,12,0,100,0,0,0
34,79,0,1,0,1,1,27,3,4,1,52,1,1,2
34,79,0,1,0,1,1,22,2,4,1,96,1,2,0
34,79,0,1,0,1,1,25,2,10,0,57,0,2,0
34,79,0,1,0,1,1,22,3,8,1,76,0,0,2
8,82,0,0,1,1,1,22,3,14,1,72,1,2,3
8,82,0,0,1,1,1,22,1,4,1,75,1,1,1
8,82,0,0,1,1,1,28,1,2,1,66,1,0,0
31,77,1,0,1,1,1,26,0,0,1,81,0,2,0
8,91,0,0,1,1,0,25,0,19,0,85,1,2,0
8,91,0,0,1,1,0,29,0,13,0,96,1,1,0
8,91,0,0,1,1,0,28,3,14,1,50,1,2,1
8,91,0,0,1,1,0,22,2,2,1,57,1,1,3
14,99,1,0,0,1,1,23,0,11,1,88,1,2,1
14,99,1,0,0,1,1,22,2,19,1,88,1,2,0
14,99,1,0,0,1,1,20,2,15,0,95,1,2,1
14,99,1,1,1,1,1,23,0,11,1,88,1,2,1
14,99,1,1,1,1,1,22,2,19,1,88,1,2,0
14,99,1,1,1,1,1,20,2,15,0,95,1,2,1
9,72,2,1,1,0,0,22,0,2,1,86,0,2,0
15,60,1,0,0,1,0,28,3,14,1,86,1,2,3
15,60,1,0,0,1,0,26,2,16,0,81,1,1,1
15,60,1,0,0,1,0,28,3,0,0,84,0,0,0
15,60,1,0,0,1,0,19,0,5,1,66,1,1,0
34,78,2,1,1,1,1,18,0,0,1,60,1,0,0
34,78,2,1,1,1,1,20,2,12,1,63,1,1,1
31,82,1,1,1,0,1,23,0,15,0,60,1,1,1
31,82,1,1,1,0,1,22,2,18,0,54,1,1,2
31,82,2,1,1,1,1,23,0,15,0,60,1,1,1
31,82,2,1,1,1,1,22,2,18,0,54,1,1,2
38,80,1,0,1,1,0,19,3,18,1,51,0,1,0
38,80,1,0,1,1,0,18,2,18,1,93,1,1,1
38,80,1,0,1,1,0,21,0,15,1,85,1,0,0
38,80,1,0,1,1,0,18,3,17,1,68,0,2,0
31,79,2,0,1,1,1,23,1,20,1,59,1,2,1
31,79,2,0,1,1,1,22,3,4,0,51,1,0,3
25,100,0,0,0,1,1,25,1,10,1,81,1,2,0
25,100,0,0,0,1,1,23,0,10,0,72,0,2,3
11,78,2,1,1,1,0,19,0,9,0,56,1,1,0
11,78,2,1,1,1,0,21,2,6,1,80,1,2,0
11,78,2,1,1,1,0,25,2,18,0,100,1,2,0
11,78,2,1,1,1,0,27,2,14,1,65,1,1,3
11,78,2,1,1,1,0,28,0,15,1,59,1,1,1
11,78,2,1,1,1,0,18,1,19,1,71,1,2,3
11,78,2,1,1,1,0,27,2,8,0,66,1,2,1
11,78,0,1,0,1,0,19,0,9,0,56,1,1,0
11,78,0,1,0,1,0,21,2,6,1,80,1,2,0
11,78,0,1,0,1,0,25,2,18,0,100,1,2,0
11,78,0,1,0,1,0,27,2,14,1,65,1,1,3
11,78,0,1,0,1,0,28,0,15,1,59,1,1,1
11,78,0,1,0,1,0,18,1,19,1,71,1,2,3
11,78,0,1,0,1,0,27,2,8,0,66,1,2,1
11,78,2,0,0,1,0,19,0,9,0,56,1,1,0
11,78,2,0,0,1,0,21,2,6,1,80,1,2,0
11,78,2,0,0,1,0,25,2,18,0,100,1,2,0
11,78,2,0,0,1,0,27,2,14,1,65,1,1,3
11,78,2,0,0,1,0,28,0,15,1,59,1,1,1
11,78,2,0,0,1,0,18,1,19,1,71,1,2,3
11,78,2,0,0,1,0,27,2,8,0,66,1,2,1
15,70,2,0,2,1,1,26,2,6,0,94,1,2,3
15,70,2,0,2,1,1,24,2,19,0,70,0,0,2
15,70,2,0,2,1,1,24,0,18,1,72,1,2,1
15,70,2,0,2,1,1,25,1,4,1,75,1,2,2
15,70,1,0,0,1,1,26,2,6,0,94,1,2,3
15,70,1,0,0,1,1,24,2,19,0,70,0,0,2
15,70,1,0,0,1,1,24,0,18,1,72,1,2,1
15,70,1,0,0,1,1,25,1,4,1,75,1,2,2
27,84,2,0,0,1,0,23,3,7,1,54,0,1,1
36,70,2,0,1,1,1,25,0,18,1,56,1,0,1
12,71,2,1,0,1,0,25,1,2,0,90,1,1,0
12,71,2,1,0,1,0,26,1,8,1,66,0,2,2
12,71,2,1,2,1,0,25,1,2,0,90,1,1,0
12,71,2,1,2,1,0,26,1,8,1,66,0,2,2
28,96,1,0,2,1,1,21,2,5,1,69,1,2,2
28,96,1,0,2,1,1,20,1,9,1,72,1,2,3
28,96,1,0,2,1,1,21,2,10,1,87,0,2,2
28,96,0,1,2,1,1,21,2,5,1,69,1,2,2
28,96,0,1,2,1,1,20,1,9,1,72,1,2,3
28,96,0,1,2,1,1,21,2,10,1,87,0,2,2
25,68,1,1,0,1,0,22,1,2,1,98,1,0,3
25,68,1,0,0,1,0,22,1,2,1,98,1,0,3
10,98,1,0,0,0,0,21,1,15,1,90,1,2,3
10,98,1,0,0,0,0,22,1,12,1,91,1,2,3
10,98,0,1,0,1,0,21,1,15,1,90,1,2,3
10,98,0,1,0,1,0,22,1,12,1,91,1,2,3
7,93,2,1,2,1,0,21,1,9,0,98,1,1,2
7,93,2,1,2,1,0,21,2,18,0,94,0,0,1
10,100,1,0,0,1,0,25,1,16,1,98,1,2,0
9,89,0,0,2,1,0,21,0,6,1,84,1,0,0
9,89,0,0,2,1,0,22,1,1,1,72,1,1,3
13,62,1,1,1,1,1,20,3,14,0,85,1,1,0
13,62,1,1,1,1,1,28,0,5,0,54,0,0,1
13,62,1,1,1,1,1,18,3,13,0,86,0,2,2
13,62,1,1,1,1,1,18,2,0,0,55,1,2,1
13,62,0,0,2,1,1,20,3,14,0,85,1,1,0
13,62,0,0,2,1,1,28,0,5,0,54,0,0,1
13,62,0,0,2,1,1,18,3,13,0,86,0,2,2
13,62,0,0,2,1,1,18,2,0,0,55,1,2,1
35,63,2,1,0,1,1,23,2,5,0,92,1,2,1
35,63,2,1,0,1,1,19,1,12,0,68,1,0,2
30,92,1,1,1,1,1,22,2,15,0,58,1,0,2
7,88,2,1,1,1,0,22,0,8,1,64,1,1,0
7,88,2,1,1,1,0,21,3,15,0,65,0,2,2
9,90,1,1,1,1,1,19,0,8,1,95,0,0,1
9,90,1,1,1,1,1,29,1,15,1,70,0,1,1
9,90,2,1,0,1,1,19,0,8,1,95,0,0,1
9,90,2,1,0,1,1,29,1,15,1,70,0,1,1
25,79,0,1,1,1,1,21,3,17,1,88,0,2,0
25,79,0,1,1,1,1,28,1,15,1,89,0,2,3
25,79,1,0,0,0,1,21,3,17,1,88,0,2,0
25,79,1,0,0,0,1,28,1,15,1,89,0,2,3
30,71,0,0,0,1,0,27,0,8,0,96,0,2,3
30,71,2,0,0,1,0,27,0,8,0,96,0,2,3
13,66,1,1,0,1,0,22,2,13,0,95,1,0,3
13,66,1,1,0,1,0,25,3,14,1,93,1,2,2
28,65,1,0,2,0,0,24,0,1,1,97,1,2,0
24,83,0,0,1,1,1,20,0,13,1,76,1,1,1
24,83,0,0,1,1,1,29,3,10,1,51,0,1,0
24,83,1,0,2,1,1,20,0,13,1,76,1,1,1
24,83,1,0,2,1,1,29,3,10,1,51,0,1,0
32,91,1,1,1,1,0,19,0,9,0,81,1,1,3
6,76,1,1,1,1,1,29,0,1,0,81,0,2,0
26,79,2,1,2,1,0,29,0,0,1,73,0,2,2
26,79,2,1,2,1,0,19,2,4,0,93,1,0,0
26,79,2,1,2,1,0,18,2,5,0,82,1,2,0
26,79,2,1,2,1,0,28,1,2,0,83,1,1,0
26,79,2,1,2,1,0,21,3,3,0,60,0,2,1
32,64,2,1,0,0,0,18,2,20,1,58,1,2,3
32,64,2,1,0,0,0,19,3,0,1,95,0,2,3
32,64,2,1,0,0,0,27,1,11,1,65,0,2,0
32,64,2,1,0,0,0,19,3,0,0,50,1,2,3
12,97,1,1,1,0,1,29,2,6,1,64,1,1,3
12,97,0,1,1,1,1,29,2,6,1,64,1,1,3
7,68,1,0,1,1,0,22,2,17,0,99,0,0,1
7,68,1,0,1,1,0,23,1,6,1,90,0,2,1
24,85,0,1,1,1,1,21,0,9,1,62,1,2,3
24,85,0,1,1,1,1,29,2,14,0,99,0,2,2
24,85,0,1,1,1,1,24,1,13,0,77,0,2,3
11,75,2,0,1,1,0,18,1,18,1,78,1,0,0
11,75,1,0,1,0,0,18,1,18,1,78,1,0,0
35,67,2,1,0,1,1,23,3,17,1,58,1,2,2
12,90,1,1,0,1,0,21,3,20,1,59,0,2,3
12,90,1,1,0,1,0,22,2,17,0,61,0,2,0
12,90,1,1,0,1,0,29,3,17,0,58,1,0,0
12,90,1,1,0,1,0,19,3,12,0,92,1,0,3
12,90,1,1,0,1,0,27,2,19,1,52,1,0,0
12,90,1,1,0,1,0,18,0,9,1,67,0,1,2
12,90,1,1,0,1,0,23,2,5,0,50,1,0,3
12,90,1,1,0,1,0,24,0,20,0,95,1,2,3
12,90,2,0,0,1,0,21,3,20,1,59,0,2,3
12,90,2,0,0,1,0,22,2,17,0,61,0,2,0
12,90,2,0,0,1,0,29,3,17,0,58,1,0,0
12,90,2,0,0,1,0,19,3,12,0,92,1,0,3
12,90,2,0,0,1,0,27,2,19,1,52,1,0,0
12,90,2,0,0,1,0,18,0,9,1,67,0,1,2
12,90,2,0,0,1,0,23,2,5,0,50,1,0,3
12,90,2,0,0,1,0,24,0,20,0,95,1,2,3
27,60,2,0,2,1,0,28,1,4,1,59,1,1,2
27,60,2,0,2,1,0,27,2,14,1,86,1,2,0
27,60,2,0,0,1,0,28,1,4,1,59,1,1,2
27,60,2,0,0,1,0,27,2,14,1,86,1,2,0
10,75,2,1,1,1,1,27,1,7,1,82,1,2,0
10,75,2,1,1,1,1,21,0,1,1,67,1,0,0
10,75,1,1,1,1,1,27,1,7,1,82,1,2,0
10,75,1,1,1,1,1,21,0,1,1,67,1,0,0
5,97,0,1,1,1,0,20,3,8,1,84,0,0,3
10,91,2,1,1,1,1,27,3,1,1,89,1,0,1
29,81,1,1,1,0,0,19,2,13,0,81,0,1,1
29,81,1,1,1,0,0,20,0,16,0,68,1,2,2
28,96,2,0,2,0,0,25,3,15,0,90,1,1,1
35,91,1,1,0,1,1,18,1,12,0,100,1,1,2
35,91,1,1,0,1,1,24,0,13,0,67,1,2,3
35,91,1,1,0,1,1,26,3,8,1,72,1,1,3
35,91,1,1,0,1,1,24,0,10,1,56,0,1,0
35,91,1,1,0,1,1,29,0,0,1,62,1,2,0
35,91,1,1,0,1,1,29,1,18,1,77,1,1,3
7,89,0,1,1,1,1,22,3,5,1,80,1,2,1
7,89,0,1,1,1,1,24,3,18,1,55,0,2,3
9,88,1,1,1,1,0,27,1,2,0,50,1,2,0
32,83,1,1,1,0,0,25,2,3,1,98,1,0,2
32,83,1,1,1,0,0,20,1,1,0,60,1,1,0
32,83,1,1,1,0,0,29,0,8,0,57,1,0,1
32,83,1,1,1,0,0,26,1,9,1,86,1,0,2
5,73,0,1,2,1,1,29,1,0,1,54,1,2,1
5,73,0,1,2,1,1,23,2,9,1,73,1,2,0
5,73,0,1,2,1,1,21,2,11,1,94,1,1,2
39,78,1,0,1,1,1,27,1,15,1,79,1,1,3
39,78,1,0,1,1,1,22,0,7,1,64,1,2,0
16,85,2,1,0,1,0,22,1,18,0,99,0,2,2
16,85,2,1,0,1,0,29,0,14,0,94,1,1,1
6,66,1,1,0,1,1,22,2,7,1,95,0,1,1
6,66,1,1,0,1,1,24,3,15,1,54,0,2,3
6,66,1,1,0,1,1,25,0,9,1,64,1,2,2
36,89,0,1,0,1,1,22,0,14,1,79,1,2,2
36,89,0,1,0,1,1,27,2,1,0,69,1,1,1
5,93,0,0,1,1,1,28,2,7,1,63,1,1,2
5,93,0,0,1,1,1,27,1,18,0,59,1,2,1
5,93,0,0,1,1,1,27,1,13,1,62,1,1,2
5,93,0,0,1,1,1,24,3,5,1,87,1,1,1
10,65,2,0,1,1,0,20,1,13,1,71,1,2,0
10,65,2,0,1,1,0,20,2,9,0,73,1,2,2
13,78,2,0,2,1,0,26,1,11,1,61,1,2,3
9,81,1,1,1,1,0,18,1,20,0,95,1,2,1
9,81,1,1,1,1,0,22,3,4,1,77,1,2,1
9,81,1,1,1,1,0,22,3,20,0,100,0,2,2
29,60,2,0,1,1,1,25,0,17,1,77,0,0,3
29,60,2,0,1,1,1,24,3,5,0,50,1,2,0
29,60,2,0,1,1,1,29,0,8,1,64,0,2,0
11,68,1,1,1,1,1,22,1,5,1,69,0,2,0
11,68,2,1,2,0,1,22,1,5,1,69,0,2,0
38,98,1,0,1,1,0,18,0,5,1,74,0,2,0
38,98,1,0,1,1,0,22,2,14,0,75,1,1,2
38,98,1,0,1,1,0,28,2,12,0,51,0,0,1
38,98,1,0,1,1,0,26,3,19,1,86,1,2,1
9,93,0,1,1,1,1,29,0,8,1,84,0,2,1
6,80,1,1,0,1,1,19,1,7,0,100,1,1,1
6,80,1,1,0,1,1,18,0,9,1,80,0,1,2
30,68,2,1,2,1,0,23,2,19,1,84,0,1,3
6,92,1,1,1,1,1,20,1,6,1,67,1,0,3
6,92,1,1,1,1,1,20,0,1,1,70,0,2,1
6,92,1,1,1,1,1,19,1,8,0,64,1,1,3
5,61,1,0,2,1,1,20,2,14,0,71,0,2,3
5,61,1,0,2,1,1,26,1,15,0,55,1,0,0
5,61,1,0,2,1,1,19,1,0,1,52,1,2,2
9,67,2,1,1,1,1,27,1,13,0,86,0,2,1
9,67,2,1,1,1,1,22,1,13,0,54,1,1,1
9,67,2,1,1,1,1,22,3,0,1,62,1,1,3
6,83,1,0,1,1,0,29,1,17,0,77,1,0,2
6,83,1,0,1,1,0,27,0,14,1,92,1,2,0
6,83,1,0,1,1,0,21,3,8,1,84,1,2,0
30,99,1,0,1,1,1,18,1,6,0,88,1,2,2
30,99,1,0,1,1,1,20,2,9,0,88,1,1,3
30,99,1,0,1,1,1,20,3,10,1,56,1,2,0
30,99,1,1,1,1,1,18,1,6,0,88,1,2,2
30,99,1,1,1,1,1,20,2,9,0,88,1,1,3
30,99,1,1,1,1,1,20,3,10,1,56,1,2,0
27,76,2,1,1,1,0,28,3,3,0,90,0,0,0
27,76,2,1,1,1,0,25,0,1,0,63,1,0,1
27,76,2,0,1,1,0,28,3,3,0,90,0,0,0
27,76,2,0,1,1,0,25,0,1,0,63,1,0,1
27,76,1,0,1,1,0,28,3,3,0,90,0,0,0
27,76,1,0,1,1,0,25,0,1,0,63,1,0,1
33,66,1,0,1,1,1,27,3,9,0,91,1,0,1
33,66,1,0,1,1,1,22,2,5,1,95,1,2,2
33,66,1,0,1,1,1,26,2,13,1,68,0,2,0
33,66,1,0,1,1,1,20,1,1,1,80,1,0,2
27,100,1,1,0,1,0,22,1,11,1,78,0,1,0
27,100,1,1,0,1,0,18,3,20,1,61,0,2,2
33,78,0,0,1,1,1,22,1,17,0,60,1,1,0
33,78,0,0,1,1,1,25,3,18,0,95,1,0,1
33,78,0,0,1,1,1,24,0,11,0,67,1,2,0
33,78,1,0,1,1,1,22,1,17,0,60,1,1,0
33,78,1,0,1,1,1,25,3,18,0,95,1,0,1
33,78,1,0,1,1,1,24,0,11,0,67,1,2,0
7,94,0,1,2,1,0,28,0,0,1,67,1,0,0
7,94,0,1,2,1,0,29,3,10,1,70,0,2,3
32,90,1,1,2,1,1,25,3,4,1,53,1,2,3
30,97,1,1,2,1,0,27,0,5,1,79,1,0,3
30,97,1,1,2,1,0,23,2,6,1,68,1,1,0
30,97,1,1,2,1,0,23,0,0,0,78,1,2,1
30,97,1,1,2,1,0,25,2,12,0,78,1,2,3
30,97,1,1,2,1,0,28,1,15,1,56,1,1,1
15,94,1,1,0,1,0,20,2,6,0,66,1,2,3
15,94,1,1,0,1,0,21,0,4,1,94,1,0,1
27,93,0,1,0,1,1,23,0,15,0,81,1,1,1
13,72,2,0,0,1,0,22,3,14,1,89,0,2,0
13,72,2,0,0,1,0,29,3,17,0,70,1,2,3
33,61,0,1,1,1,1,25,2,0,1,75,1,1,3
12,86,1,1,0,0,0,27,2,19,1,58,0,1,0
12,86,1,1,0,0,0,28,3,11,0,77,1,0,2
12,86,1,1,0,0,0,23,3,6,1,69,1,2,0
36,82,0,1,1,1,1,21,2,6,0,54,1,1,0
36,82,0,1,1,1,1,20,2,15,1,71,0,0,1
36,82,0,1,1,1,1,18,0,3,0,63,0,0,1
36,82,0,1,1,1,1,25,1,14,1,71,1,2,1
34,99,1,1,1,1,1,24,2,2,0,68,1,0,2
22,100,1,0,1,1,1,25,1,4,1,57,1,1,0
27,80,1,0,0,1,0,29,1,14,1,71,1,0,1
27,80,1,0,0,1,0,23,2,13,0,58,1,2,3
29,79,2,0,1,1,0,29,1,3,0,69,1,2,1
29,79,2,0,1,1,0,22,2,2,0,88,1,1,2
29,79,2,0,1,1,0,19,0,17,1,90,1,2,3
11,77,0,1,0,1,1,25,1,18,0,87,1,2,3
11,77,0,1,0,1,1,19,2,5,1,81,0,1,3
11,77,0,1,0,1,1,18,1,20,0,62,0,0,3
11,77,0,1,0,1,1,21,3,13,0,84,1,2,3
31,95,1,0,1,1,0,28,2,11,1,98,1,2,3
15,80,1,1,0,1,1,18,2,8,0,96,1,2,1
15,80,1,1,0,1,1,28,0,18,1,50,1,2,2
15,80,1,1,0,1,1,25,0,18,1,53,0,2,3
15,80,1,1,0,1,1,27,2,9,1,80,1,2,1
15,80,2,1,1,1,1,18,2,8,0,96,1,2,1
15,80,2,1,1,1,1,28,0,18,1,50,1,2,2
15,80,2,1,1,1,1,25,0,18,1,53,0,2,3
15,80,2,1,1,1,1,27,2,9,1,80,1,2,1
17,74,0,1,0,1,0,19,0,8,1,95,1,0,1
17,74,0,1,0,1,0,26,2,14,1,73,0,1,1
17,74,0,1,0,1,0,25,2,4,1,74,1,1,2
17,74,1,0,1,1,0,19,0,8,1,95,1,0,1
17,74,1,0,1,1,0,26,2,14,1,73,0,1,1
17,74,1,0,1,1,0,25,2,4,1,74,1,1,2
11,95,1,1,1,0,0,27,0,4,1,50,1,0,1
11,95,1,1,1,0,0,27,1,12,1,91,1,1,2
11,95,1,1,0,1,0,27,0,4,1,50,1,0,1
11,95,1,1,0,1,0,27,1,12,1,91,1,1,2
31,73,2,1,2,1,0,21,2,5,1,65,1,0,2
12,93,2,0,1,1,0,29,3,3,0,50,1,2,3
12,93,2,0,1,1,0,22,2,5,0,77,0,1,0
12,93,2,0,1,1,0,18,1,2,1,95,1,1,1
12,93,2,0,1,1,0,19,1,17,0,55,1,2,0
32,94,2,1,2,1,1,19,2,12,1,82,1,1,2
32,94,2,1,2,1,1,19,0,8,1,97,1,1,3
34,93,1,1,2,1,1,19,0,11,0,82,1,2,3
29,93,1,0,1,1,0,18,1,10,0,60,0,0,1
29,93,1,0,1,1,0,22,2,0,0,53,1,2,2
29,93,1,0,1,1,0,18,1,5,1,55,1,0,0
29,93,1,0,1,1,0,25,3,12,1,59,1,2,1
10,94,2,0,1,1,0,24,2,8,1,96,1,2,1
10,94,2,0,1,1,0,23,1,14,1,78,1,1,3
10,94,2,0,1,1,0,24,1,0,1,85,1,1,2
20,91,1,1,2,1,0,24,0,3,1,85,1,0,0
28,88,2,1,1,1,0,20,0,17,1,76,1,1,2
5,96,0,1,0,1,1,22,0,3,1,86,1,1,2
5,96,0,1,0,1,1,25,3,14,1,66,1,2,1
5,96,0,1,0,1,1,23,1,6,1,76,1,2,0
5,96,0,1,0,1,1,27,3,16,0,92,0,1,1
5,96,0,1,0,1,1,25,0,12,0,80,1,2,1
28,68,0,1,1,1,1,29,0,15,1,94,1,1,1
28,68,0,1,1,1,1,20,0,20,1,89,1,2,0
28,68,0,1,1,1,1,29,2,12,1,68,0,2,3
28,68,0,1,1,1,1,29,2,1,0,50,1,2,3
28,68,1,1,1,1,1,29,0,15,1,94,1,1,1
28,68,1,1,1,1,1,20,0,20,1,89,1,2,0
28,68,1,1,1,1,1,29,2,12,1,68,0,2,3
28,68,1,1,1,1,1,29,2,1,0,50,1,2,3
10,88,1,0,1,1,0,19,3,8,1,58,1,2,2
10,88,1,0,1,1,0,20,1,7,1,66,0,2,0
36,90,2,1,0,1,1,25,0,18,1,54,0,0,1
7,73,1,1,1,1,1,22,2,4,1,74,1,2,3
34,82,2,1,2,1,0,20,2,0,1,68,0,2,2
28,85,1,1,1,1,0,19,2,12,1,91,0,2,2
28,85,1,1,1,1,0,27,2,18,1,54,1,2,1
37,96,1,0,1,1,0,20,0,19,1,61,1,2,3
37,96,1,0,1,1,0,21,1,1,0,76,1,2,2
37,96,1,0,1,1,0,26,0,12,1,97,1,1,3
8,65,1,0,0,1,0,22,1,14,0,68,1,2,3
8,65,1,0,0,1,0,23,2,17,1,89,1,0,1
8,65,1,0,0,1,0,28,1,12,1,53,1,2,3
8,65,1,0,0,1,0,23,1,2,1,76,1,2,3
8,64,1,1,1,1,1,19,1,3,1,91,1,2,3
8,64,1,1,1,1,1,24,0,10,1,53,1,2,2
8,64,1,1,1,1,1,22,2,7,0,68,1,2,1
6,84,1,1,1,1,1,19,3,11,1,55,1,2,1
32,94,2,1,1,1,0,18,2,3,1,52,1,1,3
32,94,2,1,1,1,0,27,2,18,0,65,0,1,0
32,94,2,1,1,1,0,28,3,5,0,84,1,1,0
28,90,0,1,1,1,1,24,2,9,1,71,0,2,1
28,90,0,1,1,1,1,22,0,14,0,58,0,2,0
8,96,1,1,2,1,1,23,2,8,1,84,0,1,3
8,96,1,1,2,1,1,19,0,13,1,63,0,2,0
8,96,1,1,2,1,1,28,0,0,0,60,1,1,0
28,93,1,0,2,1,1,20,1,18,1,84,1,2,0
28,93,1,0,2,1,1,23,0,3,0,54,1,2,2
29,75,1,1,0,1,1,18,2,13,1,69,1,0,1
29,75,1,1,0,1,1,28,0,4,1,93,0,2,3
9,78,1,0,0,1,0,24,2,12,1,85,1,1,0
6,67,0,1,0,1,1,24,1,8,1,93,1,2,1
6,67,0,1,0,1,1,23,2,3,0,77,1,2,2
13,75,2,1,1,1,0,22,1,1,1,65,1,0,1
13,75,2,1,1,1,0,20,1,11,1,100,1,2,3
6,88,2,1,1,1,1,21,3,2,1,96,1,1,3
26,87,2,0,0,1,0,22,0,13,1,53,1,2,3
35,84,1,1,2,1,1,25,3,16,0,93,1,2,1
29,65,1,1,1,0,0,21,0,1,1,68,1,1,1
29,65,1,1,1,0,0,22,2,16,0,60,1,1,3
12,91,0,1,0,1,1,18,0,15,1,59,0,2,0
33,95,0,1,0,1,0,28,3,17,1,70,1,0,2
33,95,0,1,0,1,0,19,2,1,0,52,1,2,0
33,95,0,1,0,1,0,18,3,6,1,99,1,2,3
33,95,0,1,0,1,0,19,0,7,0,77,0,2,3
33,95,0,1,0,1,0,26,2,6,1,77,0,0,0
30,62,0,1,1,1,0,27,0,18,1,67,0,2,3
30,62,0,1,1,1,0,22,2,2,1,100,1,2,1
30,62,0,1,1,1,0,23,3,12,1,72,1,1,2
22,90,2,0,1,1,0,23,3,0,1,80,0,0,2
22,90,2,0,1,1,0,29,2,16,0,50,1,2,2
10,86,2,1,2,1,0,18,2,8,1,66,1,2,1
